device_number,epoch_time_utc,active_seconds,device_coherence,significance
337,1775001659,3600,99.2027,Normal
337,1775001719,3600,78.7666,Normal
337,1775001779,3600,64.6452,Normal
337,1775001839,3600,117.1355,Normal
337,1775001899,3600,112.512,Normal
337,1775001959,3600,120.0629,Normal
337,1775002019,3600,134.6743,Normal
337,1775002079,3600,165.9371,Normal
337,1775002139,3600,140.6636,Normal
337,1775002199,3600,105.4618,Normal
337,1775002259,3600,52.7629,Normal
337,1775002319,3600,80.5913,Normal
337,1775002379,3600,71.3057,Normal
337,1775002439,3600,33.4403,Normal
337,1775002499,3600,49.907,Normal
337,1775002559,3600,88.4326,Normal
337,1775002619,3600,99.0509,Normal
337,1775002679,3600,158.323,Normal
337,1775002739,3600,157.9035,Normal
337,1775002799,3600,207.8106,Normal
337,1775002859,3600,194.3968,Normal
337,1775002919,3600,162.5458,Normal
337,1775002979,3600,156.9495,Normal
337,1775003039,3600,124.6438,Normal
337,1775003099,3600,164.6883,Normal
337,1775003159,3600,132.0025,Normal
337,1775003219,3600,124.7282,Normal
337,1775003279,3600,158.7622,Normal
337,1775003339,3600,144.5505,Normal
337,1775003399,3600,161.4735,Normal
337,1775003459,3600,170.6956,Normal
337,1775003519,3600,166.1601,Normal
337,1775003579,3600,169.7505,Normal
337,1775003639,3600,171.7684,Normal
337,1775003699,3600,168.5,Normal
337,1775003759,3600,159.6188,Normal
337,1775003819,3600,126.8687,Normal
337,1775003879,3600,75.1986,Normal
337,1775003939,3600,89.1209,Normal
337,1775003999,3600,68.4961,Normal
337,1775004059,3600,98.1489,Normal
337,1775004119,3600,114.6075,Normal
337,1775004179,3600,117.2705,Normal
337,1775004239,3600,109.9773,Normal
337,1775004299,3600,92.2784,Normal
337,1775004359,3600,107.656,Normal
337,1775004419,3600,96.2111,Normal
337,1775004479,3600,127.1427,Normal
337,1775004539,3600,136.1101,Normal
337,1775004599,3600,133.3666,Normal
337,1775004659,3600,117.2786,Normal
337,1775004719,3600,108.345,Normal
337,1775004779,3600,136.4626,Normal
337,1775004839,3600,94.9702,Normal
337,1775004899,3600,136.9049,Normal
337,1775004959,3600,137.2825,Normal
337,1775005019,3600,148.1615,Normal
337,1775005079,3600,115.9707,Normal
337,1775005139,3600,104.247,Normal
337,1775005199,3600,80.4892,Normal
337,1775005259,3600,96.8147,Normal
337,1775005319,3600,133.9502,Normal
337,1775005379,3600,123.9573,Normal
337,1775005439,3600,74.2295,Normal
337,1775005499,3600,102.5168,Normal
337,1775005559,3600,121.2368,Normal
337,1775005619,3600,93.6333,Normal
337,1775005679,3600,35.0515,Normal
337,1775005739,3600,61.8285,Normal
337,1775005799,3600,106.2723,Normal
337,1775005859,3600,149.2421,Normal
337,1775005919,3600,140.6706,Normal
337,1775005979,3600,138.169,Normal
337,1775006039,3600,175.1968,Normal
337,1775006099,3600,191.6469,Normal
337,1775006159,3600,203.4534,Normal
337,1775006219,3600,231.0386,Normal
337,1775006279,3600,196.04,Normal
337,1775006339,3600,167.5626,Normal
337,1775006399,3600,119.6187,Normal
337,1775006459,3600,174.4931,Normal
337,1775006519,3600,166.7792,Normal
337,1775006579,3600,177.4866,Normal
337,1775006639,3600,141.0155,Normal
337,1775006699,3600,121.8504,Normal
337,1775006759,3600,141.7253,Normal
337,1775006819,3600,156.7638,Normal
337,1775006879,3600,121.6158,Normal
337,1775006939,3600,141.5861,Normal
337,1775006999,3600,116.4345,Normal
337,1775007059,3600,113.7693,Normal
337,1775007119,3600,103.5555,Normal
337,1775007179,3600,89.1621,Normal
337,1775007239,3600,94.2991,Normal
337,1775007299,3600,77.02,Normal
337,1775007359,3600,70.2841,Normal
337,1775007419,3600,68.6346,Normal
337,1775007479,3600,91.1608,Normal
337,1775007539,3600,112.0376,Normal
337,1775007599,3600,127.3695,Normal
337,1775007659,3600,97.8721,Normal
337,1775007719,3600,76.2784,Normal
337,1775007779,3600,81.8158,Normal
337,1775007839,3600,102.1865,Normal
337,1775007899,3600,111.0669,Normal
337,1775007959,3600,123.6613,Normal
337,1775008019,3600,115.6534,Normal
337,1775008079,3600,140.8989,Normal
337,1775008139,3600,111.0001,Normal
337,1775008199,3600,101.6513,Normal
337,1775008259,3600,92.5855,Normal
337,1775008319,3600,122.1512,Normal
337,1775008379,3600,135.9076,Normal
337,1775008439,3600,135.1164,Normal
337,1775008499,3600,126.7708,Normal
337,1775008559,3600,124.8887,Normal
337,1775008619,3600,126.842,Normal
337,1775008679,3600,163.8177,Normal
337,1775008739,3600,173.0534,Normal
337,1775008799,3600,213.2117,Normal
337,1775008859,3600,219.4301,Normal
337,1775008919,3600,195.8321,Normal
337,1775008979,3600,183.0137,Normal
337,1775009039,3600,200.4776,Normal
337,1775009099,3600,189.4929,Normal
337,1775009159,3600,133.3905,Normal
337,1775009219,3600,157.3495,Normal
337,1775009279,3600,185.9914,Normal
337,1775009339,3600,167.3711,Normal
337,1775009399,3600,201.2948,Normal
337,1775009459,3600,181.8124,Normal
337,1775009519,3600,148.6014,Normal
337,1775009579,3600,187.4141,Normal
337,1775009639,3600,188.3082,Normal
337,1775009699,3600,183.6608,Normal
337,1775009759,3600,165.2434,Normal
337,1775009819,3600,134.1311,Normal
337,1775009879,3600,159.1222,Normal
337,1775009939,3600,161.5984,Normal
337,1775009999,3600,136.1786,Normal
337,1775010059,3600,79.2034,Normal
337,1775010119,3600,102.284,Normal
337,1775010179,3600,75.1006,Normal
337,1775010239,3600,86.6109,Normal
337,1775010299,3600,78.8478,Normal
337,1775010359,3600,91.4024,Normal
337,1775010419,3600,107.7387,Normal
337,1775010479,3600,60.7882,Normal
337,1775010539,3600,35.5367,Normal
337,1775010599,3600,25.248,Normal
337,1775010659,3600,25.3362,Normal
337,1775010719,3600,16.5815,Normal
337,1775010779,3600,36.6546,Normal
337,1775010839,3600,8.1338,Normal
337,1775010899,3600,10.9382,Normal
337,1775010959,3600,12.7948,Normal
337,1775011019,3600,2.0379,Normal
337,1775011079,3600,3.1612,Normal
337,1775011139,3600,17.3358,Normal
337,1775011199,3600,12.6214,Normal
337,1775011259,3600,8.8223,Normal
337,1775011319,3600,22.1383,Normal
337,1775011379,3600,24.0709,Normal
337,1775011439,3600,10.2415,Normal
337,1775011499,3600,2.9455,Normal
337,1775011559,3600,20.3185,Normal
337,1775011619,3600,31.2471,Normal
337,1775011679,3600,58.4158,Normal
337,1775011739,3600,81.1789,Normal
337,1775011799,3600,52.5889,Normal
337,1775011859,3600,26.4086,Normal
337,1775011919,3600,34.0015,Normal
337,1775011979,3600,26.5255,Normal
337,1775012039,3600,28.4327,Normal
337,1775012099,3600,77.8767,Normal
337,1775012159,3600,107.5204,Normal
337,1775012219,3600,126.1855,Normal
337,1775012279,3600,114.6905,Normal
337,1775012339,3600,166.8423,Normal
337,1775012399,3600,188.2021,Normal
337,1775012459,3600,206.111,Normal
337,1775012519,3600,225.5643,Normal
337,1775012579,3600,181.4887,Normal
337,1775012639,3600,196.4648,Normal
337,1775012699,3600,175.7351,Normal
337,1775012759,3600,189.5614,Normal
337,1775012819,3600,161.1029,Normal
337,1775012879,3600,184.4003,Normal
337,1775012939,3600,148.3992,Normal
337,1775012999,3600,173.7769,Normal
337,1775013059,3600,153.0286,Normal
337,1775013119,3600,118.2371,Normal
337,1775013179,3600,124.4322,Normal
337,1775013239,3600,117.6436,Normal
337,1775013299,3600,91.7107,Normal
337,1775013359,3600,119.6575,Normal
337,1775013419,3600,128.3536,Normal
337,1775013479,3600,162.1768,Normal
337,1775013539,3600,167.7937,Normal
337,1775013599,3600,121.2874,Normal
337,1775013659,3600,83.4027,Normal
337,1775013719,3600,93.7205,Normal
337,1775013779,3600,50.3116,Normal
337,1775013839,3600,37.8042,Normal
337,1775013899,3600,55.8294,Normal
337,1775013959,3600,52.9085,Normal
337,1775014019,3600,53.153,Normal
337,1775014079,3600,28.8558,Normal
337,1775014139,3600,43.4419,Normal
337,1775014199,3600,37.6123,Normal
337,1775014259,3600,94.4544,Normal
337,1775014319,3600,88.021,Normal
337,1775014379,3600,95.4405,Normal
337,1775014439,3600,78.1113,Normal
337,1775014499,3600,68.6971,Normal
337,1775014559,3600,62.895,Normal
337,1775014619,3600,40.3368,Normal
337,1775014679,3600,54.8093,Normal
337,1775014739,3600,54.1775,Normal
337,1775014799,3600,51.1858,Normal
337,1775014859,3600,14.1154,Normal
337,1775014919,3600,9.0753,Normal
337,1775014979,3600,16.7697,Normal
337,1775015039,3600,41.7606,Normal
337,1775015099,3600,57.0488,Normal
337,1775015159,3600,50.3514,Normal
337,1775015219,3600,35.4384,Normal
337,1775015279,3600,40.9636,Normal
337,1775015339,3600,40.0533,Normal
337,1775015399,3600,40.4711,Normal
337,1775015459,3600,14.7513,Normal
337,1775015519,3600,8.3441,Normal
337,1775015579,3600,12.5764,Normal
337,1775015639,3600,8.8908,Normal
337,1775015699,3600,2.1179,Normal
337,1775015759,3600,5.7067,Normal
337,1775015819,3600,64.5158,Normal
337,1775015879,3600,60.3596,Normal
337,1775015939,3600,64.8279,Normal
337,1775015999,3600,82.8733,Normal
337,1775016059,3600,107.6775,Normal
337,1775016119,3600,133.7088,Normal
337,1775016179,3600,96.1114,Normal
337,1775016239,3600,112.314,Normal
337,1775016299,3600,94.3334,Normal
337,1775016359,3600,122.1877,Normal
337,1775016419,3600,111.369,Normal
337,1775016479,3600,130.51,Normal
337,1775016539,3600,92.3345,Normal
337,1775016599,3600,49.1449,Normal
337,1775016659,3600,70.6347,Normal
337,1775016719,3600,108.8412,Normal
337,1775016779,3600,95.9957,Normal
337,1775016839,3600,85.1378,Normal
337,1775016899,3600,67.1475,Normal
337,1775016959,3600,75.8788,Normal
337,1775017019,3600,113.1567,Normal
337,1775017079,3600,159.9871,Normal
337,1775017139,3600,136.8202,Normal
337,1775017199,3600,96.4876,Normal
337,1775017259,3600,74.9824,Normal
337,1775017319,3600,60.9222,Normal
337,1775017379,3600,38.9836,Normal
337,1775017439,3600,66.7187,Normal
337,1775017499,3600,113.2758,Normal
337,1775017559,3600,102.3316,Normal
337,1775017619,3600,71.3815,Normal
337,1775017679,3600,47.6445,Normal
337,1775017739,3600,88.7936,Normal
337,1775017799,3600,113.47,Normal
337,1775017859,3600,80.3754,Normal
337,1775017919,3600,96.6509,Normal
337,1775017979,3600,117.9208,Normal
337,1775018039,3600,101.6902,Normal
337,1775018099,3600,107.6704,Normal
337,1775018159,3600,87.104,Normal
337,1775018219,3600,131.4358,Normal
337,1775018279,3600,114.4112,Normal
337,1775018339,3600,125.5979,Normal
337,1775018399,3600,105.2081,Normal
337,1775018459,3600,123.9433,Normal
337,1775018519,3600,130.6465,Normal
337,1775018579,3600,118.2421,Normal
337,1775018639,3600,130.1805,Normal
337,1775018699,3600,105.3512,Normal
337,1775018759,3600,147.9889,Normal
337,1775018819,3600,179.7277,Normal
337,1775018879,3600,194.3219,Normal
337,1775018939,3600,215.6127,Normal
337,1775018999,3600,187.5456,Normal
337,1775019059,3600,199.675,Normal
337,1775019119,3600,156.0855,Normal
337,1775019179,3600,155.1854,Normal
337,1775019239,3600,205.819,Normal
337,1775019299,3600,213.0652,Normal
337,1775019359,3600,214.6176,Normal
337,1775019419,3600,160.9846,Normal
337,1775019479,3600,145.7835,Normal
337,1775019539,3600,183.9366,Normal
337,1775019599,3600,157.054,Normal
337,1775019659,3600,182.9891,Normal
337,1775019719,3600,166.1059,Normal
337,1775019779,3600,152.8276,Normal
337,1775019839,3600,178.9335,Normal
337,1775019899,3600,188.0902,Normal
337,1775019959,3600,215.8515,Normal
337,1775020019,3600,225.7846,Normal
337,1775020079,3600,217.3548,Normal
337,1775020139,3600,198.5155,Normal
337,1775020199,3600,212.1713,Normal
337,1775020259,3600,178.2366,Normal
337,1775020319,3600,122.3042,Normal
337,1775020379,3600,119.6053,Normal
337,1775020439,3600,99.4889,Normal
337,1775020499,3600,81.8995,Normal
337,1775020559,3600,44.8143,Normal
337,1775020619,3600,17.3391,Normal
337,1775020679,3600,48.212,Normal
337,1775020739,3600,21.3589,Normal
337,1775020799,3600,28.4344,Normal
337,1775020859,3600,21.9903,Normal
337,1775020919,3600,27.0063,Normal
337,1775020979,3600,88.9715,Normal
337,1775021039,3600,87.4721,Normal
337,1775021099,3600,25.86,Normal
337,1775021159,3600,31.5243,Normal
337,1775021219,3600,44.3174,Normal
337,1775021279,3600,51.9859,Normal
337,1775021339,3600,9.8214,Normal
337,1775021399,3600,5.8647,Normal
337,1775021459,3600,10.419,Normal
337,1775021519,3600,8.5106,Normal
337,1775021579,3600,22.9519,Normal
337,1775021639,3600,16.3811,Normal
337,1775021699,3600,41.6552,Normal
337,1775021759,3600,21.9053,Normal
337,1775021819,3600,40.4529,Normal
337,1775021879,3600,11.2335,Normal
337,1775021939,3600,45.5423,Normal
337,1775021999,3600,4.5782,Normal
337,1775022059,3600,4.9988,Normal
337,1775022119,3600,38.727,Normal
337,1775022179,3600,57.8762,Normal
337,1775022239,3600,60.6427,Normal
337,1775022299,3600,21.0478,Normal
337,1775022359,3600,45.5512,Normal
337,1775022419,3600,60.1787,Normal
337,1775022479,3600,114.3736,Normal
337,1775022539,3600,99.7175,Normal
337,1775022599,3600,72.0686,Normal
337,1775022659,3600,58.739,Normal
337,1775022719,3600,41.9595,Normal
337,1775022779,3600,54.4965,Normal
337,1775022839,3600,102.659,Normal
337,1775022899,3600,86.0057,Normal
337,1775022959,3600,75.6711,Normal
337,1775023019,3600,76.6769,Normal
337,1775023079,3600,101.8448,Normal
337,1775023139,3600,112.4088,Normal
337,1775023199,3600,102.1148,Normal
337,1775023259,3600,129.4498,Normal
337,1775023319,3600,124.8889,Normal
337,1775023379,3600,130.8206,Normal
337,1775023439,3600,157.0711,Normal
337,1775023499,3600,146.1057,Normal
337,1775023559,3600,157.2006,Normal
337,1775023619,3600,196.4557,Normal
337,1775023679,3600,200.0327,Normal
337,1775023739,3600,193.1992,Normal
337,1775023799,3600,162.7326,Normal
337,1775023859,3600,143.1915,Normal
337,1775023919,3600,122.5265,Normal
337,1775023979,3600,132.1245,Normal
337,1775024039,3600,135.9764,Normal
337,1775024099,3600,145.821,Normal
337,1775024159,3600,98.3584,Normal
337,1775024219,3600,73.7823,Normal
337,1775024279,3600,54.689,Normal
337,1775024339,3600,68.6206,Normal
337,1775024399,3600,69.0954,Normal
337,1775024459,3600,63.89,Normal
337,1775024519,3600,57.6097,Normal
337,1775024579,3600,98.105,Normal
337,1775024639,3600,128.0851,Normal
337,1775024699,3600,84.8448,Normal
337,1775024759,3600,47.6508,Normal
337,1775024819,3600,17.8809,Normal
337,1775024879,3600,29.22,Normal
337,1775024939,3600,10.9566,Normal
337,1775024999,3600,11.1808,Normal
337,1775025059,3600,28.7046,Normal
337,1775025119,3600,29.5798,Normal
337,1775025179,3600,23.6617,Normal
337,1775025239,3600,68.5208,Normal
337,1775025299,3600,48.6388,Normal
337,1775025359,3600,44.0435,Normal
337,1775025419,3600,55.3918,Normal
337,1775025479,3600,85.3772,Normal
337,1775025539,3600,98.6128,Normal
337,1775025599,3600,52.5717,Normal
337,1775025659,3600,52.7093,Normal
337,1775025719,3600,73.3937,Normal
337,1775025779,3600,54.7928,Normal
337,1775025839,3600,44.3707,Normal
337,1775025899,3600,4.7924,Normal
337,1775025959,3600,9.9353,Normal
337,1775026019,3600,34.7246,Normal
337,1775026079,3600,94.3764,Normal
337,1775026139,3600,70.8615,Normal
337,1775026199,3600,84.2441,Normal
337,1775026259,3600,74.7379,Normal
337,1775026319,3600,91.5454,Normal
337,1775026379,3600,88.7933,Normal
337,1775026439,3600,56.489,Normal
337,1775026499,3600,52.8836,Normal
337,1775026559,3600,47.3504,Normal
337,1775026619,3600,51.4311,Normal
337,1775026679,3600,60.3784,Normal
337,1775026739,3600,44.509,Normal
337,1775026799,3600,76.4998,Normal
337,1775026859,3600,48.5255,Normal
337,1775026919,3600,38.3271,Normal
337,1775026979,3600,84.9135,Normal
337,1775027039,3600,104.6979,Normal
337,1775027099,3600,79.3857,Normal
337,1775027159,3600,65.5388,Normal
337,1775027219,3600,96.2987,Normal
337,1775027279,3600,120.363,Normal
337,1775027339,3600,162.8168,Normal
337,1775027399,3600,126.4103,Normal
337,1775027459,3600,96.4574,Normal
337,1775027519,3600,106.5069,Normal
337,1775027579,3600,82.1987,Normal
337,1775027639,3600,86.6737,Normal
337,1775027699,3600,100.0524,Normal
337,1775027759,3600,107.4134,Normal
337,1775027819,3600,132.4798,Normal
337,1775027879,3600,123.6677,Normal
337,1775027939,3600,95.4617,Normal
337,1775027999,3600,89.2412,Normal
337,1775028059,3600,73.951,Normal
337,1775028119,3600,54.7078,Normal
337,1775028179,3600,48.4954,Normal
337,1775028239,3600,86.9185,Normal
337,1775028299,3600,75.4539,Normal
337,1775028359,3600,65.9519,Normal
337,1775028419,3600,22.4837,Normal
337,1775028479,3600,35.9618,Normal
337,1775028539,3600,42.4721,Normal
337,1775028599,3600,44.8308,Normal
337,1775028659,3600,5.8649,Normal
337,1775028719,3600,1.6548,Normal
337,1775028779,3600,31.3542,Normal
337,1775028839,3600,69.6301,Normal
337,1775028899,3600,32.1043,Normal
337,1775028959,3600,8.9996,Normal
337,1775029019,3600,9.1986,Normal
337,1775029079,3600,67.563,Normal
337,1775029139,3600,22.0099,Normal
337,1775029199,3600,5.7709,Normal
337,1775029259,3600,27.796,Normal
337,1775029319,3600,22.0177,Normal
337,1775029379,3600,28.1643,Normal
337,1775029439,3600,44.3136,Normal
337,1775029499,3600,37.2277,Normal
337,1775029559,3600,30.6395,Normal
337,1775029619,3600,7.2321,Normal
337,1775029679,3600,45.3836,Normal
337,1775029739,3600,18.3195,Normal
337,1775029799,3600,50.4759,Normal
337,1775029859,3600,52.6622,Normal
337,1775029919,3600,72.4537,Normal
337,1775029979,3600,67.4525,Normal
337,1775030039,3600,21.9633,Normal
337,1775030099,3600,37.004,Normal
337,1775030159,3600,31.4908,Normal
337,1775030219,3600,54.9477,Normal
337,1775030279,3600,27.3881,Normal
337,1775030339,3600,18.6917,Normal
337,1775030399,3600,22.7557,Normal
337,1775030459,3600,34.9083,Normal
337,1775030519,3600,7.3656,Normal
337,1775030579,3600,10.7645,Normal
337,1775030639,3600,50.6999,Normal
337,1775030699,3600,32.6028,Normal
337,1775030759,3600,29.7291,Normal
337,1775030819,3600,52.4411,Normal
337,1775030879,3600,63.7572,Normal
337,1775030939,3600,82.2098,Normal
337,1775030999,3600,89.7736,Normal
337,1775031059,3600,89.19,Normal
337,1775031119,3600,67.6394,Normal
337,1775031179,3600,56.4364,Normal
337,1775031239,3600,22.656,Normal
337,1775031299,3600,11.9964,Normal
337,1775031359,3600,22.1948,Normal
337,1775031419,3600,64.6471,Normal
337,1775031479,3600,57.0779,Normal
337,1775031539,3600,63.094,Normal
337,1775031599,3600,24.9827,Normal
337,1775031659,3600,12.705,Normal
337,1775031719,3600,6.6411,Normal
337,1775031779,3600,15.6417,Normal
337,1775031839,3600,2.6587,Normal
337,1775031899,3600,33.4427,Normal
337,1775031959,3600,34.4126,Normal
337,1775032019,3600,24.7121,Normal
337,1775032079,3600,69.6599,Normal
337,1775032139,3600,102.7629,Normal
337,1775032199,3600,141.5076,Normal
337,1775032259,3600,125.2077,Normal
337,1775032319,3600,88.9175,Normal
337,1775032379,3600,66.7508,Normal
337,1775032439,3600,50.86,Normal
337,1775032499,3600,48.0614,Normal
337,1775032559,3600,88.4687,Normal
337,1775032619,3600,92.1881,Normal
337,1775032679,3600,91.5594,Normal
337,1775032739,3600,135.9861,Normal
337,1775032799,3600,185.7544,Normal
337,1775032859,3600,141.8834,Normal
337,1775032919,3600,143.5007,Normal
337,1775032979,3600,156.3165,Normal
337,1775033039,3600,193.2726,Normal
337,1775033099,3600,166.6057,Normal
337,1775033159,3600,202.1416,Normal
337,1775033219,3600,179.1858,Normal
337,1775033279,3600,121.7785,Normal
337,1775033339,3600,118.3276,Normal
337,1775033399,3600,118.8386,Normal
337,1775033459,3600,122.9617,Normal
337,1775033519,3600,97.4496,Normal
337,1775033579,3600,104.1031,Normal
337,1775033639,3600,49.4773,Normal
337,1775033699,3600,61.5718,Normal
337,1775033759,3600,41.9897,Normal
337,1775033819,3600,17.0733,Normal
337,1775033879,3600,50.6233,Normal
337,1775033939,3600,65.8118,Normal
337,1775033999,3600,71.6744,Normal
337,1775034059,3600,23.7071,Normal
337,1775034119,3600,19.2081,Normal
337,1775034179,3600,53.1598,Normal
337,1775034239,3600,7.2432,Normal
337,1775034299,3600,2.2424,Normal
337,1775034359,3600,42.7355,Normal
337,1775034419,3600,57.7809,Normal
337,1775034479,3600,62.4117,Normal
337,1775034539,3600,78.9877,Normal
337,1775034599,3600,66.1639,Normal
337,1775034659,3600,83.5766,Normal
337,1775034719,3600,75.8013,Normal
337,1775034779,3600,73.8744,Normal
337,1775034839,3600,11.3424,Normal
337,1775034899,3600,3.8954,Normal
337,1775034959,3600,14.642,Normal
337,1775035019,3600,12.0423,Normal
337,1775035079,3600,10.4887,Normal
337,1775035139,3600,15.9565,Normal
337,1775035199,3600,29.9532,Normal
337,1775035259,3600,18.3247,Normal
337,1775035319,3600,16.9213,Normal
337,1775035379,3600,52.3943,Normal
337,1775035439,3600,6.3799,Normal
337,1775035499,3600,70.1987,Normal
337,1775035559,3600,67.7308,Normal
337,1775035619,3600,63.648,Normal
337,1775035679,3600,83.6787,Normal
337,1775035739,3600,122.7603,Normal
337,1775035799,3600,131.2021,Normal
337,1775035859,3600,136.3425,Normal
337,1775035919,3600,160.7268,Normal
337,1775035979,3600,158.6,Normal
337,1775036039,3600,157.98,Normal
337,1775036099,3600,170.5141,Normal
337,1775036159,3600,195.6896,Normal
337,1775036219,3600,207.218,Normal
337,1775036279,3600,235.3394,Normal
337,1775036339,3600,221.5078,Normal
337,1775036399,3600,240.4033,Normal
337,1775036459,3600,226.412,Normal
337,1775036519,3600,235.8334,Normal
337,1775036579,3600,229.7849,Normal
337,1775036639,3600,288.6911,High
337,1775036699,3600,268.7081,Elevated
337,1775036759,3600,342.2715,High
337,1775036819,3600,359.4976,High
337,1775036879,3600,307.1516,High
337,1775036939,3600,254.7213,Elevated
337,1775036999,3600,225.1624,Normal
337,1775037059,3600,242.7444,Normal
337,1775037119,3600,236.1136,Normal
337,1775037179,3600,265.1006,Elevated
337,1775037239,3600,171.119,Normal
337,1775037299,3600,169.5147,Normal
337,1775037359,3600,134.6257,Normal
337,1775037419,3600,129.9768,Normal
337,1775037479,3600,139.7242,Normal
337,1775037539,3600,163.9387,Normal
337,1775037599,3600,190.8874,Normal
337,1775037659,3600,236.7691,Normal
337,1775037719,3600,227.9901,Normal
337,1775037779,3600,240.2194,Normal
337,1775037839,3600,219.3676,Normal
337,1775037899,3600,200.8232,Normal
337,1775037959,3600,147.3809,Normal
337,1775038019,3600,151.2368,Normal
337,1775038079,3600,118.7069,Normal
337,1775038139,3600,107.0114,Normal
337,1775038199,3600,152.0537,Normal
337,1775038259,3600,176.2826,Normal
337,1775038319,3600,125.1243,Normal
337,1775038379,3600,143.0277,Normal
337,1775038439,3600,203.5819,Normal
337,1775038499,3600,187.3819,Normal
337,1775038559,3600,159.808,Normal
337,1775038619,3600,202.5463,Normal
337,1775038679,3600,212.4816,Normal
337,1775038739,3600,212.588,Normal
337,1775038799,3600,200.6823,Normal
337,1775038859,3600,216.6251,Normal
337,1775038919,3600,207.4634,Normal
337,1775038979,3600,228.5759,Normal
337,1775039039,3600,198.0186,Normal
337,1775039099,3600,157.007,Normal
337,1775039159,3600,108.6474,Normal
337,1775039219,3600,126.7381,Normal
337,1775039279,3600,147.3753,Normal
337,1775039339,3600,100.5127,Normal
337,1775039399,3600,153.3083,Normal
337,1775039459,3600,156.3939,Normal
337,1775039519,3600,126.7092,Normal
337,1775039579,3600,112.5877,Normal
337,1775039639,3600,102.6898,Normal
337,1775039699,3600,101.1432,Normal
337,1775039759,3600,70.8944,Normal
337,1775039819,3600,62.2546,Normal
337,1775039879,3600,34.2482,Normal
337,1775039939,3600,75.9949,Normal
337,1775039999,3600,104.8709,Normal
337,1775040059,3600,109.9519,Normal
337,1775040119,3600,118.2662,Normal
337,1775040179,3600,111.4579,Normal
337,1775040239,3600,36.7505,Normal
337,1775040299,3600,43.069,Normal
337,1775040359,3600,23.2925,Normal
337,1775040419,3600,1.8372,Normal
337,1775040479,3600,2.0237,Normal
337,1775040539,3600,12.8484,Normal
337,1775040599,3600,18.1574,Normal
337,1775040659,3600,20.1755,Normal
337,1775040719,3600,29.8191,Normal
337,1775040779,3600,2.3628,Normal
337,1775040839,3600,34.2839,Normal
337,1775040899,3600,39.3171,Normal
337,1775040959,3600,62.1583,Normal
337,1775041019,3600,41.9358,Normal
337,1775041079,3600,68.3312,Normal
337,1775041139,3600,54.1512,Normal
337,1775041199,3600,35.1277,Normal
337,1775041259,3600,12.2379,Normal
337,1775041319,3600,4.2725,Normal
337,1775041379,3600,2.7253,Normal
337,1775041439,3600,24.2059,Normal
337,1775041499,3600,13.4453,Normal
337,1775041559,3600,71.1496,Normal
337,1775041619,3600,64.9762,Normal
337,1775041679,3600,110.0668,Normal
337,1775041739,3600,105.9596,Normal
337,1775041799,3600,106.8191,Normal
337,1775041859,3600,109.2645,Normal
337,1775041919,3600,104.7718,Normal
337,1775041979,3600,120.6432,Normal
337,1775042039,3600,93.8406,Normal
337,1775042099,3600,117.4348,Normal
337,1775042159,3600,171.0493,Normal
337,1775042219,3600,129.7376,Normal
337,1775042279,3600,110.6678,Normal
337,1775042339,3600,141.7506,Normal
337,1775042399,3600,124.7008,Normal
337,1775042459,3600,100.3402,Normal
337,1775042519,3600,78.6781,Normal
337,1775042579,3600,51.2811,Normal
337,1775042639,3600,0.3696,Normal
337,1775042699,3600,7.8138,Normal
337,1775042759,3600,5.1597,Normal
337,1775042819,3600,27.9983,Normal
337,1775042879,3600,27.5976,Normal
337,1775042939,3600,8.6374,Normal
337,1775042999,3600,56.7066,Normal
337,1775043059,3600,55.5079,Normal
337,1775043119,3600,41.2411,Normal
337,1775043179,3600,38.3022,Normal
337,1775043239,3600,0.2989,Normal
337,1775043299,3600,56.0709,Normal
337,1775043359,3600,71.4488,Normal
337,1775043419,3600,35.2666,Normal
337,1775043479,3600,31.9897,Normal
337,1775043539,3600,42.8661,Normal
337,1775043599,3600,26.4129,Normal
337,1775043659,3600,4.1545,Normal
337,1775043719,3600,10.6117,Normal
337,1775043779,3600,28.3558,Normal
337,1775043839,3600,67.8835,Normal
337,1775043899,3600,61.6718,Normal
337,1775043959,3600,41.481,Normal
337,1775044019,3600,38.285,Normal
337,1775044079,3600,66.3725,Normal
337,1775044139,3600,82.5655,Normal
337,1775044199,3600,186.2274,Normal
337,1775044259,3600,158.6319,Normal
337,1775044319,3600,119.9361,Normal
337,1775044379,3600,115.5336,Normal
337,1775044439,3600,124.9962,Normal
337,1775044499,3600,132.7401,Normal
337,1775044559,3600,121.4801,Normal
337,1775044619,3600,138.4049,Normal
337,1775044679,3600,102.7892,Normal
337,1775044739,3600,126.0555,Normal
337,1775044799,3600,80.5859,Normal
337,1775044859,3600,72.134,Normal
337,1775044919,3600,67.0124,Normal
337,1775044979,3600,39.1329,Normal
337,1775045039,3600,18.0439,Normal
337,1775045099,3600,47.0153,Normal
337,1775045159,3600,32.2309,Normal
337,1775045219,3600,16.0483,Normal
337,1775045279,3600,24.5757,Normal
337,1775045339,3600,20.2532,Normal
337,1775045399,3600,14.1864,Normal
337,1775045459,3600,61.8007,Normal
337,1775045519,3600,39.6576,Normal
337,1775045579,3600,49.6484,Normal
337,1775045639,3600,48.8303,Normal
337,1775045699,3600,54.1135,Normal
337,1775045759,3600,58.4722,Normal
337,1775045819,3600,59.8577,Normal
337,1775045879,3600,86.5424,Normal
337,1775045939,3600,96.9272,Normal
337,1775045999,3600,108.6374,Normal
337,1775046059,3600,113.4687,Normal
337,1775046119,3600,63.0043,Normal
337,1775046179,3600,72.4482,Normal
337,1775046239,3600,69.6084,Normal
337,1775046299,3600,76.3848,Normal
337,1775046359,3600,53.2501,Normal
337,1775046419,3600,52.0913,Normal
337,1775046479,3600,66.4773,Normal
337,1775046539,3600,82.8018,Normal
337,1775046599,3600,57.9199,Normal
337,1775046659,3600,59.9972,Normal
337,1775046719,3600,79.3289,Normal
337,1775046779,3600,61.0656,Normal
337,1775046839,3600,111.049,Normal
337,1775046899,3600,185.0874,Normal
337,1775046959,3600,193.2984,Normal
337,1775047019,3600,154.2984,Normal
337,1775047079,3600,100.2765,Normal
337,1775047139,3600,134.2756,Normal
337,1775047199,3600,109.8024,Normal
337,1775047259,3600,117.4375,Normal
337,1775047319,3600,150.4617,Normal
337,1775047379,3600,142.9396,Normal
337,1775047439,3600,111.1041,Normal
337,1775047499,3600,95.5038,Normal
337,1775047559,3600,87.5586,Normal
337,1775047619,3600,114.3582,Normal
337,1775047679,3600,146.1314,Normal
337,1775047739,3600,171.5679,Normal
337,1775047799,3600,256.6997,Elevated
337,1775047859,3600,232.4977,Normal
337,1775047919,3600,174.3228,Normal
337,1775047979,3600,151.9905,Normal
337,1775048039,3600,171.1859,Normal
337,1775048099,3600,168.145,Normal
337,1775048159,3600,166.6125,Normal
337,1775048219,3600,166.0061,Normal
337,1775048279,3600,161.0707,Normal
337,1775048339,3600,199.3584,Normal
337,1775048399,3600,172.1752,Normal
337,1775048459,3600,237.7019,Normal
337,1775048519,3600,263.7612,Elevated
337,1775048579,3600,254.961,Elevated
337,1775048639,3600,277.8746,Elevated
337,1775048699,3600,297.0621,High
337,1775048759,3600,270.4781,Elevated
337,1775048819,3600,287.2562,Elevated
337,1775048879,3600,272.9503,Elevated
337,1775048939,3600,281.6878,Elevated
337,1775048999,3600,232.335,Normal
337,1775049059,3600,223.5579,Normal
337,1775049119,3600,213.2585,Normal
337,1775049179,3600,197.7129,Normal
337,1775049239,3600,231.7896,Normal
337,1775049299,3600,234.6453,Normal
337,1775049359,3600,205.811,Normal
337,1775049419,3600,200.5397,Normal
337,1775049479,3600,190.6935,Normal
337,1775049539,3600,154.8392,Normal
337,1775049599,3600,131.6733,Normal
337,1775049659,3600,125.297,Normal
337,1775049719,3600,141.5414,Normal
337,1775049779,3600,86.2647,Normal
337,1775049839,3600,78.275,Normal
337,1775049899,3600,29.4,Normal
337,1775049959,3600,53.6532,Normal
337,1775050019,3600,1.3943,Normal
337,1775050079,3600,28.3685,Normal
337,1775050139,3600,31.2454,Normal
337,1775050199,3600,11.8695,Normal
337,1775050259,3600,10.9683,Normal
337,1775050319,3600,7.1356,Normal
337,1775050379,3600,13.0688,Normal
337,1775050439,3600,5.7944,Normal
337,1775050499,3600,21.8582,Normal
337,1775050559,3600,9.8554,Normal
337,1775050619,3600,28.5582,Normal
337,1775050679,3600,2.6868,Normal
337,1775050739,3600,18.0726,Normal
337,1775050799,3600,31.2029,Normal
337,1775050859,3600,38.2635,Normal
337,1775050919,3600,46.658,Normal
337,1775050979,3600,27.634,Normal
337,1775051039,3600,11.1477,Normal
337,1775051099,3600,10.6973,Normal
337,1775051159,3600,20.3609,Normal
337,1775051219,3600,13.2173,Normal
337,1775051279,3600,1.374,Normal
337,1775051339,3600,5.5767,Normal
337,1775051399,3600,27.9852,Normal
337,1775051459,3600,18.1914,Normal
337,1775051519,3600,17.363,Normal
337,1775051579,3600,32.1588,Normal
337,1775051639,3600,67.0629,Normal
337,1775051699,3600,68.9244,Normal
337,1775051759,3600,57.1236,Normal
337,1775051819,3600,66.9925,Normal
337,1775051879,3600,58.5383,Normal
337,1775051939,3600,44.8942,Normal
337,1775051999,3600,46.8369,Normal
337,1775052059,3600,15.8361,Normal
337,1775052119,3600,22.7814,Normal
337,1775052179,3600,37.5333,Normal
337,1775052239,3600,14.0637,Normal
337,1775052299,3600,33.5,Normal
337,1775052359,3600,45.4596,Normal
337,1775052419,3600,6.7869,Normal
337,1775052479,3600,12.3078,Normal
337,1775052539,3600,2.9525,Normal
337,1775052599,3600,38.9165,Normal
337,1775052659,3600,26.0161,Normal
337,1775052719,3600,65.8776,Normal
337,1775052779,3600,97.8672,Normal
337,1775052839,3600,49.4104,Normal
337,1775052899,3600,12.0122,Normal
337,1775052959,3600,62.2292,Normal
337,1775053019,3600,30.8669,Normal
337,1775053079,3600,5.8516,Normal
337,1775053139,3600,23.9766,Normal
337,1775053199,3600,43.8476,Normal
337,1775053259,3600,47.2652,Normal
337,1775053319,3600,69.9482,Normal
337,1775053379,3600,101.0619,Normal
337,1775053439,3600,129.054,Normal
337,1775053499,3600,157.856,Normal
337,1775053559,3600,133.3255,Normal
337,1775053619,3600,177.055,Normal
337,1775053679,3600,214.3863,Normal
337,1775053739,3600,233.4899,Normal
337,1775053799,3600,203.745,Normal
337,1775053859,3600,181.9233,Normal
337,1775053919,3600,211.7372,Normal
337,1775053979,3600,202.4204,Normal
337,1775054039,3600,224.3379,Normal
337,1775054099,3600,211.7227,Normal
337,1775054159,3600,193.4153,Normal
337,1775054219,3600,225.1143,Normal
337,1775054279,3600,239.6169,Normal
337,1775054339,3600,245.065,Elevated
337,1775054399,3600,258.2123,Elevated
337,1775054459,3600,271.392,Elevated
337,1775054519,3600,280.1697,Elevated
337,1775054579,3600,268.8336,Elevated
337,1775054639,3600,272.3328,Elevated
337,1775054699,3600,270.9221,Elevated
337,1775054759,3600,251.8649,Elevated
337,1775054819,3600,260.3718,Elevated
337,1775054879,3600,221.1539,Normal
337,1775054939,3600,190.0093,Normal
337,1775054999,3600,173.6575,Normal
337,1775055059,3600,133.5214,Normal
337,1775055119,3600,158.7955,Normal
337,1775055179,3600,159.459,Normal
337,1775055239,3600,107.2168,Normal
337,1775055299,3600,88.4506,Normal
337,1775055359,3600,104.2537,Normal
337,1775055419,3600,92.2873,Normal
337,1775055479,3600,69.4714,Normal
337,1775055539,3600,61.6663,Normal
337,1775055599,3600,40.6423,Normal
337,1775055659,3600,37.7218,Normal
337,1775055719,3600,11.4359,Normal
337,1775055779,3600,6.7127,Normal
337,1775055839,3600,24.6368,Normal
337,1775055899,3600,29.2082,Normal
337,1775055959,3600,50.2757,Normal
337,1775056019,3600,30.3307,Normal
337,1775056079,3600,37.4844,Normal
337,1775056139,3600,42.6613,Normal
337,1775056199,3600,23.6348,Normal
337,1775056259,3600,43.0168,Normal
337,1775056319,3600,71.7504,Normal
337,1775056379,3600,65.7854,Normal
337,1775056439,3600,71.6149,Normal
337,1775056499,3600,14.4869,Normal
337,1775056559,3600,50.5624,Normal
337,1775056619,3600,52.5919,Normal
337,1775056679,3600,8.7494,Normal
337,1775056739,3600,15.6612,Normal
337,1775056799,3600,8.0887,Normal
337,1775056859,3600,5.9241,Normal
337,1775056919,3600,32.9093,Normal
337,1775056979,3600,4.4158,Normal
337,1775057039,3600,5.7447,Normal
337,1775057099,3600,27.5283,Normal
337,1775057159,3600,37.9859,Normal
337,1775057219,3600,48.7666,Normal
337,1775057279,3600,43.2019,Normal
337,1775057339,3600,31.6288,Normal
337,1775057399,3600,1.9382,Normal
337,1775057459,3600,35.9099,Normal
337,1775057519,3600,17.3777,Normal
337,1775057579,3600,18.2536,Normal
337,1775057639,3600,11.7464,Normal
337,1775057699,3600,24.8147,Normal
337,1775057759,3600,11.8749,Normal
337,1775057819,3600,4.4621,Normal
337,1775057879,3600,20.6167,Normal
337,1775057939,3600,34.3546,Normal
337,1775057999,3600,57.5638,Normal
337,1775058059,3600,31.643,Normal
337,1775058119,3600,27.1728,Normal
337,1775058179,3600,73.5195,Normal
337,1775058239,3600,60.9706,Normal
337,1775058299,3600,68.6869,Normal
337,1775058359,3600,93.704,Normal
337,1775058419,3600,90.9034,Normal
337,1775058479,3600,122.4744,Normal
337,1775058539,3600,110.8289,Normal
337,1775058599,3600,132.0091,Normal
337,1775058659,3600,132.0975,Normal
337,1775058719,3600,118.8276,Normal
337,1775058779,3600,132.1956,Normal
337,1775058839,3600,157.16,Normal
337,1775058899,3600,155.2292,Normal
337,1775058959,3600,174.3722,Normal
337,1775059019,3600,172.2032,Normal
337,1775059079,3600,196.4294,Normal
337,1775059139,3600,194.5273,Normal
337,1775059199,3600,260.864,Elevated
337,1775059259,3600,264.2421,Elevated
337,1775059319,3600,259.1115,Elevated
337,1775059379,3600,232.0449,Normal
337,1775059439,3600,213.2221,Normal
337,1775059499,3600,211.3711,Normal
337,1775059559,3600,189.2575,Normal
337,1775059619,3600,215.0176,Normal
337,1775059679,3600,223.7043,Normal
337,1775059739,3600,235.3801,Normal
337,1775059799,3600,220.842,Normal
337,1775059859,3600,222.7356,Normal
337,1775059919,3600,219.5188,Normal
337,1775059979,3600,171.6247,Normal
337,1775060039,3600,198.543,Normal
337,1775060099,3600,151.6987,Normal
337,1775060159,3600,196.6781,Normal
337,1775060219,3600,205.5758,Normal
337,1775060279,3600,186.8929,Normal
337,1775060339,3600,200.7511,Normal
337,1775060399,3600,184.6368,Normal
337,1775060459,3600,197.1256,Normal
337,1775060519,3600,180.1115,Normal
337,1775060579,3600,168.3415,Normal
337,1775060639,3600,80.649,Normal
337,1775060699,3600,48.3099,Normal
337,1775060759,3600,42.5402,Normal
337,1775060819,3600,25.6023,Normal
337,1775060879,3600,63.3751,Normal
337,1775060939,3600,74.6405,Normal
337,1775060999,3600,3.7772,Normal
337,1775061059,3600,18.2243,Normal
337,1775061119,3600,13.9553,Normal
337,1775061179,3600,9.6878,Normal
337,1775061239,3600,2.0746,Normal
337,1775061299,3600,5.2775,Normal
337,1775061359,3600,2.4995,Normal
337,1775061419,3600,25.8177,Normal
337,1775061479,3600,69.6584,Normal
337,1775061539,3600,36.0985,Normal
337,1775061599,3600,43.108,Normal
337,1775061659,3600,29.641,Normal
337,1775061719,3600,29.3764,Normal
337,1775061779,3600,64.7916,Normal
337,1775061839,3600,37.9477,Normal
337,1775061899,3600,57.6814,Normal
337,1775061959,3600,87.0805,Normal
337,1775062019,3600,95.8875,Normal
337,1775062079,3600,111.6332,Normal
337,1775062139,3600,98.5303,Normal
337,1775062199,3600,70.7247,Normal
337,1775062259,3600,82.9563,Normal
337,1775062319,3600,55.7887,Normal
337,1775062379,3600,88.5834,Normal
337,1775062439,3600,75.6759,Normal
337,1775062499,3600,70.2085,Normal
337,1775062559,3600,94.0922,Normal
337,1775062619,3600,83.5811,Normal
337,1775062679,3600,85.2823,Normal
337,1775062739,3600,80.1461,Normal
337,1775062799,3600,98.6974,Normal
337,1775062859,3600,107.2701,Normal
337,1775062919,3600,72.2187,Normal
337,1775062979,3600,56.4713,Normal
337,1775063039,3600,50.2439,Normal
337,1775063099,3600,44.5012,Normal
337,1775063159,3600,23.7825,Normal
337,1775063219,3600,0.4609,Normal
337,1775063279,3600,40.8381,Normal
337,1775063339,3600,22.8332,Normal
337,1775063399,3600,48.7151,Normal
337,1775063459,3600,61.947,Normal
337,1775063519,3600,74.6601,Normal
337,1775063579,3600,104.0619,Normal
337,1775063639,3600,148.6776,Normal
337,1775063699,3600,165.934,Normal
337,1775063759,3600,148.8127,Normal
337,1775063819,3600,139.9267,Normal
337,1775063879,3600,158.7092,Normal
337,1775063939,3600,130.1298,Normal
337,1775063999,3600,122.2068,Normal
337,1775064059,3600,142.3004,Normal
337,1775064119,3600,169.7805,Normal
337,1775064179,3600,155.4402,Normal
337,1775064239,3600,207.2718,Normal
337,1775064299,3600,209.1167,Normal
337,1775064359,3600,208.5403,Normal
337,1775064419,3600,281.8597,Elevated
337,1775064479,3600,309.246,High
337,1775064539,3600,301.755,High
337,1775064599,3600,271.8116,Elevated
337,1775064659,3600,243.1811,Elevated
337,1775064719,3600,241.651,Normal
337,1775064779,3600,211.6217,Normal
337,1775064839,3600,197.5953,Normal
337,1775064899,3600,241.7474,Normal
337,1775064959,3600,205.9821,Normal
337,1775065019,3600,239.235,Normal
337,1775065079,3600,215.9697,Normal
337,1775065139,3600,174.4176,Normal
337,1775065199,3600,144.1647,Normal
337,1775065259,3600,127.8011,Normal
337,1775065319,3600,135.4779,Normal
337,1775065379,3600,143.6509,Normal
337,1775065439,3600,98.5368,Normal
337,1775065499,3600,92.5226,Normal
337,1775065559,3600,89.4729,Normal
337,1775065619,3600,75.5527,Normal
337,1775065679,3600,103.0023,Normal
337,1775065739,3600,100.3677,Normal
337,1775065799,3600,72.2692,Normal
337,1775065859,3600,85.3795,Normal
337,1775065919,3600,56.8286,Normal
337,1775065979,3600,68.9826,Normal
337,1775066039,3600,52.8731,Normal
337,1775066099,3600,60.6854,Normal
337,1775066159,3600,58.0538,Normal
337,1775066219,3600,44.3051,Normal
337,1775066279,3600,11.6076,Normal
337,1775066339,3600,21.2091,Normal
337,1775066399,3600,2.4313,Normal
337,1775066459,3600,16.2885,Normal
337,1775066519,3600,7.9238,Normal
337,1775066579,3600,9.6732,Normal
337,1775066639,3600,49.6784,Normal
337,1775066699,3600,33.0445,Normal
337,1775066759,3600,46.7516,Normal
337,1775066819,3600,32.9541,Normal
337,1775066879,3600,15.8664,Normal
337,1775066939,3600,10.6198,Normal
337,1775066999,3600,4.9052,Normal
337,1775067059,3600,9.6446,Normal
337,1775067119,3600,48.7945,Normal
337,1775067179,3600,52.8456,Normal
337,1775067239,3600,94.8613,Normal
337,1775067299,3600,87.6233,Normal
337,1775067359,3600,75.4713,Normal
337,1775067419,3600,47.8359,Normal
337,1775067479,3600,97.4324,Normal
337,1775067539,3600,99.4667,Normal
337,1775067599,3600,56.23,Normal
337,1775067659,3600,92.7231,Normal
337,1775067719,3600,133.7153,Normal
337,1775067779,3600,133.2331,Normal
337,1775067839,3600,140.9793,Normal
337,1775067899,3600,125.5975,Normal
337,1775067959,3600,136.6593,Normal
337,1775068019,3600,110.5456,Normal
337,1775068079,3600,130.6318,Normal
337,1775068139,3600,151.1851,Normal
337,1775068199,3600,108.8837,Normal
337,1775068259,3600,82.1581,Normal
337,1775068319,3600,85.2163,Normal
337,1775068379,3600,78.7378,Normal
337,1775068439,3600,91.5209,Normal
337,1775068499,3600,95.274,Normal
337,1775068559,3600,69.6214,Normal
337,1775068619,3600,65.1721,Normal
337,1775068679,3600,11.04,Normal
337,1775068739,3600,8.9948,Normal
337,1775068799,3600,21.3451,Normal
337,1775068859,3600,43.0987,Normal
337,1775068919,3600,18.3512,Normal
337,1775068979,3600,25.9283,Normal
337,1775069039,3600,36.3592,Normal
337,1775069099,3600,61.504,Normal
337,1775069159,3600,103.6098,Normal
337,1775069219,3600,79.9665,Normal
337,1775069279,3600,77.276,Normal
337,1775069339,3600,68.7196,Normal
337,1775069399,3600,77.2311,Normal
337,1775069459,3600,86.2772,Normal
337,1775069519,3600,123.2609,Normal
337,1775069579,3600,143.0371,Normal
337,1775069639,3600,172.0085,Normal
337,1775069699,3600,179.1677,Normal
337,1775069759,3600,180.0335,Normal
337,1775069819,3600,194.9545,Normal
337,1775069879,3600,227.5898,Normal
337,1775069939,3600,195.1102,Normal
337,1775069999,3600,238.6257,Normal
337,1775070059,3600,213.4077,Normal
337,1775070119,3600,225.7932,Normal
337,1775070179,3600,203.3608,Normal
337,1775070239,3600,168.4682,Normal
337,1775070299,3600,187.0661,Normal
337,1775070359,3600,164.8259,Normal
337,1775070419,3600,117.4451,Normal
337,1775070479,3600,116.3535,Normal
337,1775070539,3600,106.9221,Normal
337,1775070599,3600,115.4695,Normal
337,1775070659,3600,109.4485,Normal
337,1775070719,3600,159.74,Normal
337,1775070779,3600,180.1244,Normal
337,1775070839,3600,151.2069,Normal
337,1775070899,3600,164.4608,Normal
337,1775070959,3600,135.0049,Normal
337,1775071019,3600,128.2886,Normal
337,1775071079,3600,119.7619,Normal
337,1775071139,3600,93.9364,Normal
337,1775071199,3600,61.6386,Normal
337,1775071259,3600,98.1094,Normal
337,1775071319,3600,142.6811,Normal
337,1775071379,3600,141.7949,Normal
337,1775071439,3600,167.7667,Normal
337,1775071499,3600,186.7979,Normal
337,1775071559,3600,170.5625,Normal
337,1775071619,3600,122.3921,Normal
337,1775071679,3600,125.1794,Normal
337,1775071739,3600,165.1217,Normal
337,1775071799,3600,115.5707,Normal
337,1775071859,3600,110.1526,Normal
337,1775071919,3600,90.4481,Normal
337,1775071979,3600,69.409,Normal
337,1775072039,3600,63.8288,Normal
337,1775072099,3600,37.7209,Normal
337,1775072159,3600,48.0435,Normal
337,1775072219,3600,53.7387,Normal
337,1775072279,3600,29.5317,Normal
337,1775072339,3600,17.0054,Normal
337,1775072399,3600,11.6158,Normal
337,1775072459,3600,29.5686,Normal
337,1775072519,3600,35.2207,Normal
337,1775072579,3600,53.0365,Normal
337,1775072639,3600,60.2322,Normal
337,1775072699,3600,91.6953,Normal
337,1775072759,3600,111.1967,Normal
337,1775072819,3600,92.8214,Normal
337,1775072879,3600,126.854,Normal
337,1775072939,3600,81.0439,Normal
337,1775072999,3600,97.7785,Normal
337,1775073059,3600,82.9894,Normal
337,1775073119,3600,96.487,Normal
337,1775073179,3600,147.1567,Normal
337,1775073239,3600,214.5947,Normal
337,1775073299,3600,235.3652,Normal
337,1775073359,3600,250.5485,Elevated
337,1775073419,3600,258.3819,Elevated
337,1775073479,3600,297.3405,High
337,1775073539,3600,286.9488,Elevated
337,1775073599,3600,357.2448,High
337,1775073659,3600,359.9945,High
337,1775073719,3600,366.1662,High
337,1775073779,3600,368.5327,High
337,1775073839,3600,362.1275,High
337,1775073899,3600,368.0801,High
337,1775073959,3600,375.3918,High
337,1775074019,3600,326.3972,High
337,1775074079,3600,368.8254,High
337,1775074139,3600,331.3817,High
337,1775074199,3600,344.061,High
337,1775074259,3600,324.6527,High
337,1775074319,3600,365.7673,High
337,1775074379,3600,367.99,High
337,1775074439,3600,370.0899,High
337,1775074499,3600,398.3469,Very High
337,1775074559,3600,379.219,Very High
337,1775074619,3600,404.6784,Very High
337,1775074679,3600,399.5936,Very High
337,1775074739,3600,375.7269,High
337,1775074799,3600,383.0327,Very High
337,1775074859,3600,428.2118,Very High
337,1775074919,3600,475.666,Very High
337,1775074979,3600,477.7453,Very High
337,1775075039,3600,510.952,Extreme
337,1775075099,3600,529.5456,Extreme
337,1775075159,3600,492.4455,Extreme
337,1775075219,3600,491.5223,Extreme
337,1775075279,3600,516.3537,Extreme
337,1775075339,3600,499.8008,Extreme
337,1775075399,3600,469.3686,Very High
337,1775075459,3600,460.1436,Very High
337,1775075519,3600,447.8903,Very High
337,1775075579,3600,416.1499,Very High
337,1775075639,3600,410.0452,Very High
337,1775075699,3600,398.0206,Very High
337,1775075759,3600,413.5863,Very High
337,1775075819,3600,434.2788,Very High
337,1775075879,3600,479.3039,Very High
337,1775075939,3600,449.9002,Very High
337,1775075999,3600,437.6503,Very High
337,1775076059,3600,424.8709,Very High
337,1775076119,3600,392.8063,Very High
337,1775076179,3600,410.3921,Very High
337,1775076239,3600,356.4664,High
337,1775076299,3600,337.5329,High
337,1775076359,3600,343.1652,High
337,1775076419,3600,366.6011,High
337,1775076479,3600,321.1732,High
337,1775076539,3600,327.1087,High
337,1775076599,3600,305.8029,High
337,1775076659,3600,326.846,High
337,1775076719,3600,351.5688,High
337,1775076779,3600,316.2787,High
337,1775076839,3600,256.1661,Elevated
337,1775076899,3600,241.4027,Normal
337,1775076959,3600,199.7303,Normal
337,1775077019,3600,165.1715,Normal
337,1775077079,3600,126.8008,Normal
337,1775077139,3600,118.1826,Normal
337,1775077199,3600,110.111,Normal
337,1775077259,3600,108.5888,Normal
337,1775077319,3600,114.9353,Normal
337,1775077379,3600,139.5765,Normal
337,1775077439,3600,188.1672,Normal
337,1775077499,3600,176.981,Normal
337,1775077559,3600,163.3667,Normal
337,1775077619,3600,140.3406,Normal
337,1775077679,3600,79.2046,Normal
337,1775077739,3600,84.8994,Normal
337,1775077799,3600,91.8486,Normal
337,1775077859,3600,100.2904,Normal
337,1775077919,3600,64.3614,Normal
337,1775077979,3600,64.5411,Normal
337,1775078039,3600,36.3688,Normal
337,1775078099,3600,66.6629,Normal
337,1775078159,3600,64.6708,Normal
337,1775078219,3600,55.0946,Normal
337,1775078279,3600,17.9267,Normal
337,1775078339,3600,8.9036,Normal
337,1775078399,3600,3.7067,Normal
337,1775078459,3600,21.5855,Normal
337,1775078519,3600,62.5623,Normal
337,1775078579,3600,81.6863,Normal
337,1775078639,3600,114.3993,Normal
337,1775078699,3600,87.3319,Normal
337,1775078759,3600,72.7127,Normal
337,1775078819,3600,82.7494,Normal
337,1775078879,3600,113.9991,Normal
337,1775078939,3600,84.13,Normal
337,1775078999,3600,78.2697,Normal
337,1775079059,3600,51.6973,Normal
337,1775079119,3600,53.6316,Normal
337,1775079179,3600,32.6341,Normal
337,1775079239,3600,39.0872,Normal
337,1775079299,3600,25.3591,Normal
337,1775079359,3600,31.885,Normal
337,1775079419,3600,30.6847,Normal
337,1775079479,3600,75.6402,Normal
337,1775079539,3600,78.9649,Normal
337,1775079599,3600,90.8304,Normal
337,1775079659,3600,47.0606,Normal
337,1775079719,3600,2.6485,Normal
337,1775079779,3600,21.7352,Normal
337,1775079839,3600,21.5385,Normal
337,1775079899,3600,11.0583,Normal
337,1775079959,3600,10.8026,Normal
337,1775080019,3600,45.4839,Normal
337,1775080079,3600,20.7714,Normal
337,1775080139,3600,21.5486,Normal
337,1775080199,3600,64.7786,Normal
337,1775080259,3600,58.1004,Normal
337,1775080319,3600,36.8283,Normal
337,1775080379,3600,20.9625,Normal
337,1775080439,3600,33.512,Normal
337,1775080499,3600,14.8779,Normal
337,1775080559,3600,24.7831,Normal
337,1775080619,3600,55.0581,Normal
337,1775080679,3600,77.7543,Normal
337,1775080739,3600,84.3103,Normal
337,1775080799,3600,56.0996,Normal
337,1775080859,3600,26.3323,Normal
337,1775080919,3600,44.8027,Normal
337,1775080979,3600,25.138,Normal
337,1775081039,3600,11.8194,Normal
337,1775081099,3600,21.7012,Normal
337,1775081159,3600,36.3853,Normal
337,1775081219,3600,113.9333,Normal
337,1775081279,3600,111.2094,Normal
337,1775081339,3600,127.477,Normal
337,1775081399,3600,133.5319,Normal
337,1775081459,3600,126.9494,Normal
337,1775081519,3600,185.2071,Normal
337,1775081579,3600,198.7458,Normal
337,1775081639,3600,179.1886,Normal
337,1775081699,3600,136.2248,Normal
337,1775081759,3600,126.2364,Normal
337,1775081819,3600,117.3112,Normal
337,1775081879,3600,128.6789,Normal
337,1775081939,3600,162.4125,Normal
337,1775081999,3600,130.2475,Normal
337,1775082059,3600,137.9383,Normal
337,1775082119,3600,148.3004,Normal
337,1775082179,3600,159.9166,Normal
337,1775082239,3600,186.7893,Normal
337,1775082299,3600,119.8856,Normal
337,1775082359,3600,116.3236,Normal
337,1775082419,3600,126.1559,Normal
337,1775082479,3600,77.9495,Normal
337,1775082539,3600,68.1381,Normal
337,1775082599,3600,52.6303,Normal
337,1775082659,3600,39.1764,Normal
337,1775082719,3600,15.3765,Normal
337,1775082779,3600,5.1215,Normal
337,1775082839,3600,3.5916,Normal
337,1775082899,3600,29.3116,Normal
337,1775082959,3600,7.8234,Normal
337,1775083019,3600,48.5805,Normal
337,1775083079,3600,52.7765,Normal
337,1775083139,3600,75.8289,Normal
337,1775083199,3600,47.8301,Normal
337,1775083259,3600,65.1545,Normal
337,1775083319,3600,77.4342,Normal
337,1775083379,3600,83.1372,Normal
337,1775083439,3600,77.4337,Normal
337,1775083499,3600,93.8883,Normal
337,1775083559,3600,84.9089,Normal
337,1775083619,3600,60.3697,Normal
337,1775083679,3600,76.6525,Normal
337,1775083739,3600,112.6295,Normal
337,1775083799,3600,164.0344,Normal
337,1775083859,3600,152.1154,Normal
337,1775083919,3600,134.1193,Normal
337,1775083979,3600,133.1122,Normal
337,1775084039,3600,149.6778,Normal
337,1775084099,3600,115.675,Normal
337,1775084159,3600,91.6828,Normal
337,1775084219,3600,81.525,Normal
337,1775084279,3600,85.0338,Normal
337,1775084339,3600,118.4097,Normal
337,1775084399,3600,108.9178,Normal
337,1775084459,3600,98.6018,Normal
337,1775084519,3600,126.868,Normal
337,1775084579,3600,144.7642,Normal
337,1775084639,3600,185.7611,Normal
337,1775084699,3600,188.3722,Normal
337,1775084759,3600,212.6221,Normal
337,1775084819,3600,280.5429,Elevated
337,1775084879,3600,246.9643,Elevated
337,1775084939,3600,220.0758,Normal
337,1775084999,3600,257.957,Elevated
337,1775085059,3600,278.2449,Elevated
337,1775085119,3600,307.6883,High
337,1775085179,3600,300.8472,High
337,1775085239,3600,281.3216,Elevated
337,1775085299,3600,261.4647,Elevated
337,1775085359,3600,254.6915,Elevated
337,1775085419,3600,270.9755,Elevated
337,1775085479,3600,255.8881,Elevated
337,1775085539,3600,255.2252,Elevated
337,1775085599,3600,237.8676,Normal
337,1775085659,3600,261.5946,Elevated
337,1775085719,3600,278.2435,Elevated
337,1775085779,3600,278.1385,Elevated
337,1775085839,3600,261.6451,Elevated
337,1775085899,3600,244.615,Elevated
337,1775085959,3600,255.1172,Elevated
337,1775086019,3600,243.2916,Elevated
337,1775086079,3600,225.517,Normal
337,1775086139,3600,160.3304,Normal
337,1775086199,3600,154.5145,Normal
337,1775086259,3600,159.5928,Normal
337,1775086319,3600,179.0893,Normal
337,1775086379,3600,155.9194,Normal
337,1775086439,3600,156.5034,Normal
337,1775086499,3600,175.2629,Normal
337,1775086559,3600,166.7219,Normal
337,1775086619,3600,124.3863,Normal
337,1775086679,3600,152.1215,Normal
337,1775086739,3600,111.0869,Normal
337,1775086799,3600,119.8158,Normal
337,1775086859,3600,156.7445,Normal
337,1775086919,3600,141.929,Normal
337,1775086979,3600,147.7026,Normal
337,1775087039,3600,181.7534,Normal
337,1775087099,3600,118.7616,Normal
337,1775087159,3600,107.8931,Normal
337,1775087219,3600,103.7535,Normal
337,1775087279,3600,84.039,Normal
337,1775087339,3600,77.1901,Normal
337,1775087399,3600,82.3773,Normal
337,1775087459,3600,94.763,Normal
337,1775087519,3600,80.7056,Normal
337,1775087579,3600,47.4635,Normal
337,1775087639,3600,24.917,Normal
337,1775087699,3600,56.9504,Normal
337,1775087759,3600,44.1911,Normal
337,1775087819,3600,32.9083,Normal
337,1775087879,3600,57.7379,Normal
337,1775087939,3600,11.8518,Normal
337,1775087999,3600,9.7172,Normal
337,1775088059,3600,8.2642,Normal
337,1775088119,3600,7.6158,Normal
337,1775088179,3600,21.7229,Normal
337,1775088239,3600,39.6566,Normal
337,1775088299,3600,2.0673,Normal
337,1775088359,3600,22.066,Normal
337,1775088419,3600,62.8301,Normal
337,1775088479,3600,11.5171,Normal
337,1775088539,3600,1.3031,Normal
337,1775088599,3600,35.5932,Normal
337,1775088659,3600,48.0328,Normal
337,1775088719,3600,1.7533,Normal
337,1775088779,3600,21.3675,Normal
337,1775088839,3600,19.9535,Normal
337,1775088899,3600,8.8424,Normal
337,1775088959,3600,4.9136,Normal
337,1775089019,3600,2.5439,Normal
337,1775089079,3600,20.7916,Normal
337,1775089139,3600,44.8898,Normal
337,1775089199,3600,32.0841,Normal
337,1775089259,3600,13.9052,Normal
337,1775089319,3600,13.9327,Normal
337,1775089379,3600,31.6055,Normal
337,1775089439,3600,35.6005,Normal
337,1775089499,3600,66.1015,Normal
337,1775089559,3600,53.596,Normal
337,1775089619,3600,63.3913,Normal
337,1775089679,3600,56.7179,Normal
337,1775089739,3600,6.8946,Normal
337,1775089799,3600,6.9701,Normal
337,1775089859,3600,13.7657,Normal
337,1775089919,3600,37.7586,Normal
337,1775089979,3600,23.4429,Normal
337,1775090039,3600,11.5279,Normal
337,1775090099,3600,20.1791,Normal
337,1775090159,3600,0.6066,Normal
337,1775090219,3600,10.7712,Normal
337,1775090279,3600,28.96,Normal
337,1775090339,3600,35.0512,Normal
337,1775090399,3600,16.9419,Normal
337,1775090459,3600,47.0847,Normal
337,1775090519,3600,7.3173,Normal
337,1775090579,3600,16.761,Normal
337,1775090639,3600,1.8176,Normal
337,1775090699,3600,23.7283,Normal
337,1775090759,3600,25.7425,Normal
337,1775090819,3600,36.7851,Normal
337,1775090879,3600,48.0671,Normal
337,1775090939,3600,32.2195,Normal
337,1775090999,3600,1.4863,Normal
337,1775091059,3600,8.413,Normal
337,1775091119,3600,41.6603,Normal
337,1775091179,3600,49.7381,Normal
337,1775091239,3600,63.1771,Normal
337,1775091299,3600,79.7122,Normal
337,1775091359,3600,98.9143,Normal
337,1775091419,3600,95.9725,Normal
337,1775091479,3600,49.8795,Normal
337,1775091539,3600,80.3374,Normal
337,1775091599,3600,79.3846,Normal
337,1775091659,3600,101.5727,Normal
337,1775091719,3600,90.7048,Normal
337,1775091779,3600,108.3013,Normal
337,1775091839,3600,120.7423,Normal
337,1775091899,3600,92.9878,Normal
337,1775091959,3600,127.7134,Normal
337,1775092019,3600,145.4542,Normal
337,1775092079,3600,89.9536,Normal
337,1775092139,3600,121.2225,Normal
337,1775092199,3600,131.0112,Normal
337,1775092259,3600,160.8598,Normal
337,1775092319,3600,141.2091,Normal
337,1775092379,3600,154.2574,Normal
337,1775092439,3600,184.8811,Normal
337,1775092499,3600,130.4713,Normal
337,1775092559,3600,114.3087,Normal
337,1775092619,3600,83.1574,Normal
337,1775092679,3600,64.5901,Normal
337,1775092739,3600,48.5549,Normal
337,1775092799,3600,65.0842,Normal
337,1775092859,3600,90.215,Normal
337,1775092919,3600,74.2038,Normal
337,1775092979,3600,98.4041,Normal
337,1775093039,3600,139.3857,Normal
337,1775093099,3600,118.3006,Normal
337,1775093159,3600,70.4088,Normal
337,1775093219,3600,101.6999,Normal
337,1775093279,3600,83.5855,Normal
337,1775093339,3600,76.3989,Normal
337,1775093399,3600,59.4455,Normal
337,1775093459,3600,69.5475,Normal
337,1775093519,3600,81.7122,Normal
337,1775093579,3600,104.5427,Normal
337,1775093639,3600,121.6848,Normal
337,1775093699,3600,78.942,Normal
337,1775093759,3600,60.1774,Normal
337,1775093819,3600,79.1289,Normal
337,1775093879,3600,67.6397,Normal
337,1775093939,3600,86.588,Normal
337,1775093999,3600,48.2727,Normal
337,1775094059,3600,51.7211,Normal
337,1775094119,3600,36.7663,Normal
337,1775094179,3600,17.5398,Normal
337,1775094239,3600,4.3462,Normal
337,1775094299,3600,14.6535,Normal
337,1775094359,3600,33.3725,Normal
337,1775094419,3600,23.7353,Normal
337,1775094479,3600,4.4629,Normal
337,1775094539,3600,13.8756,Normal
337,1775094599,3600,10.0612,Normal
337,1775094659,3600,28.4412,Normal
337,1775094719,3600,48.9419,Normal
337,1775094779,3600,7.7726,Normal
337,1775094839,3600,31.5281,Normal
337,1775094899,3600,71.8549,Normal
337,1775094959,3600,31.6905,Normal
337,1775095019,3600,51.7755,Normal
337,1775095079,3600,20.3296,Normal
337,1775095139,3600,33.4555,Normal
337,1775095199,3600,22.7597,Normal
337,1775095259,3600,51.8653,Normal
337,1775095319,3600,40.0898,Normal
337,1775095379,3600,51.9074,Normal
337,1775095439,3600,80.0891,Normal
337,1775095499,3600,67.535,Normal
337,1775095559,3600,139.6565,Normal
337,1775095619,3600,111.1225,Normal
337,1775095679,3600,74.7362,Normal
337,1775095739,3600,85.6777,Normal
337,1775095799,3600,85.5707,Normal
337,1775095859,3600,138.8735,Normal
337,1775095919,3600,184.5259,Normal
337,1775095979,3600,212.0031,Normal
337,1775096039,3600,164.9545,Normal
337,1775096099,3600,155.4253,Normal
337,1775096159,3600,123.4394,Normal
337,1775096219,3600,133.1949,Normal
337,1775096279,3600,131.436,Normal
337,1775096339,3600,154.5904,Normal
337,1775096399,3600,178.34,Normal
337,1775096459,3600,163.9223,Normal
337,1775096519,3600,161.3696,Normal
337,1775096579,3600,171.0844,Normal
337,1775096639,3600,193.2148,Normal
337,1775096699,3600,174.7018,Normal
337,1775096759,3600,154.4237,Normal
337,1775096819,3600,208.4554,Normal
337,1775096879,3600,195.9877,Normal
337,1775096939,3600,185.4532,Normal
337,1775096999,3600,186.6773,Normal
337,1775097059,3600,190.3265,Normal
337,1775097119,3600,168.519,Normal
337,1775097179,3600,224.0475,Normal
337,1775097239,3600,240.7905,Normal
337,1775097299,3600,220.517,Normal
337,1775097359,3600,211.7394,Normal
337,1775097419,3600,181.5652,Normal
337,1775097479,3600,198.7801,Normal
337,1775097539,3600,183.5118,Normal
337,1775097599,3600,186.2114,Normal
337,1775097659,3600,186.0005,Normal
337,1775097719,3600,196.1238,Normal
337,1775097779,3600,198.2709,Normal
337,1775097839,3600,225.3663,Normal
337,1775097899,3600,243.7238,Elevated
337,1775097959,3600,265.3301,Elevated
337,1775098019,3600,264.5215,Elevated
337,1775098079,3600,285.435,Elevated
337,1775098139,3600,261.6917,Elevated
337,1775098199,3600,205.8063,Normal
337,1775098259,3600,211.816,Normal
337,1775098319,3600,238.386,Normal
337,1775098379,3600,271.7834,Elevated
337,1775098439,3600,288.1353,High
337,1775098499,3600,268.7386,Elevated
337,1775098559,3600,307.2245,High
337,1775098619,3600,268.7421,Elevated
337,1775098679,3600,262.6483,Elevated
337,1775098739,3600,274.8308,Elevated
337,1775098799,3600,289.5693,High
337,1775098859,3600,270.6822,Elevated
337,1775098919,3600,283.558,Elevated
337,1775098979,3600,233.3884,Normal
337,1775099039,3600,223.62,Normal
337,1775099099,3600,261.2188,Elevated
337,1775099159,3600,248.9609,Elevated
337,1775099219,3600,245.9247,Elevated
337,1775099279,3600,251.4162,Elevated
337,1775099339,3600,246.3785,Elevated
337,1775099399,3600,212.0276,Normal
337,1775099459,3600,204.3145,Normal
337,1775099519,3600,146.6156,Normal
337,1775099579,3600,148.3636,Normal
337,1775099639,3600,153.0312,Normal
337,1775099699,3600,135.9947,Normal
337,1775099759,3600,181.2549,Normal
337,1775099819,3600,144.5328,Normal
337,1775099879,3600,131.2436,Normal
337,1775099939,3600,100.3312,Normal
337,1775099999,3600,73.0929,Normal
337,1775100059,3600,112.1429,Normal
337,1775100119,3600,96.2774,Normal
337,1775100179,3600,85.4107,Normal
337,1775100239,3600,95.5169,Normal
337,1775100299,3600,107.1055,Normal
337,1775100359,3600,95.7641,Normal
337,1775100419,3600,52.6071,Normal
337,1775100479,3600,115.2457,Normal
337,1775100539,3600,122.8297,Normal
337,1775100599,3600,151.6828,Normal
337,1775100659,3600,169.6736,Normal
337,1775100719,3600,187.3695,Normal
337,1775100779,3600,172.2057,Normal
337,1775100839,3600,179.2111,Normal
337,1775100899,3600,156.7099,Normal
337,1775100959,3600,140.2981,Normal
337,1775101019,3600,167.9997,Normal
337,1775101079,3600,112.1129,Normal
337,1775101139,3600,134.1571,Normal
337,1775101199,3600,94.5714,Normal
337,1775101259,3600,77.85,Normal
337,1775101319,3600,49.8001,Normal
337,1775101379,3600,36.6563,Normal
337,1775101439,3600,5.0484,Normal
337,1775101499,3600,31.7988,Normal
337,1775101559,3600,4.3821,Normal
337,1775101619,3600,71.5959,Normal
337,1775101679,3600,100.0929,Normal
337,1775101739,3600,91.5275,Normal
337,1775101799,3600,50.8116,Normal
337,1775101859,3600,64.698,Normal
337,1775101919,3600,94.6279,Normal
337,1775101979,3600,95.4979,Normal
337,1775102039,3600,141.2639,Normal
337,1775102099,3600,132.0837,Normal
337,1775102159,3600,175.0215,Normal
337,1775102219,3600,167.3151,Normal
337,1775102279,3600,155.1389,Normal
337,1775102339,3600,164.1971,Normal
337,1775102399,3600,163.1541,Normal
337,1775102459,3600,161.8146,Normal
337,1775102519,3600,170.6345,Normal
337,1775102579,3600,132.9373,Normal
337,1775102639,3600,92.4627,Normal
337,1775102699,3600,127.3165,Normal
337,1775102759,3600,153.5039,Normal
337,1775102819,3600,126.0117,Normal
337,1775102879,3600,160.4622,Normal
337,1775102939,3600,140.0743,Normal
337,1775102999,3600,87.6019,Normal
337,1775103059,3600,117.6367,Normal
337,1775103119,3600,85.9893,Normal
337,1775103179,3600,81.701,Normal
337,1775103239,3600,79.5423,Normal
337,1775103299,3600,106.844,Normal
337,1775103359,3600,160.3079,Normal
337,1775103419,3600,99.6846,Normal
337,1775103479,3600,92.5525,Normal
337,1775103539,3600,73.9359,Normal
337,1775103599,3600,80.0092,Normal
337,1775103659,3600,105.2103,Normal
337,1775103719,3600,97.7985,Normal
337,1775103779,3600,100.5181,Normal
337,1775103839,3600,113.3592,Normal
337,1775103899,3600,103.6126,Normal
337,1775103959,3600,87.5629,Normal
337,1775104019,3600,108.2612,Normal
337,1775104079,3600,137.8011,Normal
337,1775104139,3600,118.5877,Normal
337,1775104199,3600,135.8654,Normal
337,1775104259,3600,146.0713,Normal
337,1775104319,3600,150.9557,Normal
337,1775104379,3600,175.2728,Normal
337,1775104439,3600,154.7322,Normal
337,1775104499,3600,136.2178,Normal
337,1775104559,3600,123.9334,Normal
337,1775104619,3600,99.7844,Normal
337,1775104679,3600,69.3353,Normal
337,1775104739,3600,115.0835,Normal
337,1775104799,3600,112.7551,Normal
337,1775104859,3600,87.8169,Normal
337,1775104919,3600,41.4089,Normal
337,1775104979,3600,17.9286,Normal
337,1775105039,3600,6.1201,Normal
337,1775105099,3600,28.0514,Normal
337,1775105159,3600,32.6775,Normal
337,1775105219,3600,40.4795,Normal
337,1775105279,3600,27.3396,Normal
337,1775105339,3600,31.5175,Normal
337,1775105399,3600,7.1153,Normal
337,1775105459,3600,22.5333,Normal
337,1775105519,3600,12.3503,Normal
337,1775105579,3600,35.1739,Normal
337,1775105639,3600,18.6414,Normal
337,1775105699,3600,24.2127,Normal
337,1775105759,3600,0.0824,Normal
337,1775105819,3600,9.3337,Normal
337,1775105879,3600,24.5491,Normal
337,1775105939,3600,54.0441,Normal
337,1775105999,3600,79.2004,Normal
337,1775106059,3600,101.1442,Normal
337,1775106119,3600,81.1635,Normal
337,1775106179,3600,88.1924,Normal
337,1775106239,3600,122.1773,Normal
337,1775106299,3600,122.7039,Normal
337,1775106359,3600,147.9207,Normal
337,1775106419,3600,191.0251,Normal
337,1775106479,3600,149.8788,Normal
337,1775106539,3600,183.8078,Normal
337,1775106599,3600,199.8441,Normal
337,1775106659,3600,165.094,Normal
337,1775106719,3600,157.3386,Normal
337,1775106779,3600,164.3079,Normal
337,1775106839,3600,148.6242,Normal
337,1775106899,3600,150.284,Normal
337,1775106959,3600,121.2447,Normal
337,1775107019,3600,157.2821,Normal
337,1775107079,3600,142.9851,Normal
337,1775107139,3600,171.0873,Normal
337,1775107199,3600,175.012,Normal
337,1775107259,3600,170.8747,Normal
337,1775107319,3600,179.6519,Normal
337,1775107379,3600,149.8299,Normal
337,1775107439,3600,163.4455,Normal
337,1775107499,3600,165.748,Normal
337,1775107559,3600,186.0887,Normal
337,1775107619,3600,177.7621,Normal
337,1775107679,3600,211.0801,Normal
337,1775107739,3600,221.2932,Normal
337,1775107799,3600,210.5684,Normal
337,1775107859,3600,193.0676,Normal
337,1775107919,3600,200.1427,Normal
337,1775107979,3600,194.431,Normal
337,1775108039,3600,223.513,Normal
337,1775108099,3600,240.4958,Normal
337,1775108159,3600,202.7165,Normal
337,1775108219,3600,187.1488,Normal
337,1775108279,3600,164.6278,Normal
337,1775108339,3600,124.5754,Normal
337,1775108399,3600,120.8483,Normal
337,1775108459,3600,112.5266,Normal
337,1775108519,3600,149.476,Normal
337,1775108579,3600,169.8503,Normal
337,1775108639,3600,171.8601,Normal
337,1775108699,3600,181.7356,Normal
337,1775108759,3600,184.575,Normal
337,1775108819,3600,171.3783,Normal
337,1775108879,3600,150.6398,Normal
337,1775108939,3600,117.2756,Normal
337,1775108999,3600,97.5832,Normal
337,1775109059,3600,114.9648,Normal
337,1775109119,3600,85.5101,Normal
337,1775109179,3600,57.4423,Normal
337,1775109239,3600,59.5986,Normal
337,1775109299,3600,56.597,Normal
337,1775109359,3600,36.6161,Normal
337,1775109419,3600,69.8682,Normal
337,1775109479,3600,58.35,Normal
337,1775109539,3600,55.2499,Normal
337,1775109599,3600,43.8831,Normal
337,1775109659,3600,67.8601,Normal
337,1775109719,3600,102.4337,Normal
337,1775109779,3600,74.9187,Normal
337,1775109839,3600,76.4501,Normal
337,1775109899,3600,60.405,Normal
337,1775109959,3600,59.8421,Normal
337,1775110019,3600,1.8969,Normal
337,1775110079,3600,15.542,Normal
337,1775110139,3600,50.5982,Normal
337,1775110199,3600,18.8088,Normal
337,1775110259,3600,42.2382,Normal
337,1775110319,3600,15.5446,Normal
337,1775110379,3600,4.8782,Normal
337,1775110439,3600,20.897,Normal
337,1775110499,3600,6.5109,Normal
337,1775110559,3600,44.7324,Normal
337,1775110619,3600,40.2789,Normal
337,1775110679,3600,45.9533,Normal
337,1775110739,3600,72.5258,Normal
337,1775110799,3600,91.8416,Normal
337,1775110859,3600,109.24,Normal
337,1775110919,3600,148.0089,Normal
337,1775110979,3600,133.6506,Normal
337,1775111039,3600,98.5469,Normal
337,1775111099,3600,100.7896,Normal
337,1775111159,3600,104.7721,Normal
337,1775111219,3600,122.8921,Normal
337,1775111279,3600,152.6106,Normal
337,1775111339,3600,167.196,Normal
337,1775111399,3600,166.8407,Normal
337,1775111459,3600,150.6142,Normal
337,1775111519,3600,192.5164,Normal
337,1775111579,3600,189.3067,Normal
337,1775111639,3600,183.9568,Normal
337,1775111699,3600,230.6097,Normal
337,1775111759,3600,194.1458,Normal
337,1775111819,3600,187.962,Normal
337,1775111879,3600,167.5191,Normal
337,1775111939,3600,155.9126,Normal
337,1775111999,3600,117.21,Normal
337,1775112059,3600,100.0652,Normal
337,1775112119,3600,102.1985,Normal
337,1775112179,3600,94.4768,Normal
337,1775112239,3600,93.9636,Normal
337,1775112299,3600,108.777,Normal
337,1775112359,3600,107.1217,Normal
337,1775112419,3600,87.2338,Normal
337,1775112479,3600,75.6877,Normal
337,1775112539,3600,82.1085,Normal
337,1775112599,3600,67.9328,Normal
337,1775112659,3600,68.7759,Normal
337,1775112719,3600,74.3695,Normal
337,1775112779,3600,59.513,Normal
337,1775112839,3600,64.6759,Normal
337,1775112899,3600,110.6179,Normal
337,1775112959,3600,84.028,Normal
337,1775113019,3600,108.5093,Normal
337,1775113079,3600,102.4305,Normal
337,1775113139,3600,125.0959,Normal
337,1775113199,3600,88.6347,Normal
337,1775113259,3600,146.0305,Normal
337,1775113319,3600,190.7751,Normal
337,1775113379,3600,185.0186,Normal
337,1775113439,3600,161.1732,Normal
337,1775113499,3600,165.7207,Normal
337,1775113559,3600,159.105,Normal
337,1775113619,3600,147.8433,Normal
337,1775113679,3600,152.2271,Normal
337,1775113739,3600,133.1803,Normal
337,1775113799,3600,173.5999,Normal
337,1775113859,3600,128.7163,Normal
337,1775113919,3600,141.3706,Normal
337,1775113979,3600,161.2779,Normal
337,1775114039,3600,198.2721,Normal
337,1775114099,3600,188.6256,Normal
337,1775114159,3600,184.6257,Normal
337,1775114219,3600,201.2798,Normal
337,1775114279,3600,182.1753,Normal
337,1775114339,3600,178.8834,Normal
337,1775114399,3600,191.2313,Normal
337,1775114459,3600,176.7048,Normal
337,1775114519,3600,141.1718,Normal
337,1775114579,3600,113.6369,Normal
337,1775114639,3600,192.0554,Normal
337,1775114699,3600,177.8032,Normal
337,1775114759,3600,229.5132,Normal
337,1775114819,3600,188.926,Normal
337,1775114879,3600,166.352,Normal
337,1775114939,3600,174.0323,Normal
337,1775114999,3600,152.3412,Normal
337,1775115059,3600,169.3775,Normal
337,1775115119,3600,126.7214,Normal
337,1775115179,3600,160.6361,Normal
337,1775115239,3600,181.7508,Normal
337,1775115299,3600,175.3572,Normal
337,1775115359,3600,194.1561,Normal
337,1775115419,3600,182.704,Normal
337,1775115479,3600,181.5476,Normal
337,1775115539,3600,180.8916,Normal
337,1775115599,3600,216.9161,Normal
337,1775115659,3600,189.4563,Normal
337,1775115719,3600,189.7076,Normal
337,1775115779,3600,157.2175,Normal
337,1775115839,3600,160.4287,Normal
337,1775115899,3600,149.4328,Normal
337,1775115959,3600,166.895,Normal
337,1775116019,3600,150.5642,Normal
337,1775116079,3600,137.959,Normal
337,1775116139,3600,98.3402,Normal
337,1775116199,3600,66.0352,Normal
337,1775116259,3600,23.912,Normal
337,1775116319,3600,44.1463,Normal
337,1775116379,3600,72.8061,Normal
337,1775116439,3600,61.5131,Normal
337,1775116499,3600,36.4656,Normal
337,1775116559,3600,65.3839,Normal
337,1775116619,3600,88.4764,Normal
337,1775116679,3600,72.2206,Normal
337,1775116739,3600,49.907,Normal
337,1775116799,3600,114.3548,Normal
337,1775116859,3600,113.0444,Normal
337,1775116919,3600,126.5224,Normal
337,1775116979,3600,79.817,Normal
337,1775117039,3600,81.3272,Normal
337,1775117099,3600,80.0948,Normal
337,1775117159,3600,110.6862,Normal
337,1775117219,3600,90.5478,Normal
337,1775117279,3600,85.7514,Normal
337,1775117339,3600,77.1542,Normal
337,1775117399,3600,51.3469,Normal
337,1775117459,3600,83.9907,Normal
337,1775117519,3600,81.6549,Normal
337,1775117579,3600,53.5639,Normal
337,1775117639,3600,44.6937,Normal
337,1775117699,3600,37.873,Normal
337,1775117759,3600,2.2898,Normal
337,1775117819,3600,67.2878,Normal
337,1775117879,3600,91.6162,Normal
337,1775117939,3600,101.4996,Normal
337,1775117999,3600,115.4648,Normal
337,1775118059,3600,106.8238,Normal
337,1775118119,3600,116.9308,Normal
337,1775118179,3600,90.5092,Normal
337,1775118239,3600,133.8662,Normal
337,1775118299,3600,149.9175,Normal
337,1775118359,3600,191.2288,Normal
337,1775118419,3600,153.7758,Normal
337,1775118479,3600,153.2206,Normal
337,1775118539,3600,150.9675,Normal
337,1775118599,3600,165.1452,Normal
337,1775118659,3600,176.7722,Normal
337,1775118719,3600,137.4378,Normal
337,1775118779,3600,145.0691,Normal
337,1775118839,3600,173.8131,Normal
337,1775118899,3600,211.283,Normal
337,1775118959,3600,244.8715,Elevated
337,1775119019,3600,248.8153,Elevated
337,1775119079,3600,232.639,Normal
337,1775119139,3600,216.7429,Normal
337,1775119199,3600,203.6103,Normal
337,1775119259,3600,193.7715,Normal
337,1775119319,3600,188.4384,Normal
337,1775119379,3600,150.9276,Normal
337,1775119439,3600,168.7944,Normal
337,1775119499,3600,126.8619,Normal
337,1775119559,3600,91.813,Normal
337,1775119619,3600,72.7476,Normal
337,1775119679,3600,85.8892,Normal
337,1775119739,3600,72.9688,Normal
337,1775119799,3600,2.3729,Normal
337,1775119859,3600,20.6225,Normal
337,1775119919,3600,21.868,Normal
337,1775119979,3600,70.97,Normal
337,1775120039,3600,52.0193,Normal
337,1775120099,3600,73.8431,Normal
337,1775120159,3600,102.806,Normal
337,1775120219,3600,105.3536,Normal
337,1775120279,3600,80.3901,Normal
337,1775120339,3600,76.3608,Normal
337,1775120399,3600,84.2132,Normal
337,1775120459,3600,83.9176,Normal
337,1775120519,3600,151.5504,Normal
337,1775120579,3600,142.0372,Normal
337,1775120639,3600,130.6364,Normal
337,1775120699,3600,125.1175,Normal
337,1775120759,3600,103.757,Normal
337,1775120819,3600,88.7065,Normal
337,1775120879,3600,93.7948,Normal
337,1775120939,3600,96.7945,Normal
337,1775120999,3600,80.5679,Normal
337,1775121059,3600,109.3117,Normal
337,1775121119,3600,103.9609,Normal
337,1775121179,3600,88.2855,Normal
337,1775121239,3600,88.3509,Normal
337,1775121299,3600,131.1412,Normal
337,1775121359,3600,123.2075,Normal
337,1775121419,3600,84.2115,Normal
337,1775121479,3600,62.6089,Normal
337,1775121539,3600,67.8539,Normal
337,1775121599,3600,58.2109,Normal
337,1775121659,3600,72.831,Normal
337,1775121719,3600,103.8448,Normal
337,1775121779,3600,66.3098,Normal
337,1775121839,3600,47.2352,Normal
337,1775121899,3600,73.4898,Normal
337,1775121959,3600,77.9755,Normal
337,1775122019,3600,91.3163,Normal
337,1775122079,3600,134.1525,Normal
337,1775122139,3600,162.1486,Normal
337,1775122199,3600,156.0738,Normal
337,1775122259,3600,184.5525,Normal
337,1775122319,3600,212.4001,Normal
337,1775122379,3600,239.9096,Normal
337,1775122439,3600,190.7313,Normal
337,1775122499,3600,161.0597,Normal
337,1775122559,3600,166.6704,Normal
337,1775122619,3600,169.5024,Normal
337,1775122679,3600,195.1701,Normal
337,1775122739,3600,160.691,Normal
337,1775122799,3600,206.7409,Normal
337,1775122859,3600,195.5563,Normal
337,1775122919,3600,195.9747,Normal
337,1775122979,3600,220.8901,Normal
337,1775123039,3600,215.2385,Normal
337,1775123099,3600,295.5342,High
337,1775123159,3600,294.5728,High
337,1775123219,3600,262.7657,Elevated
337,1775123279,3600,223.191,Normal
337,1775123339,3600,215.4426,Normal
337,1775123399,3600,243.8194,Elevated
337,1775123459,3600,212.3743,Normal
337,1775123519,3600,207.6251,Normal
337,1775123579,3600,185.6829,Normal
337,1775123639,3600,179.9207,Normal
337,1775123699,3600,185.4827,Normal
337,1775123759,3600,157.1603,Normal
337,1775123819,3600,130.4165,Normal
337,1775123879,3600,159.5845,Normal
337,1775123939,3600,162.9704,Normal
337,1775123999,3600,148.9193,Normal
337,1775124059,3600,182.4186,Normal
337,1775124119,3600,142.7809,Normal
337,1775124179,3600,110.6541,Normal
337,1775124239,3600,101.6421,Normal
337,1775124299,3600,101.4103,Normal
337,1775124359,3600,77.0167,Normal
337,1775124419,3600,93.3727,Normal
337,1775124479,3600,95.8568,Normal
337,1775124539,3600,21.8076,Normal
337,1775124599,3600,62.4201,Normal
337,1775124659,3600,57.5489,Normal
337,1775124719,3600,59.1643,Normal
337,1775124779,3600,65.0986,Normal
337,1775124839,3600,51.3802,Normal
337,1775124899,3600,20.0281,Normal
337,1775124959,3600,15.7422,Normal
337,1775125019,3600,34.0658,Normal
337,1775125079,3600,40.8662,Normal
337,1775125139,3600,22.5048,Normal
337,1775125199,3600,38.4012,Normal
337,1775125259,3600,53.9536,Normal
337,1775125319,3600,6.4872,Normal
337,1775125379,3600,31.2669,Normal
337,1775125439,3600,51.7123,Normal
337,1775125499,3600,1.3784,Normal
337,1775125559,3600,36.5024,Normal
337,1775125619,3600,41.3876,Normal
337,1775125679,3600,35.0427,Normal
337,1775125739,3600,13.0002,Normal
337,1775125799,3600,46.9599,Normal
337,1775125859,3600,67.9904,Normal
337,1775125919,3600,86.0808,Normal
337,1775125979,3600,81.2051,Normal
337,1775126039,3600,25.5283,Normal
337,1775126099,3600,2.2805,Normal
337,1775126159,3600,10.4877,Normal
337,1775126219,3600,3.1021,Normal
337,1775126279,3600,27.8776,Normal
337,1775126339,3600,25.2355,Normal
337,1775126399,3600,2.1527,Normal
337,1775126459,3600,18.5209,Normal
337,1775126519,3600,12.4628,Normal
337,1775126579,3600,49.1233,Normal
337,1775126639,3600,68.391,Normal
337,1775126699,3600,127.2413,Normal
337,1775126759,3600,106.0721,Normal
337,1775126819,3600,67.9342,Normal
337,1775126879,3600,81.2576,Normal
337,1775126939,3600,56.7166,Normal
337,1775126999,3600,20.1103,Normal
337,1775127059,3600,3.6057,Normal
337,1775127119,3600,36.1118,Normal
337,1775127179,3600,38.7104,Normal
337,1775127239,3600,6.0978,Normal
337,1775127299,3600,10.9049,Normal
337,1775127359,3600,54.531,Normal
337,1775127419,3600,86.2007,Normal
337,1775127479,3600,47.5965,Normal
337,1775127539,3600,14.4088,Normal
337,1775127599,3600,43.1844,Normal
337,1775127659,3600,36.7632,Normal
337,1775127719,3600,72.0043,Normal
337,1775127779,3600,84.0584,Normal
337,1775127839,3600,108.526,Normal
337,1775127899,3600,104.4732,Normal
337,1775127959,3600,166.2619,Normal
337,1775128019,3600,119.9931,Normal
337,1775128079,3600,109.9626,Normal
337,1775128139,3600,195.7127,Normal
337,1775128199,3600,124.4527,Normal
337,1775128259,3600,126.8501,Normal
337,1775128319,3600,136.6285,Normal
337,1775128379,3600,129.0906,Normal
337,1775128439,3600,166.9248,Normal
337,1775128499,3600,183.7898,Normal
337,1775128559,3600,173.7177,Normal
337,1775128619,3600,158.6344,Normal
337,1775128679,3600,153.4817,Normal
337,1775128739,3600,195.514,Normal
337,1775128799,3600,197.7813,Normal
337,1775128859,3600,163.6604,Normal
337,1775128919,3600,211.7523,Normal
337,1775128979,3600,236.3298,Normal
337,1775129039,3600,256.3183,Elevated
337,1775129099,3600,274.8649,Elevated
337,1775129159,3600,262.3432,Elevated
337,1775129219,3600,270.9177,Elevated
337,1775129279,3600,260.085,Elevated
337,1775129339,3600,228.7221,Normal
337,1775129399,3600,250.5937,Elevated
337,1775129459,3600,244.3062,Elevated
337,1775129519,3600,241.475,Normal
337,1775129579,3600,226.2305,Normal
337,1775129639,3600,235.0541,Normal
337,1775129699,3600,228.3228,Normal
337,1775129759,3600,219.1196,Normal
337,1775129819,3600,208.2932,Normal
337,1775129879,3600,237.4128,Normal
337,1775129939,3600,241.7219,Normal
337,1775129999,3600,241.1253,Normal
337,1775130059,3600,256.8092,Elevated
337,1775130119,3600,285.2225,Elevated
337,1775130179,3600,274.6466,Elevated
337,1775130239,3600,285.0217,Elevated
337,1775130299,3600,292.0767,High
337,1775130359,3600,302.6819,High
337,1775130419,3600,318.1324,High
337,1775130479,3600,346.7948,High
337,1775130539,3600,358.4009,High
337,1775130599,3600,320.3284,High
337,1775130659,3600,312.0072,High
337,1775130719,3600,331.8468,High
337,1775130779,3600,335.1228,High
337,1775130839,3600,334.9669,High
337,1775130899,3600,269.5088,Elevated
337,1775130959,3600,231.843,Normal
337,1775131019,3600,228.3358,Normal
337,1775131079,3600,233.7699,Normal
337,1775131139,3600,229.9784,Normal
337,1775131199,3600,223.6123,Normal
337,1775131259,3600,199.2528,Normal
337,1775131319,3600,187.6957,Normal
337,1775131379,3600,209.6153,Normal
337,1775131439,3600,197.3434,Normal
337,1775131499,3600,206.7591,Normal
337,1775131559,3600,208.1845,Normal
337,1775131619,3600,241.6943,Normal
337,1775131679,3600,249.206,Elevated
337,1775131739,3600,239.4027,Normal
337,1775131799,3600,294.1705,High
337,1775131859,3600,269.4453,Elevated
337,1775131919,3600,239.4909,Normal
337,1775131979,3600,251.7642,Elevated
337,1775132039,3600,247.0629,Elevated
337,1775132099,3600,231.7095,Normal
337,1775132159,3600,246.8675,Elevated
337,1775132219,3600,217.8291,Normal
337,1775132279,3600,258.9055,Elevated
337,1775132339,3600,189.195,Normal
337,1775132399,3600,183.6041,Normal
337,1775132459,3600,190.8772,Normal
337,1775132519,3600,118.8805,Normal
337,1775132579,3600,112.1868,Normal
337,1775132639,3600,83.9199,Normal
337,1775132699,3600,94.5405,Normal
337,1775132759,3600,30.7134,Normal
337,1775132819,3600,34.514,Normal
337,1775132879,3600,15.496,Normal
337,1775132939,3600,3.5869,Normal
337,1775132999,3600,52.7411,Normal
337,1775133059,3600,23.3784,Normal
337,1775133119,3600,1.8384,Normal
337,1775133179,3600,16.3676,Normal
337,1775133239,3600,64.8137,Normal
337,1775133299,3600,41.6913,Normal
337,1775133359,3600,18.2934,Normal
337,1775133419,3600,31.7309,Normal
337,1775133479,3600,35.6329,Normal
337,1775133539,3600,20.2798,Normal
337,1775133599,3600,31.3635,Normal
337,1775133659,3600,32.5017,Normal
337,1775133719,3600,76.831,Normal
337,1775133779,3600,46.5253,Normal
337,1775133839,3600,61.0761,Normal
337,1775133899,3600,46.3593,Normal
337,1775133959,3600,41.9196,Normal
337,1775134019,3600,35.354,Normal
337,1775134079,3600,27.7652,Normal
337,1775134139,3600,56.8742,Normal
337,1775134199,3600,16.225,Normal
337,1775134259,3600,22.225,Normal
337,1775134319,3600,9.8763,Normal
337,1775134379,3600,12.8108,Normal
337,1775134439,3600,21.9504,Normal
337,1775134499,3600,2.5786,Normal
337,1775134559,3600,5.3542,Normal
337,1775134619,3600,23.8214,Normal
337,1775134679,3600,43.0329,Normal
337,1775134739,3600,48.5633,Normal
337,1775134799,3600,21.6235,Normal
337,1775134859,3600,33.196,Normal
337,1775134919,3600,34.6759,Normal
337,1775134979,3600,0.0998,Normal
337,1775135039,3600,7.6865,Normal
337,1775135099,3600,15.9524,Normal
337,1775135159,3600,10.3928,Normal
337,1775135219,3600,25.8703,Normal
337,1775135279,3600,32.6671,Normal
337,1775135339,3600,36.0722,Normal
337,1775135399,3600,37.485,Normal
337,1775135459,3600,21.4424,Normal
337,1775135519,3600,17.1524,Normal
337,1775135579,3600,16.4124,Normal
337,1775135639,3600,48.2686,Normal
337,1775135699,3600,61.6082,Normal
337,1775135759,3600,52.4975,Normal
337,1775135819,3600,17.7017,Normal
337,1775135879,3600,47.1136,Normal
337,1775135939,3600,7.8628,Normal
337,1775135999,3600,16.916,Normal
337,1775136059,3600,10.9708,Normal
337,1775136119,3600,14.8043,Normal
337,1775136179,3600,9.8687,Normal
337,1775136239,3600,24.6584,Normal
337,1775136299,3600,41.4494,Normal
337,1775136359,3600,10.2986,Normal
337,1775136419,3600,24.3191,Normal
337,1775136479,3600,18.4203,Normal
337,1775136539,3600,25.28,Normal
337,1775136599,3600,94.9046,Normal
337,1775136659,3600,90.0333,Normal
337,1775136719,3600,95.8738,Normal
337,1775136779,3600,96.4599,Normal
337,1775136839,3600,134.1399,Normal
337,1775136899,3600,123.1254,Normal
337,1775136959,3600,93.4489,Normal
337,1775137019,3600,121.5657,Normal
337,1775137079,3600,110.4749,Normal
337,1775137139,3600,24.2824,Normal
337,1775137199,3600,39.2932,Normal
337,1775137259,3600,22.5062,Normal
337,1775137319,3600,30.9316,Normal
337,1775137379,3600,32.6216,Normal
337,1775137439,3600,36.005,Normal
337,1775137499,3600,20.4964,Normal
337,1775137559,3600,13.2259,Normal
337,1775137619,3600,4.1123,Normal
337,1775137679,3600,22.6902,Normal
337,1775137739,3600,12.3644,Normal
337,1775137799,3600,76.7582,Normal
337,1775137859,3600,70.142,Normal
337,1775137919,3600,84.8996,Normal
337,1775137979,3600,97.3863,Normal
337,1775138039,3600,119.6373,Normal
337,1775138099,3600,143.7158,Normal
337,1775138159,3600,155.0552,Normal
337,1775138219,3600,148.5147,Normal
337,1775138279,3600,124.0348,Normal
337,1775138339,3600,101.3873,Normal
337,1775138399,3600,50.3522,Normal
337,1775138459,3600,34.9051,Normal
337,1775138519,3600,26.8751,Normal
337,1775138579,3600,6.3336,Normal
337,1775138639,3600,15.3398,Normal
337,1775138699,3600,33.1503,Normal
337,1775138759,3600,43.1353,Normal
337,1775138819,3600,2.8893,Normal
337,1775138879,3600,6.1941,Normal
337,1775138939,3600,3.4798,Normal
337,1775138999,3600,2.3896,Normal
337,1775139059,3600,12.1206,Normal
337,1775139119,3600,20.7215,Normal
337,1775139179,3600,35.887,Normal
337,1775139239,3600,22.9171,Normal
337,1775139299,3600,74.9586,Normal
337,1775139359,3600,95.2245,Normal
337,1775139419,3600,112.8073,Normal
337,1775139479,3600,146.4001,Normal
337,1775139539,3600,145.9448,Normal
337,1775139599,3600,153.4303,Normal
337,1775139659,3600,100.3668,Normal
337,1775139719,3600,69.0104,Normal
337,1775139779,3600,59.3446,Normal
337,1775139839,3600,0.465,Normal
337,1775139899,3600,0.7183,Normal
337,1775139959,3600,22.9637,Normal
337,1775140019,3600,17.3184,Normal
337,1775140079,3600,81.0089,Normal
337,1775140139,3600,66.1683,Normal
337,1775140199,3600,34.6076,Normal
337,1775140259,3600,17.5342,Normal
337,1775140319,3600,17.0865,Normal
337,1775140379,3600,41.6972,Normal
337,1775140439,3600,7.3401,Normal
337,1775140499,3600,47.1609,Normal
337,1775140559,3600,44.7742,Normal
337,1775140619,3600,21.7393,Normal
337,1775140679,3600,25.4583,Normal
337,1775140739,3600,5.2456,Normal
337,1775140799,3600,56.7388,Normal
337,1775140859,3600,94.4304,Normal
337,1775140919,3600,71.1216,Normal
337,1775140979,3600,67.8792,Normal
337,1775141039,3600,54.8403,Normal
337,1775141099,3600,38.6582,Normal
337,1775141159,3600,51.0751,Normal
337,1775141219,3600,50.1766,Normal
337,1775141279,3600,16.0126,Normal
337,1775141339,3600,17.8694,Normal
337,1775141399,3600,25.652,Normal
337,1775141459,3600,12.081,Normal
337,1775141519,3600,37.4363,Normal
337,1775141579,3600,31.4704,Normal
337,1775141639,3600,5.1248,Normal
337,1775141699,3600,50.0659,Normal
337,1775141759,3600,88.6465,Normal
337,1775141819,3600,63.4628,Normal
337,1775141879,3600,19.4017,Normal
337,1775141939,3600,26.5443,Normal
337,1775141999,3600,76.9361,Normal
337,1775142059,3600,72.2183,Normal
337,1775142119,3600,113.0566,Normal
337,1775142179,3600,137.3863,Normal
337,1775142239,3600,132.4294,Normal
337,1775142299,3600,125.2367,Normal
337,1775142359,3600,126.2033,Normal
337,1775142419,3600,153.5535,Normal
337,1775142479,3600,157.3407,Normal
337,1775142539,3600,209.7945,Normal
337,1775142599,3600,226.9693,Normal
337,1775142659,3600,188.1475,Normal
337,1775142719,3600,157.5319,Normal
337,1775142779,3600,158.6618,Normal
337,1775142839,3600,167.063,Normal
337,1775142899,3600,95.8692,Normal
337,1775142959,3600,65.9549,Normal
337,1775143019,3600,50.2083,Normal
337,1775143079,3600,30.1333,Normal
337,1775143139,3600,25.9971,Normal
337,1775143199,3600,94.8876,Normal
337,1775143259,3600,101.1074,Normal
337,1775143319,3600,111.0261,Normal
337,1775143379,3600,137.9854,Normal
337,1775143439,3600,179.6326,Normal
337,1775143499,3600,194.766,Normal
337,1775143559,3600,199.2576,Normal
337,1775143619,3600,204.6663,Normal
337,1775143679,3600,264.3477,Elevated
337,1775143739,3600,254.065,Elevated
337,1775143799,3600,271.3298,Elevated
337,1775143859,3600,279.6809,Elevated
337,1775143919,3600,276.9406,Elevated
337,1775143979,3600,299.8318,High
337,1775144039,3600,277.3163,Elevated
337,1775144099,3600,226.2381,Normal
337,1775144159,3600,246.2486,Elevated
337,1775144219,3600,314.1853,High
337,1775144279,3600,304.8362,High
337,1775144339,3600,273.7047,Elevated
337,1775144399,3600,224.6923,Normal
337,1775144459,3600,172.8473,Normal
337,1775144519,3600,246.324,Elevated
337,1775144579,3600,259.5929,Elevated
337,1775144639,3600,255.9582,Elevated
337,1775144699,3600,248.1197,Elevated
337,1775144759,3600,221.5168,Normal
337,1775144819,3600,197.3399,Normal
337,1775144879,3600,232.0463,Normal
337,1775144939,3600,230.9095,Normal
337,1775144999,3600,226.1418,Normal
337,1775145059,3600,230.2005,Normal
337,1775145119,3600,176.201,Normal
337,1775145179,3600,191.5501,Normal
337,1775145239,3600,219.0801,Normal
337,1775145299,3600,186.3746,Normal
337,1775145359,3600,186.5595,Normal
337,1775145419,3600,196.5418,Normal
337,1775145479,3600,186.02,Normal
337,1775145539,3600,156.859,Normal
337,1775145599,3600,92.5544,Normal
337,1775145659,3600,134.9105,Normal
337,1775145719,3600,101.1905,Normal
337,1775145779,3600,120.179,Normal
337,1775145839,3600,92.2393,Normal
337,1775145899,3600,108.8962,Normal
337,1775145959,3600,96.5771,Normal
337,1775146019,3600,75.4906,Normal
337,1775146079,3600,66.1982,Normal
337,1775146139,3600,30.1879,Normal
337,1775146199,3600,35.5362,Normal
337,1775146259,3600,51.8741,Normal
337,1775146319,3600,48.9425,Normal
337,1775146379,3600,19.7235,Normal
337,1775146439,3600,8.2721,Normal
337,1775146499,3600,50.0362,Normal
337,1775146559,3600,61.868,Normal
337,1775146619,3600,80.6846,Normal
337,1775146679,3600,19.5342,Normal
337,1775146739,3600,43.0745,Normal
337,1775146799,3600,2.5295,Normal
337,1775146859,3600,2.8817,Normal
337,1775146919,3600,12.6735,Normal
337,1775146979,3600,17.5521,Normal
337,1775147039,3600,18.4515,Normal
337,1775147099,3600,31.9219,Normal
337,1775147159,3600,34.4404,Normal
337,1775147219,3600,27.3214,Normal
337,1775147279,3600,20.4779,Normal
337,1775147339,3600,2.0601,Normal
337,1775147399,3600,2.1588,Normal
337,1775147459,3600,12.1781,Normal
337,1775147519,3600,15.8384,Normal
337,1775147579,3600,4.2057,Normal
337,1775147639,3600,3.7526,Normal
337,1775147699,3600,29.2776,Normal
337,1775147759,3600,14.0341,Normal
337,1775147819,3600,71.685,Normal
337,1775147879,3600,52.0839,Normal
337,1775147939,3600,51.5968,Normal
337,1775147999,3600,61.6549,Normal
337,1775148059,3600,76.9606,Normal
337,1775148119,3600,111.057,Normal
337,1775148179,3600,124.2988,Normal
337,1775148239,3600,155.731,Normal
337,1775148299,3600,135.824,Normal
337,1775148359,3600,122.1174,Normal
337,1775148419,3600,98.4693,Normal
337,1775148479,3600,72.0259,Normal
337,1775148539,3600,55.3729,Normal
337,1775148599,3600,29.5931,Normal
337,1775148659,3600,9.483,Normal
337,1775148719,3600,15.153,Normal
337,1775148779,3600,27.9596,Normal
337,1775148839,3600,21.1309,Normal
337,1775148899,3600,17.3108,Normal
337,1775148959,3600,43.9658,Normal
337,1775149019,3600,42.9552,Normal
337,1775149079,3600,33.7269,Normal
337,1775149139,3600,38.2096,Normal
337,1775149199,3600,105.7599,Normal
337,1775149259,3600,72.3856,Normal
337,1775149319,3600,56.3121,Normal
337,1775149379,3600,53.2988,Normal
337,1775149439,3600,56.1596,Normal
337,1775149499,3600,7.3687,Normal
337,1775149559,3600,58.0104,Normal
337,1775149619,3600,70.5915,Normal
337,1775149679,3600,68.5362,Normal
337,1775149739,3600,49.3587,Normal
337,1775149799,3600,43.3584,Normal
337,1775149859,3600,56.808,Normal
337,1775149919,3600,91.8341,Normal
337,1775149979,3600,147.8482,Normal
337,1775150039,3600,183.4018,Normal
337,1775150099,3600,169.2812,Normal
337,1775150159,3600,177.573,Normal
337,1775150219,3600,196.7547,Normal
337,1775150279,3600,231.043,Normal
337,1775150339,3600,225.3019,Normal
337,1775150399,3600,227.4893,Normal
337,1775150459,3600,268.7139,Elevated
337,1775150519,3600,265.7963,Elevated
337,1775150579,3600,278.1194,Elevated
337,1775150639,3600,253.845,Elevated
337,1775150699,3600,209.5237,Normal
337,1775150759,3600,203.6228,Normal
337,1775150819,3600,159.5376,Normal
337,1775150879,3600,146.3554,Normal
337,1775150939,3600,87.888,Normal
337,1775150999,3600,96.5005,Normal
337,1775151059,3600,114.5117,Normal
337,1775151119,3600,75.3796,Normal
337,1775151179,3600,83.5555,Normal
337,1775151239,3600,116.039,Normal
337,1775151299,3600,133.6376,Normal
337,1775151359,3600,131.8966,Normal
337,1775151419,3600,127.5979,Normal
337,1775151479,3600,110.0097,Normal
337,1775151539,3600,109.2438,Normal
337,1775151599,3600,103.0335,Normal
337,1775151659,3600,106.8922,Normal
337,1775151719,3600,91.7247,Normal
337,1775151779,3600,92.5754,Normal
337,1775151839,3600,101.797,Normal
337,1775151899,3600,94.9948,Normal
337,1775151959,3600,96.7852,Normal
337,1775152019,3600,68.1736,Normal
337,1775152079,3600,22.6202,Normal
337,1775152139,3600,10.147,Normal
337,1775152199,3600,41.5287,Normal
337,1775152259,3600,1.1244,Normal
337,1775152319,3600,14.0462,Normal
337,1775152379,3600,33.6304,Normal
337,1775152439,3600,26.8831,Normal
337,1775152499,3600,7.7011,Normal
337,1775152559,3600,28.546,Normal
337,1775152619,3600,51.5964,Normal
337,1775152679,3600,27.5822,Normal
337,1775152739,3600,9.304,Normal
337,1775152799,3600,34.8075,Normal
337,1775152859,3600,7.433,Normal
337,1775152919,3600,23.071,Normal
337,1775152979,3600,2.641,Normal
337,1775153039,3600,31.4056,Normal
337,1775153099,3600,71.2455,Normal
337,1775153159,3600,20.1374,Normal
337,1775153219,3600,4.4606,Normal
337,1775153279,3600,24.3544,Normal
337,1775153339,3600,53.4424,Normal
337,1775153399,3600,68.7634,Normal
337,1775153459,3600,57.9143,Normal
337,1775153519,3600,32.9677,Normal
337,1775153579,3600,10.294,Normal
337,1775153639,3600,28.9681,Normal
337,1775153699,3600,38.227,Normal
337,1775153759,3600,27.7908,Normal
337,1775153819,3600,61.4014,Normal
337,1775153879,3600,50.8941,Normal
337,1775153939,3600,30.955,Normal
337,1775153999,3600,66.1492,Normal
337,1775154059,3600,101.1508,Normal
337,1775154119,3600,113.0444,Normal
337,1775154179,3600,130.4062,Normal
337,1775154239,3600,115.6166,Normal
337,1775154299,3600,81.4401,Normal
337,1775154359,3600,69.8804,Normal
337,1775154419,3600,51.6016,Normal
337,1775154479,3600,52.629,Normal
337,1775154539,3600,19.2321,Normal
337,1775154599,3600,61.8147,Normal
337,1775154659,3600,59.8739,Normal
337,1775154719,3600,56.7061,Normal
337,1775154779,3600,50.1637,Normal
337,1775154839,3600,50.5813,Normal
337,1775154899,3600,53.8633,Normal
337,1775154959,3600,60.0842,Normal
337,1775155019,3600,20.6084,Normal
337,1775155079,3600,14.7651,Normal
337,1775155139,3600,15.354,Normal
337,1775155199,3600,62.4573,Normal
337,1775155259,3600,113.1568,Normal
337,1775155319,3600,105.8083,Normal
337,1775155379,3600,97.5432,Normal
337,1775155439,3600,118.6686,Normal
337,1775155499,3600,172.4346,Normal
337,1775155559,3600,195.0496,Normal
337,1775155619,3600,203.4587,Normal
337,1775155679,3600,198.0547,Normal
337,1775155739,3600,187.5818,Normal
337,1775155799,3600,165.3245,Normal
337,1775155859,3600,181.2426,Normal
337,1775155919,3600,213.7832,Normal
337,1775155979,3600,219.117,Normal
337,1775156039,3600,221.1404,Normal
337,1775156099,3600,208.2502,Normal
337,1775156159,3600,234.9522,Normal
337,1775156219,3600,237.6076,Normal
337,1775156279,3600,230.7763,Normal
337,1775156339,3600,210.903,Normal
337,1775156399,3600,176.0599,Normal
337,1775156459,3600,154.5932,Normal
337,1775156519,3600,125.0268,Normal
337,1775156579,3600,145.4442,Normal
337,1775156639,3600,133.872,Normal
337,1775156699,3600,123.2751,Normal
337,1775156759,3600,154.6402,Normal
337,1775156819,3600,133.5475,Normal
337,1775156879,3600,102.7287,Normal
337,1775156939,3600,108.3981,Normal
337,1775156999,3600,80.7169,Normal
337,1775157059,3600,86.0001,Normal
337,1775157119,3600,47.8948,Normal
337,1775157179,3600,79.1313,Normal
337,1775157239,3600,52.7167,Normal
337,1775157299,3600,59.4131,Normal
337,1775157359,3600,99.9076,Normal
337,1775157419,3600,107.977,Normal
337,1775157479,3600,114.8745,Normal
337,1775157539,3600,130.4058,Normal
337,1775157599,3600,143.358,Normal
337,1775157659,3600,118.2136,Normal
337,1775157719,3600,116.1013,Normal
337,1775157779,3600,140.9857,Normal
337,1775157839,3600,130.3482,Normal
337,1775157899,3600,114.4912,Normal
337,1775157959,3600,130.067,Normal
337,1775158019,3600,178.7819,Normal
337,1775158079,3600,171.6213,Normal
337,1775158139,3600,197.7755,Normal
337,1775158199,3600,204.5289,Normal
337,1775158259,3600,195.7281,Normal
337,1775158319,3600,216.1057,Normal
337,1775158379,3600,212.2612,Normal
337,1775158439,3600,159.9432,Normal
337,1775158499,3600,152.0255,Normal
337,1775158559,3600,186.735,Normal
337,1775158619,3600,190.5648,Normal
337,1775158679,3600,176.3492,Normal
337,1775158739,3600,126.466,Normal
337,1775158799,3600,82.1543,Normal
337,1775158859,3600,18.2518,Normal
337,1775158919,3600,64.5301,Normal
337,1775158979,3600,89.1833,Normal
337,1775159039,3600,89.1159,Normal
337,1775159099,3600,78.3181,Normal
337,1775159159,3600,58.7159,Normal
337,1775159219,3600,100.1037,Normal
337,1775159279,3600,100.5184,Normal
337,1775159339,3600,117.1853,Normal
337,1775159399,3600,105.6251,Normal
337,1775159459,3600,132.9987,Normal
337,1775159519,3600,88.6583,Normal
337,1775159579,3600,86.899,Normal
337,1775159639,3600,51.0439,Normal
337,1775159699,3600,17.6096,Normal
337,1775159759,3600,17.9744,Normal
337,1775159819,3600,19.6422,Normal
337,1775159879,3600,10.6201,Normal
337,1775159939,3600,30.2412,Normal
337,1775159999,3600,19.0175,Normal
337,1775160059,3600,23.1122,Normal
337,1775160119,3600,62.9791,Normal
337,1775160179,3600,17.4013,Normal
337,1775160239,3600,31.8103,Normal
337,1775160299,3600,20.9856,Normal
337,1775160359,3600,12.3943,Normal
337,1775160419,3600,70.064,Normal
337,1775160479,3600,57.1493,Normal
337,1775160539,3600,41.4389,Normal
337,1775160599,3600,38.0078,Normal
337,1775160659,3600,28.5075,Normal
337,1775160719,3600,53.6786,Normal
337,1775160779,3600,3.1016,Normal
337,1775160839,3600,23.6764,Normal
337,1775160899,3600,17.4769,Normal
337,1775160959,3600,7.714,Normal
337,1775161019,3600,31.9918,Normal
337,1775161079,3600,33.405,Normal
337,1775161139,3600,105.0373,Normal
337,1775161199,3600,91.0207,Normal
337,1775161259,3600,58.5501,Normal
337,1775161319,3600,59.4028,Normal
337,1775161379,3600,33.4429,Normal
337,1775161439,3600,30.5299,Normal
337,1775161499,3600,6.4599,Normal
337,1775161559,3600,13.867,Normal
337,1775161619,3600,90.3435,Normal
337,1775161679,3600,124.4513,Normal
337,1775161739,3600,128.5683,Normal
337,1775161799,3600,134.9055,Normal
337,1775161859,3600,149.1056,Normal
337,1775161919,3600,149.1355,Normal
337,1775161979,3600,134.9733,Normal
337,1775162039,3600,87.2693,Normal
337,1775162099,3600,131.7528,Normal
337,1775162159,3600,158.2828,Normal
337,1775162219,3600,174.1148,Normal
337,1775162279,3600,123.2144,Normal
337,1775162339,3600,100.1372,Normal
337,1775162399,3600,80.4542,Normal
337,1775162459,3600,44.7183,Normal
337,1775162519,3600,105.8992,Normal
337,1775162579,3600,132.2068,Normal
337,1775162639,3600,141.6504,Normal
337,1775162699,3600,204.3359,Normal
337,1775162759,3600,189.8948,Normal
337,1775162819,3600,173.5069,Normal
337,1775162879,3600,118.3798,Normal
337,1775162939,3600,122.5833,Normal
337,1775162999,3600,154.6874,Normal
337,1775163059,3600,177.578,Normal
337,1775163119,3600,120.8093,Normal
337,1775163179,3600,63.6089,Normal
337,1775163239,3600,17.7949,Normal
337,1775163299,3600,13.8067,Normal
337,1775163359,3600,24.2675,Normal
337,1775163419,3600,29.4364,Normal
337,1775163479,3600,53.0004,Normal
337,1775163539,3600,136.4119,Normal
337,1775163599,3600,92.0204,Normal
337,1775163659,3600,101.1979,Normal
337,1775163719,3600,92.2791,Normal
337,1775163779,3600,111.7703,Normal
337,1775163839,3600,154.8735,Normal
337,1775163899,3600,161.4893,Normal
337,1775163959,3600,160.5424,Normal
337,1775164019,3600,113.0072,Normal
337,1775164079,3600,136.1039,Normal
337,1775164139,3600,153.585,Normal
337,1775164199,3600,211.5232,Normal
337,1775164259,3600,230.2844,Normal
337,1775164319,3600,244.8542,Elevated
337,1775164379,3600,254.1771,Elevated
337,1775164439,3600,251.1249,Elevated
337,1775164499,3600,281.2834,Elevated
337,1775164559,3600,304.1632,High
337,1775164619,3600,348.0214,High
337,1775164679,3600,339.5795,High
337,1775164739,3600,385.3477,Very High
337,1775164799,3600,369.4235,High
337,1775164859,3600,351.5482,High
337,1775164919,3600,333.7478,High
337,1775164979,3600,293.0846,High
337,1775165039,3600,288.9996,High
337,1775165099,3600,282.4195,Elevated
337,1775165159,3600,279.277,Elevated
337,1775165219,3600,300.2618,High
337,1775165279,3600,314.8112,High
337,1775165339,3600,318.5284,High
337,1775165399,3600,311.5145,High
337,1775165459,3600,310.1535,High
337,1775165519,3600,291.6316,High
337,1775165579,3600,281.4513,Elevated
337,1775165639,3600,261.1373,Elevated
337,1775165699,3600,281.1401,Elevated
337,1775165759,3600,259.9742,Elevated
337,1775165819,3600,272.193,Elevated
337,1775165879,3600,258.589,Elevated
337,1775165939,3600,271.4647,Elevated
337,1775165999,3600,270.7061,Elevated
337,1775166059,3600,269.3129,Elevated
337,1775166119,3600,277.5778,Elevated
337,1775166179,3600,351.1757,High
337,1775166239,3600,406.3666,Very High
337,1775166299,3600,451.0974,Very High
337,1775166359,3600,463.3006,Very High
337,1775166419,3600,405.0332,Very High
337,1775166479,3600,381.6464,Very High
337,1775166539,3600,391.5879,Very High
337,1775166599,3600,421.4519,Very High
337,1775166659,3600,438.2464,Very High
337,1775166719,3600,379.1564,Very High
337,1775166779,3600,330.9479,High
337,1775166839,3600,326.1711,High
337,1775166899,3600,329.7158,High
337,1775166959,3600,306.4178,High
337,1775167019,3600,294.959,High
337,1775167079,3600,270.5159,Elevated
337,1775167139,3600,224.256,Normal
337,1775167199,3600,206.8669,Normal
337,1775167259,3600,207.2704,Normal
337,1775167319,3600,178.754,Normal
337,1775167379,3600,204.9232,Normal
337,1775167439,3600,124.0489,Normal
337,1775167499,3600,159.3673,Normal
337,1775167559,3600,127.5704,Normal
337,1775167619,3600,144.3723,Normal
337,1775167679,3600,155.0112,Normal
337,1775167739,3600,133.2352,Normal
337,1775167799,3600,48.5266,Normal
337,1775167859,3600,7.7226,Normal
337,1775167919,3600,16.8891,Normal
337,1775167979,3600,33.9113,Normal
337,1775168039,3600,19.5822,Normal
337,1775168099,3600,7.0072,Normal
337,1775168159,3600,37.2445,Normal
337,1775168219,3600,40.4179,Normal
337,1775168279,3600,24.926,Normal
337,1775168339,3600,21.425,Normal
337,1775168399,3600,1.0144,Normal
337,1775168459,3600,14.7042,Normal
337,1775168519,3600,55.4241,Normal
337,1775168579,3600,24.4335,Normal
337,1775168639,3600,37.5462,Normal
337,1775168699,3600,39.5027,Normal
337,1775168759,3600,43.1832,Normal
337,1775168819,3600,54.492,Normal
337,1775168879,3600,66.2047,Normal
337,1775168939,3600,65.503,Normal
337,1775168999,3600,47.0251,Normal
337,1775169059,3600,53.43,Normal
337,1775169119,3600,58.8029,Normal
337,1775169179,3600,58.9324,Normal
337,1775169239,3600,58.4864,Normal
337,1775169299,3600,55.259,Normal
337,1775169359,3600,100.6099,Normal
337,1775169419,3600,75.8065,Normal
337,1775169479,3600,50.3278,Normal
337,1775169539,3600,36.0453,Normal
337,1775169599,3600,34.1693,Normal
337,1775169659,3600,30.7773,Normal
337,1775169719,3600,56.4397,Normal
337,1775169779,3600,3.66,Normal
337,1775169839,3600,49.3502,Normal
337,1775169899,3600,66.5187,Normal
337,1775169959,3600,122.8028,Normal
337,1775170019,3600,85.9002,Normal
337,1775170079,3600,119.2363,Normal
337,1775170139,3600,147.2223,Normal
337,1775170199,3600,153.7144,Normal
337,1775170259,3600,189.3777,Normal
337,1775170319,3600,141.0312,Normal
337,1775170379,3600,150.4718,Normal
337,1775170439,3600,149.3656,Normal
337,1775170499,3600,146.6313,Normal
337,1775170559,3600,140.0308,Normal
337,1775170619,3600,121.5576,Normal
337,1775170679,3600,126.0338,Normal
337,1775170739,3600,126.2558,Normal
337,1775170799,3600,122.766,Normal
337,1775170859,3600,81.5045,Normal
337,1775170919,3600,87.0786,Normal
337,1775170979,3600,92.5597,Normal
337,1775171039,3600,54.2546,Normal
337,1775171099,3600,84.6603,Normal
337,1775171159,3600,83.0815,Normal
337,1775171219,3600,67.7669,Normal
337,1775171279,3600,86.2369,Normal
337,1775171339,3600,78.3465,Normal
337,1775171399,3600,22.6184,Normal
337,1775171459,3600,16.9804,Normal
337,1775171519,3600,58.6918,Normal
337,1775171579,3600,67.6072,Normal
337,1775171639,3600,42.9142,Normal
337,1775171699,3600,43.2473,Normal
337,1775171759,3600,65.0249,Normal
337,1775171819,3600,76.3301,Normal
337,1775171879,3600,109.5284,Normal
337,1775171939,3600,156.4433,Normal
337,1775171999,3600,157.123,Normal
337,1775172059,3600,129.2111,Normal
337,1775172119,3600,126.4684,Normal
337,1775172179,3600,101.5689,Normal
337,1775172239,3600,117.1041,Normal
337,1775172299,3600,130.7754,Normal
337,1775172359,3600,94.8954,Normal
337,1775172419,3600,82.1451,Normal
337,1775172479,3600,57.482,Normal
337,1775172539,3600,46.5134,Normal
337,1775172599,3600,16.7857,Normal
337,1775172659,3600,36.0035,Normal
337,1775172719,3600,40.088,Normal
337,1775172779,3600,68.349,Normal
337,1775172839,3600,109.758,Normal
337,1775172899,3600,87.3847,Normal
337,1775172959,3600,121.6776,Normal
337,1775173019,3600,111.2074,Normal
337,1775173079,3600,81.7808,Normal
337,1775173139,3600,66.3678,Normal
337,1775173199,3600,71.5439,Normal
337,1775173259,3600,37.4533,Normal
337,1775173319,3600,44.7005,Normal
337,1775173379,3600,55.0692,Normal
337,1775173439,3600,43.027,Normal
337,1775173499,3600,30.6337,Normal
337,1775173559,3600,4.183,Normal
337,1775173619,3600,29.7574,Normal
337,1775173679,3600,19.1742,Normal
337,1775173739,3600,1.4255,Normal
337,1775173799,3600,14.1854,Normal
337,1775173859,3600,1.4982,Normal
337,1775173919,3600,30.7125,Normal
337,1775173979,3600,17.345,Normal
337,1775174039,3600,34.3529,Normal
337,1775174099,3600,46.0532,Normal
337,1775174159,3600,70.7211,Normal
337,1775174219,3600,50.7153,Normal
337,1775174279,3600,46.9402,Normal
337,1775174339,3600,41.2422,Normal
337,1775174399,3600,40.9689,Normal
337,1775174459,3600,88.4128,Normal
337,1775174519,3600,47.2347,Normal
337,1775174579,3600,104.0729,Normal
337,1775174639,3600,108.4286,Normal
337,1775174699,3600,120.6548,Normal
337,1775174759,3600,79.3029,Normal
337,1775174819,3600,71.6041,Normal
337,1775174879,3600,64.8576,Normal
337,1775174939,3600,101.1361,Normal
337,1775174999,3600,103.9135,Normal
337,1775175059,3600,79.7938,Normal
337,1775175119,3600,50.615,Normal
337,1775175179,3600,40.5681,Normal
337,1775175239,3600,50.7498,Normal
337,1775175299,3600,89.1047,Normal
337,1775175359,3600,92.1891,Normal
337,1775175419,3600,122.9442,Normal
337,1775175479,3600,108.3021,Normal
337,1775175539,3600,122.7594,Normal
337,1775175599,3600,144.0138,Normal
337,1775175659,3600,177.5494,Normal
337,1775175719,3600,193.1972,Normal
337,1775175779,3600,168.0768,Normal
337,1775175839,3600,163.0908,Normal
337,1775175899,3600,174.3196,Normal
337,1775175959,3600,221.6166,Normal
337,1775176019,3600,251.471,Elevated
337,1775176079,3600,310.8879,High
337,1775176139,3600,357.2824,High
337,1775176199,3600,379.3661,Very High
337,1775176259,3600,347.0721,High
337,1775176319,3600,337.7578,High
337,1775176379,3600,306.0643,High
337,1775176439,3600,285.7237,Elevated
337,1775176499,3600,308.6264,High
337,1775176559,3600,302.4291,High
337,1775176619,3600,285.9867,Elevated
337,1775176679,3600,298.5154,High
337,1775176739,3600,340.4971,High
337,1775176799,3600,344.4803,High
337,1775176859,3600,375.472,High
337,1775176919,3600,394.3217,Very High
337,1775176979,3600,348.3416,High
337,1775177039,3600,329.0822,High
337,1775177099,3600,351.1053,High
337,1775177159,3600,332.482,High
337,1775177219,3600,327.4815,High
337,1775177279,3600,329.5892,High
337,1775177339,3600,340.6127,High
337,1775177399,3600,323.8057,High
337,1775177459,3600,319.036,High
337,1775177519,3600,284.8402,Elevated
337,1775177579,3600,279.1161,Elevated
337,1775177639,3600,258.1223,Elevated
337,1775177699,3600,263.7185,Elevated
337,1775177759,3600,237.5247,Normal
337,1775177819,3600,267.8692,Elevated
337,1775177879,3600,274.3108,Elevated
337,1775177939,3600,273.6715,Elevated
337,1775177999,3600,238.8372,Normal
337,1775178059,3600,257.2595,Elevated
337,1775178119,3600,287.7057,Elevated
337,1775178179,3600,237.3728,Normal
337,1775178239,3600,250.1258,Elevated
337,1775178299,3600,220.5366,Normal
337,1775178359,3600,246.9067,Elevated
337,1775178419,3600,243.375,Elevated
337,1775178479,3600,254.6346,Elevated
337,1775178539,3600,227.6401,Normal
337,1775178599,3600,249.8309,Elevated
337,1775178659,3600,266.8893,Elevated
337,1775178719,3600,282.9102,Elevated
337,1775178779,3600,257.9749,Elevated
337,1775178839,3600,278.1964,Elevated
337,1775178899,3600,269.0384,Elevated
337,1775178959,3600,247.5419,Elevated
337,1775179019,3600,235.1073,Normal
337,1775179079,3600,241.1155,Normal
337,1775179139,3600,188.8117,Normal
337,1775179199,3600,162.9192,Normal
337,1775179259,3600,162.2804,Normal
337,1775179319,3600,147.2425,Normal
337,1775179379,3600,133.5521,Normal
337,1775179439,3600,147.6035,Normal
337,1775179499,3600,137.0542,Normal
337,1775179559,3600,162.4367,Normal
337,1775179619,3600,150.4784,Normal
337,1775179679,3600,104.3979,Normal
337,1775179739,3600,69.7868,Normal
337,1775179799,3600,36.3066,Normal
337,1775179859,3600,51.4582,Normal
337,1775179919,3600,42.9228,Normal
337,1775179979,3600,22.2645,Normal
337,1775180039,3600,11.3438,Normal
337,1775180099,3600,45.732,Normal
337,1775180159,3600,53.032,Normal
337,1775180219,3600,61.6645,Normal
337,1775180279,3600,28.5882,Normal
337,1775180339,3600,56.9669,Normal
337,1775180399,3600,36.044,Normal
337,1775180459,3600,18.0773,Normal
337,1775180519,3600,41.906,Normal
337,1775180579,3600,17.2659,Normal
337,1775180639,3600,51.874,Normal
337,1775180699,3600,6.4326,Normal
337,1775180759,3600,37.0487,Normal
337,1775180819,3600,63.6541,Normal
337,1775180879,3600,38.9664,Normal
337,1775180939,3600,5.0018,Normal
337,1775180999,3600,20.7523,Normal
337,1775181059,3600,14.5698,Normal
337,1775181119,3600,45.3944,Normal
337,1775181179,3600,66.5343,Normal
337,1775181239,3600,103.855,Normal
337,1775181299,3600,99.5076,Normal
337,1775181359,3600,89.637,Normal
337,1775181419,3600,92.1172,Normal
337,1775181479,3600,67.251,Normal
337,1775181539,3600,58.1163,Normal
337,1775181599,3600,23.1172,Normal
337,1775181659,3600,13.2916,Normal
337,1775181719,3600,31.5736,Normal
337,1775181779,3600,20.7294,Normal
337,1775181839,3600,52.1299,Normal
337,1775181899,3600,28.46,Normal
337,1775181959,3600,22.0734,Normal
337,1775182019,3600,8.1105,Normal
337,1775182079,3600,35.013,Normal
337,1775182139,3600,44.8762,Normal
337,1775182199,3600,67.7162,Normal
337,1775182259,3600,92.6675,Normal
337,1775182319,3600,105.0449,Normal
337,1775182379,3600,91.53,Normal
337,1775182439,3600,136.4744,Normal
337,1775182499,3600,110.4652,Normal
337,1775182559,3600,117.4039,Normal
337,1775182619,3600,147.1103,Normal
337,1775182679,3600,189.7176,Normal
337,1775182739,3600,180.829,Normal
337,1775182799,3600,176.7709,Normal
337,1775182859,3600,198.6262,Normal
337,1775182919,3600,180.3897,Normal
337,1775182979,3600,131.8504,Normal
337,1775183039,3600,144.0264,Normal
337,1775183099,3600,148.1766,Normal
337,1775183159,3600,168.0138,Normal
337,1775183219,3600,172.9175,Normal
337,1775183279,3600,180.2845,Normal
337,1775183339,3600,166.2559,Normal
337,1775183399,3600,164.5455,Normal
337,1775183459,3600,142.5664,Normal
337,1775183519,3600,140.6581,Normal
337,1775183579,3600,133.3903,Normal
337,1775183639,3600,111.6379,Normal
337,1775183699,3600,77.4304,Normal
337,1775183759,3600,80.8619,Normal
337,1775183819,3600,55.3418,Normal
337,1775183879,3600,54.632,Normal
337,1775183939,3600,56.158,Normal
337,1775183999,3600,102.8854,Normal
337,1775184059,3600,122.039,Normal
337,1775184119,3600,134.2659,Normal
337,1775184179,3600,158.2308,Normal
337,1775184239,3600,181.0236,Normal
337,1775184299,3600,153.1812,Normal
337,1775184359,3600,165.577,Normal
337,1775184419,3600,190.8297,Normal
337,1775184479,3600,191.4873,Normal
337,1775184539,3600,156.6412,Normal
337,1775184599,3600,111.4984,Normal
337,1775184659,3600,142.1615,Normal
337,1775184719,3600,143.5056,Normal
337,1775184779,3600,172.7675,Normal
337,1775184839,3600,174.5204,Normal
337,1775184899,3600,184.0419,Normal
337,1775184959,3600,167.0921,Normal
337,1775185019,3600,146.2849,Normal
337,1775185079,3600,108.9454,Normal
337,1775185139,3600,82.8539,Normal
337,1775185199,3600,40.419,Normal
337,1775185259,3600,41.5633,Normal
337,1775185319,3600,84.8349,Normal
337,1775185379,3600,52.3049,Normal
337,1775185439,3600,59.6557,Normal
337,1775185499,3600,50.2957,Normal
337,1775185559,3600,31.7357,Normal
337,1775185619,3600,10.0008,Normal
337,1775185679,3600,45.3005,Normal
337,1775185739,3600,17.6151,Normal
337,1775185799,3600,11.7157,Normal
337,1775185859,3600,0.3026,Normal
337,1775185919,3600,39.2051,Normal
337,1775185979,3600,4.3415,Normal
337,1775186039,3600,5.1731,Normal
337,1775186099,3600,48.3463,Normal
337,1775186159,3600,32.6328,Normal
337,1775186219,3600,15.7219,Normal
337,1775186279,3600,29.1513,Normal
337,1775186339,3600,1.0577,Normal
337,1775186399,3600,38.3573,Normal
337,1775186459,3600,60.4597,Normal
337,1775186519,3600,55.6646,Normal
337,1775186579,3600,59.3265,Normal
337,1775186639,3600,70.6235,Normal
337,1775186699,3600,88.5737,Normal
337,1775186759,3600,40.6114,Normal
337,1775186819,3600,48.2882,Normal
337,1775186879,3600,74.4419,Normal
337,1775186939,3600,69.2488,Normal
337,1775186999,3600,87.8892,Normal
337,1775187059,3600,50.462,Normal
337,1775187119,3600,3.5814,Normal
337,1775187179,3600,47.646,Normal
337,1775187239,3600,65.4512,Normal
337,1775187299,3600,65.3357,Normal
337,1775187359,3600,98.5948,Normal
337,1775187419,3600,68.7251,Normal
337,1775187479,3600,49.1968,Normal
337,1775187539,3600,0.2537,Normal
337,1775187599,3600,26.9663,Normal
337,1775187659,3600,40.3461,Normal
337,1775187719,3600,43.0968,Normal
337,1775187779,3600,67.8466,Normal
337,1775187839,3600,116.5608,Normal
337,1775187899,3600,117.8966,Normal
337,1775187959,3600,128.3941,Normal
337,1775188019,3600,143.0594,Normal
337,1775188079,3600,167.8056,Normal
337,1775188139,3600,177.6206,Normal
337,1775188199,3600,170.0159,Normal
337,1775188259,3600,152.4442,Normal
337,1775188319,3600,155.9752,Normal
337,1775188379,3600,163.5419,Normal
337,1775188439,3600,149.0167,Normal
337,1775188499,3600,160.7969,Normal
337,1775188559,3600,138.8062,Normal
337,1775188619,3600,101.2058,Normal
337,1775188679,3600,87.8423,Normal
337,1775188739,3600,117.9631,Normal
337,1775188799,3600,83.2443,Normal
337,1775188859,3600,55.3437,Normal
337,1775188919,3600,73.3405,Normal
337,1775188979,3600,32.6165,Normal
337,1775189039,3600,8.1136,Normal
337,1775189099,3600,1.0723,Normal
337,1775189159,3600,16.5019,Normal
337,1775189219,3600,35.5479,Normal
337,1775189279,3600,35.0356,Normal
337,1775189339,3600,49.1879,Normal
337,1775189399,3600,90.1624,Normal
337,1775189459,3600,74.5458,Normal
337,1775189519,3600,124.8582,Normal
337,1775189579,3600,88.8629,Normal
337,1775189639,3600,81.8311,Normal
337,1775189699,3600,91.1591,Normal
337,1775189759,3600,92.3391,Normal
337,1775189819,3600,64.9789,Normal
337,1775189879,3600,44.6696,Normal
337,1775189939,3600,63.1117,Normal
337,1775189999,3600,13.1308,Normal
337,1775190059,3600,10.629,Normal
337,1775190119,3600,28.133,Normal
337,1775190179,3600,32.5237,Normal
337,1775190239,3600,32.0193,Normal
337,1775190299,3600,71.5028,Normal
337,1775190359,3600,19.4315,Normal
337,1775190419,3600,63.7534,Normal
337,1775190479,3600,97.1238,Normal
337,1775190539,3600,88.0048,Normal
337,1775190599,3600,60.8048,Normal
337,1775190659,3600,64.3394,Normal
337,1775190719,3600,3.3586,Normal
337,1775190779,3600,1.9066,Normal
337,1775190839,3600,4.4668,Normal
337,1775190899,3600,5.994,Normal
337,1775190959,3600,8.3556,Normal
337,1775191019,3600,23.5606,Normal
337,1775191079,3600,15.0823,Normal
337,1775191139,3600,88.1859,Normal
337,1775191199,3600,94.4139,Normal
337,1775191259,3600,67.1207,Normal
337,1775191319,3600,85.547,Normal
337,1775191379,3600,70.936,Normal
337,1775191439,3600,30.7325,Normal
337,1775191499,3600,43.5984,Normal
337,1775191559,3600,37.1707,Normal
337,1775191619,3600,16.4255,Normal
337,1775191679,3600,11.6991,Normal
337,1775191739,3600,10.7514,Normal
337,1775191799,3600,6.8612,Normal
337,1775191859,3600,11.1966,Normal
337,1775191919,3600,30.7285,Normal
337,1775191979,3600,46.6754,Normal
337,1775192039,3600,64.5751,Normal
337,1775192099,3600,71.9464,Normal
337,1775192159,3600,74.7177,Normal
337,1775192219,3600,61.8235,Normal
337,1775192279,3600,41.6483,Normal
337,1775192339,3600,27.6821,Normal
337,1775192399,3600,17.6229,Normal
337,1775192459,3600,18.2087,Normal
337,1775192519,3600,9.3686,Normal
337,1775192579,3600,59.5386,Normal
337,1775192639,3600,81.6333,Normal
337,1775192699,3600,76.7644,Normal
337,1775192759,3600,60.9344,Normal
337,1775192819,3600,8.7694,Normal
337,1775192879,3600,52.1541,Normal
337,1775192939,3600,62.2016,Normal
337,1775192999,3600,63.3835,Normal
337,1775193059,3600,0.344,Normal
337,1775193119,3600,33.7608,Normal
337,1775193179,3600,19.4758,Normal
337,1775193239,3600,23.5644,Normal
337,1775193299,3600,8.7001,Normal
337,1775193359,3600,12.7313,Normal
337,1775193419,3600,1.7662,Normal
337,1775193479,3600,9.3414,Normal
337,1775193539,3600,38.5604,Normal
337,1775193599,3600,84.5285,Normal
337,1775193659,3600,53.1373,Normal
337,1775193719,3600,107.3777,Normal
337,1775193779,3600,112.4626,Normal
337,1775193839,3600,90.2126,Normal
337,1775193899,3600,62.2373,Normal
337,1775193959,3600,32.9708,Normal
337,1775194019,3600,10.7942,Normal
337,1775194079,3600,47.5118,Normal
337,1775194139,3600,12.5196,Normal
337,1775194199,3600,53.34,Normal
337,1775194259,3600,11.563,Normal
337,1775194319,3600,9.6951,Normal
337,1775194379,3600,16.2652,Normal
337,1775194439,3600,68.3371,Normal
337,1775194499,3600,69.997,Normal
337,1775194559,3600,86.1035,Normal
337,1775194619,3600,90.0702,Normal
337,1775194679,3600,80.6112,Normal
337,1775194739,3600,135.7179,Normal
337,1775194799,3600,148.0759,Normal
337,1775194859,3600,111.9799,Normal
337,1775194919,3600,124.9064,Normal
337,1775194979,3600,161.8794,Normal
337,1775195039,3600,121.2173,Normal
337,1775195099,3600,160.8833,Normal
337,1775195159,3600,166.9863,Normal
337,1775195219,3600,168.8382,Normal
337,1775195279,3600,206.1427,Normal
337,1775195339,3600,232.438,Normal
337,1775195399,3600,237.664,Normal
337,1775195459,3600,205.8966,Normal
337,1775195519,3600,240.7198,Normal
337,1775195579,3600,209.9132,Normal
337,1775195639,3600,208.8564,Normal
337,1775195699,3600,218.432,Normal
337,1775195759,3600,187.3186,Normal
337,1775195819,3600,145.5009,Normal
337,1775195879,3600,129.744,Normal
337,1775195939,3600,89.506,Normal
337,1775195999,3600,94.1794,Normal
337,1775196059,3600,56.4473,Normal
337,1775196119,3600,53.5589,Normal
337,1775196179,3600,76.428,Normal
337,1775196239,3600,77.4605,Normal
337,1775196299,3600,42.0205,Normal
337,1775196359,3600,44.4668,Normal
337,1775196419,3600,10.1427,Normal
337,1775196479,3600,15.2178,Normal
337,1775196539,3600,31.0988,Normal
337,1775196599,3600,28.778,Normal
337,1775196659,3600,22.1601,Normal
337,1775196719,3600,0.5258,Normal
337,1775196779,3600,24.2345,Normal
337,1775196839,3600,51.1157,Normal
337,1775196899,3600,28.141,Normal
337,1775196959,3600,4.314,Normal
337,1775197019,3600,6.3187,Normal
337,1775197079,3600,22.813,Normal
337,1775197139,3600,12.8972,Normal
337,1775197199,3600,43.7262,Normal
337,1775197259,3600,56.851,Normal
337,1775197319,3600,92.2546,Normal
337,1775197379,3600,113.2226,Normal
337,1775197439,3600,139.6572,Normal
337,1775197499,3600,112.9224,Normal
337,1775197559,3600,73.7414,Normal
337,1775197619,3600,24.912,Normal
337,1775197679,3600,33.8162,Normal
337,1775197739,3600,2.7273,Normal
337,1775197799,3600,20.7739,Normal
337,1775197859,3600,13.688,Normal
337,1775197919,3600,12.0595,Normal
337,1775197979,3600,20.9462,Normal
337,1775198039,3600,31.4926,Normal
337,1775198099,3600,22.3788,Normal
337,1775198159,3600,6.6361,Normal
337,1775198219,3600,4.1588,Normal
337,1775198279,3600,0.8476,Normal
337,1775198339,3600,31.6617,Normal
337,1775198399,3600,40.6111,Normal
337,1775198459,3600,43.2903,Normal
337,1775198519,3600,68.8441,Normal
337,1775198579,3600,96.172,Normal
337,1775198639,3600,70.1356,Normal
337,1775198699,3600,126.6715,Normal
337,1775198759,3600,137.8963,Normal
337,1775198819,3600,148.5214,Normal
337,1775198879,3600,173.578,Normal
337,1775198939,3600,225.1698,Normal
337,1775198999,3600,219.9224,Normal
337,1775199059,3600,232.2399,Normal
337,1775199119,3600,226.8904,Normal
337,1775199179,3600,178.5234,Normal
337,1775199239,3600,160.2692,Normal
337,1775199299,3600,148.2662,Normal
337,1775199359,3600,125.636,Normal
337,1775199419,3600,119.6243,Normal
337,1775199479,3600,137.5939,Normal
337,1775199539,3600,106.8853,Normal
337,1775199599,3600,83.054,Normal
337,1775199659,3600,67.9285,Normal
337,1775199719,3600,84.6393,Normal
337,1775199779,3600,96.3378,Normal
337,1775199839,3600,106.0625,Normal
337,1775199899,3600,105.5436,Normal
337,1775199959,3600,104.0223,Normal
337,1775200019,3600,121.5955,Normal
337,1775200079,3600,132.3643,Normal
337,1775200139,3600,117.9038,Normal
337,1775200199,3600,51.2399,Normal
337,1775200259,3600,9.9467,Normal
337,1775200319,3600,23.9892,Normal
337,1775200379,3600,76.6956,Normal
337,1775200439,3600,90.9783,Normal
337,1775200499,3600,84.1577,Normal
337,1775200559,3600,80.4883,Normal
337,1775200619,3600,57.8388,Normal
337,1775200679,3600,88.1093,Normal
337,1775200739,3600,43.0064,Normal
337,1775200799,3600,53.1173,Normal
337,1775200859,3600,91.0674,Normal
337,1775200919,3600,126.1444,Normal
337,1775200979,3600,109.5201,Normal
337,1775201039,3600,125.7158,Normal
337,1775201099,3600,150.815,Normal
337,1775201159,3600,95.5744,Normal
337,1775201219,3600,105.357,Normal
337,1775201279,3600,114.0804,Normal
337,1775201339,3600,79.8179,Normal
337,1775201399,3600,95.1959,Normal
337,1775201459,3600,109.673,Normal
337,1775201519,3600,90.4455,Normal
337,1775201579,3600,93.2926,Normal
337,1775201639,3600,59.4085,Normal
337,1775201699,3600,28.5467,Normal
337,1775201759,3600,82.6201,Normal
337,1775201819,3600,59.5064,Normal
337,1775201879,3600,56.9112,Normal
337,1775201939,3600,43.2223,Normal
337,1775201999,3600,47.5137,Normal
337,1775202059,3600,26.096,Normal
337,1775202119,3600,21.5457,Normal
337,1775202179,3600,25.3083,Normal
337,1775202239,3600,0.5615,Normal
337,1775202299,3600,19.3799,Normal
337,1775202359,3600,35.9284,Normal
337,1775202419,3600,40.0954,Normal
337,1775202479,3600,12.438,Normal
337,1775202539,3600,59.059,Normal
337,1775202599,3600,37.3324,Normal
337,1775202659,3600,26.2732,Normal
337,1775202719,3600,43.7039,Normal
337,1775202779,3600,74.0056,Normal
337,1775202839,3600,79.3694,Normal
337,1775202899,3600,59.79,Normal
337,1775202959,3600,41.2827,Normal
337,1775203019,3600,40.7541,Normal
337,1775203079,3600,48.4117,Normal
337,1775203139,3600,28.4037,Normal
337,1775203199,3600,1.5255,Normal
337,1775203259,3600,4.9311,Normal
337,1775203319,3600,15.7375,Normal
337,1775203379,3600,45.7689,Normal
337,1775203439,3600,63.9779,Normal
337,1775203499,3600,64.7117,Normal
337,1775203559,3600,49.5019,Normal
337,1775203619,3600,110.7852,Normal
337,1775203679,3600,69.8779,Normal
337,1775203739,3600,55.4396,Normal
337,1775203799,3600,10.7488,Normal
337,1775203859,3600,9.0268,Normal
337,1775203919,3600,52.7335,Normal
337,1775203979,3600,15.3317,Normal
337,1775204039,3600,5.3467,Normal
337,1775204099,3600,31.4605,Normal
337,1775204159,3600,0.4753,Normal
337,1775204219,3600,25.8929,Normal
337,1775204279,3600,26.4451,Normal
337,1775204339,3600,56.8077,Normal
337,1775204399,3600,65.2278,Normal
337,1775204459,3600,92.2173,Normal
337,1775204519,3600,90.3862,Normal
337,1775204579,3600,104.507,Normal
337,1775204639,3600,141.3098,Normal
337,1775204699,3600,128.7559,Normal
337,1775204759,3600,168.2348,Normal
337,1775204819,3600,151.3544,Normal
337,1775204879,3600,123.2066,Normal
337,1775204939,3600,138.6999,Normal
337,1775204999,3600,132.2742,Normal
337,1775205059,3600,78.363,Normal
337,1775205119,3600,85.8182,Normal
337,1775205179,3600,126.3787,Normal
337,1775205239,3600,144.844,Normal
337,1775205299,3600,141.7434,Normal
337,1775205359,3600,127.603,Normal
337,1775205419,3600,132.2366,Normal
337,1775205479,3600,151.3235,Normal
337,1775205539,3600,155.794,Normal
337,1775205599,3600,141.1358,Normal
337,1775205659,3600,157.4961,Normal
337,1775205719,3600,143.7882,Normal
337,1775205779,3600,146.4478,Normal
337,1775205839,3600,154.7406,Normal
337,1775205899,3600,177.391,Normal
337,1775205959,3600,178.5576,Normal
337,1775206019,3600,164.0011,Normal
337,1775206079,3600,127.165,Normal
337,1775206139,3600,148.7868,Normal
337,1775206199,3600,162.6868,Normal
337,1775206259,3600,120.2825,Normal
337,1775206319,3600,170.4769,Normal
337,1775206379,3600,220.6372,Normal
337,1775206439,3600,219.5683,Normal
337,1775206499,3600,232.0333,Normal
337,1775206559,3600,202.7661,Normal
337,1775206619,3600,200.9105,Normal
337,1775206679,3600,236.4311,Normal
337,1775206739,3600,243.6969,Elevated
337,1775206799,3600,228.0689,Normal
337,1775206859,3600,247.712,Elevated
337,1775206919,3600,280.9568,Elevated
337,1775206979,3600,286.6862,Elevated
337,1775207039,3600,287.7115,Elevated
337,1775207099,3600,280.4512,Elevated
337,1775207159,3600,269.4824,Elevated
337,1775207219,3600,294.741,High
337,1775207279,3600,299.8324,High
337,1775207339,3600,260.3414,Elevated
337,1775207399,3600,274.9199,Elevated
337,1775207459,3600,253.964,Elevated
337,1775207519,3600,224.3124,Normal
337,1775207579,3600,218.018,Normal
337,1775207639,3600,227.2855,Normal
337,1775207699,3600,214.4135,Normal
337,1775207759,3600,217.0014,Normal
337,1775207819,3600,217.9369,Normal
337,1775207879,3600,214.5501,Normal
337,1775207939,3600,181.1302,Normal
337,1775207999,3600,190.9601,Normal
337,1775208059,3600,153.77,Normal
337,1775208119,3600,146.6876,Normal
337,1775208179,3600,178.1073,Normal
337,1775208239,3600,158.7729,Normal
337,1775208299,3600,172.435,Normal
337,1775208359,3600,198.4838,Normal
337,1775208419,3600,206.4215,Normal
337,1775208479,3600,242.6669,Normal
337,1775208539,3600,252.4984,Elevated
337,1775208599,3600,236.2999,Normal
337,1775208659,3600,265.3603,Elevated
337,1775208719,3600,274.1305,Elevated
337,1775208779,3600,245.9219,Elevated
337,1775208839,3600,226.2424,Normal
337,1775208899,3600,247.4548,Elevated
337,1775208959,3600,222.3096,Normal
337,1775209019,3600,261.6526,Elevated
337,1775209079,3600,244.8335,Elevated
337,1775209139,3600,272.326,Elevated
337,1775209199,3600,293.1242,High
337,1775209259,3600,273.5715,Elevated
337,1775209319,3600,300.0073,High
337,1775209379,3600,287.0926,Elevated
337,1775209439,3600,305.9841,High
337,1775209499,3600,264.8825,Elevated
337,1775209559,3600,254.5566,Elevated
337,1775209619,3600,282.5636,Elevated
337,1775209679,3600,249.8634,Elevated
337,1775209739,3600,204.9792,Normal
337,1775209799,3600,182.748,Normal
337,1775209859,3600,138.9212,Normal
337,1775209919,3600,134.0293,Normal
337,1775209979,3600,127.2178,Normal
337,1775210039,3600,127.5732,Normal
337,1775210099,3600,107.0089,Normal
337,1775210159,3600,129.999,Normal
337,1775210219,3600,121.9874,Normal
337,1775210279,3600,75.9872,Normal
337,1775210339,3600,39.1573,Normal
337,1775210399,3600,41.0058,Normal
337,1775210459,3600,3.3261,Normal
337,1775210519,3600,16.0512,Normal
337,1775210579,3600,60.6578,Normal
337,1775210639,3600,62.6226,Normal
337,1775210699,3600,41.57,Normal
337,1775210759,3600,37.7586,Normal
337,1775210819,3600,26.9427,Normal
337,1775210879,3600,53.0687,Normal
337,1775210939,3600,27.6235,Normal
337,1775210999,3600,46.0642,Normal
337,1775211059,3600,13.3565,Normal
337,1775211119,3600,15.4396,Normal
337,1775211179,3600,19.0704,Normal
337,1775211239,3600,32.1859,Normal
337,1775211299,3600,46.0985,Normal
337,1775211359,3600,62.5189,Normal
337,1775211419,3600,36.3825,Normal
337,1775211479,3600,19.9603,Normal
337,1775211539,3600,66.5547,Normal
337,1775211599,3600,68.9686,Normal
337,1775211659,3600,106.6639,Normal
337,1775211719,3600,113.0553,Normal
337,1775211779,3600,109.3964,Normal
337,1775211839,3600,120.6986,Normal
337,1775211899,3600,114.963,Normal
337,1775211959,3600,59.0335,Normal
337,1775212019,3600,43.5496,Normal
337,1775212079,3600,11.3706,Normal
337,1775212139,3600,16.5315,Normal
337,1775212199,3600,28.3573,Normal
337,1775212259,3600,17.5158,Normal
337,1775212319,3600,3.8471,Normal
337,1775212379,3600,9.6013,Normal
337,1775212439,3600,14.402,Normal
337,1775212499,3600,8.542,Normal
337,1775212559,3600,19.0507,Normal
337,1775212619,3600,17.4722,Normal
337,1775212679,3600,3.2362,Normal
337,1775212739,3600,27.1341,Normal
337,1775212799,3600,48.9038,Normal
337,1775212859,3600,2.1752,Normal
337,1775212919,3600,60.5127,Normal
337,1775212979,3600,38.0074,Normal
337,1775213039,3600,61.7418,Normal
337,1775213099,3600,56.6377,Normal
337,1775213159,3600,34.0604,Normal
337,1775213219,3600,31.1714,Normal
337,1775213279,3600,57.3352,Normal
337,1775213339,3600,99.779,Normal
337,1775213399,3600,106.8616,Normal
337,1775213459,3600,187.1265,Normal
337,1775213519,3600,172.499,Normal
337,1775213579,3600,174.4416,Normal
337,1775213639,3600,201.0776,Normal
337,1775213699,3600,183.2438,Normal
337,1775213759,3600,179.5352,Normal
337,1775213819,3600,178.2619,Normal
337,1775213879,3600,154.2824,Normal
337,1775213939,3600,178.5911,Normal
337,1775213999,3600,161.7402,Normal
337,1775214059,3600,144.4273,Normal
337,1775214119,3600,134.4716,Normal
337,1775214179,3600,187.4324,Normal
337,1775214239,3600,190.5038,Normal
337,1775214299,3600,183.3261,Normal
337,1775214359,3600,171.6737,Normal
337,1775214419,3600,202.1925,Normal
337,1775214479,3600,218.0591,Normal
337,1775214539,3600,221.1344,Normal
337,1775214599,3600,252.8502,Elevated
337,1775214659,3600,272.8785,Elevated
337,1775214719,3600,263.5277,Elevated
337,1775214779,3600,263.2468,Elevated
337,1775214839,3600,257.512,Elevated
337,1775214899,3600,241.2882,Normal
337,1775214959,3600,203.4207,Normal
337,1775215019,3600,206.0135,Normal
337,1775215079,3600,185.1848,Normal
337,1775215139,3600,173.6085,Normal
337,1775215199,3600,169.9171,Normal
337,1775215259,3600,125.7399,Normal
337,1775215319,3600,98.0467,Normal
337,1775215379,3600,82.7705,Normal
337,1775215439,3600,69.4762,Normal
337,1775215499,3600,77.4622,Normal
337,1775215559,3600,105.4978,Normal
337,1775215619,3600,132.9253,Normal
337,1775215679,3600,180.4174,Normal
337,1775215739,3600,127.4184,Normal
337,1775215799,3600,156.2439,Normal
337,1775215859,3600,144.2164,Normal
337,1775215919,3600,130.0229,Normal
337,1775215979,3600,117.1746,Normal
337,1775216039,3600,150.6786,Normal
337,1775216099,3600,134.9294,Normal
337,1775216159,3600,148.5333,Normal
337,1775216219,3600,126.8948,Normal
337,1775216279,3600,103.2091,Normal
337,1775216339,3600,119.8569,Normal
337,1775216399,3600,110.2731,Normal
337,1775216459,3600,77.3198,Normal
337,1775216519,3600,89.8314,Normal
337,1775216579,3600,78.0063,Normal
337,1775216639,3600,105.4315,Normal
337,1775216699,3600,98.9961,Normal
337,1775216759,3600,90.713,Normal
337,1775216819,3600,71.1378,Normal
337,1775216879,3600,30.0525,Normal
337,1775216939,3600,39.885,Normal
337,1775216999,3600,11.7763,Normal
337,1775217059,3600,12.5349,Normal
337,1775217119,3600,17.226,Normal
337,1775217179,3600,49.9562,Normal
337,1775217239,3600,64.2,Normal
337,1775217299,3600,44.8207,Normal
337,1775217359,3600,78.407,Normal
337,1775217419,3600,76.5946,Normal
337,1775217479,3600,45.4909,Normal
337,1775217539,3600,47.6315,Normal
337,1775217599,3600,40.1253,Normal
337,1775217659,3600,12.3413,Normal
337,1775217719,3600,6.402,Normal
337,1775217779,3600,40.472,Normal
337,1775217839,3600,54.3032,Normal
337,1775217899,3600,53.5635,Normal
337,1775217959,3600,35.9967,Normal
337,1775218019,3600,24.2811,Normal
337,1775218079,3600,30.67,Normal
337,1775218139,3600,43.8029,Normal
337,1775218199,3600,29.8162,Normal
337,1775218259,3600,27.0025,Normal
337,1775218319,3600,51.936,Normal
337,1775218379,3600,56.7815,Normal
337,1775218439,3600,66.828,Normal
337,1775218499,3600,63.7648,Normal
337,1775218559,3600,93.143,Normal
337,1775218619,3600,76.2553,Normal
337,1775218679,3600,77.4139,Normal
337,1775218739,3600,61.6268,Normal
337,1775218799,3600,34.9499,Normal
337,1775218859,3600,58.8625,Normal
337,1775218919,3600,79.4267,Normal
337,1775218979,3600,65.0759,Normal
337,1775219039,3600,65.8305,Normal
337,1775219099,3600,27.4271,Normal
337,1775219159,3600,38.4648,Normal
337,1775219219,3600,8.3435,Normal
337,1775219279,3600,13.9576,Normal
337,1775219339,3600,45.3546,Normal
337,1775219399,3600,34.8502,Normal
337,1775219459,3600,20.9117,Normal
337,1775219519,3600,35.2104,Normal
337,1775219579,3600,70.9501,Normal
337,1775219639,3600,43.8169,Normal
337,1775219699,3600,40.7225,Normal
337,1775219759,3600,30.9818,Normal
337,1775219819,3600,32.3991,Normal
337,1775219879,3600,44.9088,Normal
337,1775219939,3600,65.7811,Normal
337,1775219999,3600,93.0457,Normal
337,1775220059,3600,98.3688,Normal
337,1775220119,3600,146.5937,Normal
337,1775220179,3600,147.6703,Normal
337,1775220239,3600,114.84,Normal
337,1775220299,3600,139.4323,Normal
337,1775220359,3600,136.4645,Normal
337,1775220419,3600,112.9001,Normal
337,1775220479,3600,89.2383,Normal
337,1775220539,3600,79.2475,Normal
337,1775220599,3600,96.4938,Normal
337,1775220659,3600,88.0038,Normal
337,1775220719,3600,80.5994,Normal
337,1775220779,3600,108.3649,Normal
337,1775220839,3600,119.6459,Normal
337,1775220899,3600,79.4728,Normal
337,1775220959,3600,116.0642,Normal
337,1775221019,3600,165.6018,Normal
337,1775221079,3600,151.7212,Normal
337,1775221139,3600,175.8834,Normal
337,1775221199,3600,148.1598,Normal
337,1775221259,3600,150.2983,Normal
337,1775221319,3600,141.084,Normal
337,1775221379,3600,116.6234,Normal
337,1775221439,3600,113.936,Normal
337,1775221499,3600,95.6749,Normal
337,1775221559,3600,117.5932,Normal
337,1775221619,3600,81.5254,Normal
337,1775221679,3600,85.5941,Normal
337,1775221739,3600,81.2548,Normal
337,1775221799,3600,68.3221,Normal
337,1775221859,3600,93.7384,Normal
337,1775221919,3600,46.5996,Normal
337,1775221979,3600,5.8961,Normal
337,1775222039,3600,4.6692,Normal
337,1775222099,3600,20.3606,Normal
337,1775222159,3600,54.028,Normal
337,1775222219,3600,113.7208,Normal
337,1775222279,3600,164.6319,Normal
337,1775222339,3600,168.3277,Normal
337,1775222399,3600,146.0799,Normal
337,1775222459,3600,124.0234,Normal
337,1775222519,3600,132.4673,Normal
337,1775222579,3600,140.1969,Normal
337,1775222639,3600,139.4574,Normal
337,1775222699,3600,176.6859,Normal
337,1775222759,3600,143.4268,Normal
337,1775222819,3600,170.0844,Normal
337,1775222879,3600,144.3239,Normal
337,1775222939,3600,153.5334,Normal
337,1775222999,3600,148.6898,Normal
337,1775223059,3600,157.4192,Normal
337,1775223119,3600,172.4352,Normal
337,1775223179,3600,152.8112,Normal
337,1775223239,3600,162.7899,Normal
337,1775223299,3600,203.6628,Normal
337,1775223359,3600,210.0097,Normal
337,1775223419,3600,226.0451,Normal
337,1775223479,3600,210.5382,Normal
337,1775223539,3600,150.7375,Normal
337,1775223599,3600,139.1032,Normal
337,1775223659,3600,136.9753,Normal
337,1775223719,3600,96.3572,Normal
337,1775223779,3600,115.9001,Normal
337,1775223839,3600,133.303,Normal
337,1775223899,3600,150.8435,Normal
337,1775223959,3600,137.2752,Normal
337,1775224019,3600,176.0262,Normal
337,1775224079,3600,210.4691,Normal
337,1775224139,3600,202.2325,Normal
337,1775224199,3600,215.0451,Normal
337,1775224259,3600,213.9132,Normal
337,1775224319,3600,213.5218,Normal
337,1775224379,3600,165.1963,Normal
337,1775224439,3600,174.6735,Normal
337,1775224499,3600,206.3859,Normal
337,1775224559,3600,182.8537,Normal
337,1775224619,3600,141.0907,Normal
337,1775224679,3600,127.1109,Normal
337,1775224739,3600,135.4966,Normal
337,1775224799,3600,173.2934,Normal
337,1775224859,3600,183.6299,Normal
337,1775224919,3600,142.726,Normal
337,1775224979,3600,126.3923,Normal
337,1775225039,3600,126.0829,Normal
337,1775225099,3600,105.8792,Normal
337,1775225159,3600,64.5142,Normal
337,1775225219,3600,110.4753,Normal
337,1775225279,3600,101.4337,Normal
337,1775225339,3600,74.7713,Normal
337,1775225399,3600,105.8454,Normal
337,1775225459,3600,44.9724,Normal
337,1775225519,3600,67.3031,Normal
337,1775225579,3600,114.5816,Normal
337,1775225639,3600,106.2638,Normal
337,1775225699,3600,61.2981,Normal
337,1775225759,3600,29.9024,Normal
337,1775225819,3600,12.2381,Normal
337,1775225879,3600,38.5799,Normal
337,1775225939,3600,59.7996,Normal
337,1775225999,3600,37.1981,Normal
337,1775226059,3600,53.7534,Normal
337,1775226119,3600,70.7794,Normal
337,1775226179,3600,85.442,Normal
337,1775226239,3600,98.2367,Normal
337,1775226299,3600,129.6407,Normal
337,1775226359,3600,121.3534,Normal
337,1775226419,3600,90.7107,Normal
337,1775226479,3600,88.4331,Normal
337,1775226539,3600,90.9266,Normal
337,1775226599,3600,98.8453,Normal
337,1775226659,3600,90.5924,Normal
337,1775226719,3600,104.0856,Normal
337,1775226779,3600,72.8115,Normal
337,1775226839,3600,67.1456,Normal
337,1775226899,3600,125.4882,Normal
337,1775226959,3600,152.8484,Normal
337,1775227019,3600,153.561,Normal
337,1775227079,3600,136.023,Normal
337,1775227139,3600,141.5424,Normal
337,1775227199,3600,105.5767,Normal
337,1775227259,3600,111.3255,Normal
337,1775227319,3600,64.8426,Normal
337,1775227379,3600,109.3252,Normal
337,1775227439,3600,129.6965,Normal
337,1775227499,3600,150.7845,Normal
337,1775227559,3600,114.0207,Normal
337,1775227619,3600,111.6036,Normal
337,1775227679,3600,136.0934,Normal
337,1775227739,3600,113.6152,Normal
337,1775227799,3600,178.9349,Normal
337,1775227859,3600,152.2167,Normal
337,1775227919,3600,147.7362,Normal
337,1775227979,3600,100.1611,Normal
337,1775228039,3600,142.0784,Normal
337,1775228099,3600,147.7819,Normal
337,1775228159,3600,102.6337,Normal
337,1775228219,3600,116.2087,Normal
337,1775228279,3600,121.6304,Normal
337,1775228339,3600,141.1218,Normal
337,1775228399,3600,161.5046,Normal
337,1775228459,3600,161.7669,Normal
337,1775228519,3600,127.7455,Normal
337,1775228579,3600,118.759,Normal
337,1775228639,3600,145.6029,Normal
337,1775228699,3600,137.4305,Normal
337,1775228759,3600,123.8908,Normal
337,1775228819,3600,124.6147,Normal
337,1775228879,3600,89.9594,Normal
337,1775228939,3600,67.2318,Normal
337,1775228999,3600,112.6833,Normal
337,1775229059,3600,98.8707,Normal
337,1775229119,3600,82.5233,Normal
337,1775229179,3600,103.6627,Normal
337,1775229239,3600,114.4756,Normal
337,1775229299,3600,69.4894,Normal
337,1775229359,3600,47.2281,Normal
337,1775229419,3600,24.5997,Normal
337,1775229479,3600,6.797,Normal
337,1775229539,3600,24.3912,Normal
337,1775229599,3600,16.5271,Normal
337,1775229659,3600,23.6493,Normal
337,1775229719,3600,24.4493,Normal
337,1775229779,3600,3.854,Normal
337,1775229839,3600,30.4679,Normal
337,1775229899,3600,55.9745,Normal
337,1775229959,3600,34.395,Normal
337,1775230019,3600,15.0371,Normal
337,1775230079,3600,16.8629,Normal
337,1775230139,3600,28.1832,Normal
337,1775230199,3600,10.6806,Normal
337,1775230259,3600,36.7592,Normal
337,1775230319,3600,50.633,Normal
337,1775230379,3600,37.8917,Normal
337,1775230439,3600,16.8879,Normal
337,1775230499,3600,66.7559,Normal
337,1775230559,3600,66.1738,Normal
337,1775230619,3600,46.2159,Normal
337,1775230679,3600,36.3746,Normal
337,1775230739,3600,77.5998,Normal
337,1775230799,3600,6.6813,Normal
337,1775230859,3600,5.3382,Normal
337,1775230919,3600,40.2218,Normal
337,1775230979,3600,7.9634,Normal
337,1775231039,3600,44.0261,Normal
337,1775231099,3600,9.2427,Normal
337,1775231159,3600,12.0605,Normal
337,1775231219,3600,3.7781,Normal
337,1775231279,3600,22.587,Normal
337,1775231339,3600,27.1497,Normal
337,1775231399,3600,25.8334,Normal
337,1775231459,3600,19.9779,Normal
337,1775231519,3600,4.4801,Normal
337,1775231579,3600,5.1446,Normal
337,1775231639,3600,43.5397,Normal
337,1775231699,3600,55.3172,Normal
337,1775231759,3600,30.14,Normal
337,1775231819,3600,30.082,Normal
337,1775231879,3600,52.2897,Normal
337,1775231939,3600,67.6741,Normal
337,1775231999,3600,76.2675,Normal
337,1775232059,3600,31.5771,Normal
337,1775232119,3600,55.3086,Normal
337,1775232179,3600,30.7126,Normal
337,1775232239,3600,61.2614,Normal
337,1775232299,3600,59.9069,Normal
337,1775232359,3600,59.3574,Normal
337,1775232419,3600,44.8892,Normal
337,1775232479,3600,5.2669,Normal
337,1775232539,3600,11.1912,Normal
337,1775232599,3600,28.9617,Normal
337,1775232659,3600,4.6251,Normal
337,1775232719,3600,14.0042,Normal
337,1775232779,3600,18.7658,Normal
337,1775232839,3600,4.4984,Normal
337,1775232899,3600,23.6874,Normal
337,1775232959,3600,35.7257,Normal
337,1775233019,3600,82.1064,Normal
337,1775233079,3600,109.3036,Normal
337,1775233139,3600,57.9911,Normal
337,1775233199,3600,82.6007,Normal
337,1775233259,3600,70.9367,Normal
337,1775233319,3600,104.2038,Normal
337,1775233379,3600,90.6753,Normal
337,1775233439,3600,112.0161,Normal
337,1775233499,3600,95.3832,Normal
337,1775233559,3600,64.5044,Normal
337,1775233619,3600,73.2146,Normal
337,1775233679,3600,48.5573,Normal
337,1775233739,3600,42.8329,Normal
337,1775233799,3600,33.41,Normal
337,1775233859,3600,30.7066,Normal
337,1775233919,3600,49.0786,Normal
337,1775233979,3600,48.4123,Normal
337,1775234039,3600,13.0132,Normal
337,1775234099,3600,50.2097,Normal
337,1775234159,3600,4.5812,Normal
337,1775234219,3600,29.1286,Normal
337,1775234279,3600,30.6899,Normal
337,1775234339,3600,34.8544,Normal
337,1775234399,3600,85.5499,Normal
337,1775234459,3600,83.6926,Normal
337,1775234519,3600,74.259,Normal
337,1775234579,3600,37.0558,Normal
337,1775234639,3600,3.768,Normal
337,1775234699,3600,30.7877,Normal
337,1775234759,3600,13.2596,Normal
337,1775234819,3600,9.7163,Normal
337,1775234879,3600,18.5086,Normal
337,1775234939,3600,27.44,Normal
337,1775234999,3600,0.8019,Normal
337,1775235059,3600,5.0567,Normal
337,1775235119,3600,0.0135,Normal
337,1775235179,3600,10.0556,Normal
337,1775235239,3600,7.8376,Normal
337,1775235299,3600,38.0488,Normal
337,1775235359,3600,40.192,Normal
337,1775235419,3600,1.5386,Normal
337,1775235479,3600,26.1884,Normal
337,1775235539,3600,17.148,Normal
337,1775235599,3600,41.4418,Normal
337,1775235659,3600,104.927,Normal
337,1775235719,3600,70.3058,Normal
337,1775235779,3600,76.4025,Normal
337,1775235839,3600,52.9144,Normal
337,1775235899,3600,62.2566,Normal
337,1775235959,3600,79.4555,Normal
337,1775236019,3600,43.3292,Normal
337,1775236079,3600,57.5112,Normal
337,1775236139,3600,31.8225,Normal
337,1775236199,3600,30.6091,Normal
337,1775236259,3600,30.5351,Normal
337,1775236319,3600,22.1792,Normal
337,1775236379,3600,29.8813,Normal
337,1775236439,3600,46.2576,Normal
337,1775236499,3600,22.1887,Normal
337,1775236559,3600,34.6348,Normal
337,1775236619,3600,25.7019,Normal
337,1775236679,3600,43.5202,Normal
337,1775236739,3600,8.8596,Normal
337,1775236799,3600,16.4238,Normal
337,1775236859,3600,30.1017,Normal
337,1775236919,3600,7.8013,Normal
337,1775236979,3600,12.5449,Normal
337,1775237039,3600,16.735,Normal
337,1775237099,3600,4.6849,Normal
337,1775237159,3600,25.5601,Normal
337,1775237219,3600,31.9718,Normal
337,1775237279,3600,80.0703,Normal
337,1775237339,3600,137.6516,Normal
337,1775237399,3600,143.2205,Normal
337,1775237459,3600,152.3816,Normal
337,1775237519,3600,150.1505,Normal
337,1775237579,3600,195.5627,Normal
337,1775237639,3600,209.6335,Normal
337,1775237699,3600,224.459,Normal
337,1775237759,3600,279.5699,Elevated
337,1775237819,3600,291.356,High
337,1775237879,3600,314.2951,High
337,1775237939,3600,322.3516,High
337,1775237999,3600,331.7412,High
337,1775238059,3600,354.329,High
337,1775238119,3600,346.6704,High
337,1775238179,3600,279.3939,Elevated
337,1775238239,3600,274.0176,Elevated
337,1775238299,3600,273.2879,Elevated
337,1775238359,3600,263.302,Elevated
337,1775238419,3600,258.2841,Elevated
337,1775238479,3600,277.8956,Elevated
337,1775238539,3600,284.9796,Elevated
337,1775238599,3600,256.471,Elevated
337,1775238659,3600,270.2084,Elevated
337,1775238719,3600,220.7655,Normal
337,1775238779,3600,243.0984,Elevated
337,1775238839,3600,232.0694,Normal
337,1775238899,3600,201.5798,Normal
337,1775238959,3600,208.3668,Normal
337,1775239019,3600,225.0003,Normal
337,1775239079,3600,271.2762,Elevated
337,1775239139,3600,235.2097,Normal
337,1775239199,3600,289.4538,High
337,1775239259,3600,335.1093,High
337,1775239319,3600,325.3232,High
337,1775239379,3600,290.3888,High
337,1775239439,3600,269.9598,Elevated
337,1775239499,3600,270.0015,Elevated
337,1775239559,3600,245.9178,Elevated
337,1775239619,3600,213.8678,Normal
337,1775239679,3600,212.3979,Normal
337,1775239739,3600,185.6419,Normal
337,1775239799,3600,214.1229,Normal
337,1775239859,3600,186.7772,Normal
337,1775239919,3600,156.7012,Normal
337,1775239979,3600,127.8203,Normal
337,1775240039,3600,166.5568,Normal
337,1775240099,3600,185.3196,Normal
337,1775240159,3600,154.1653,Normal
337,1775240219,3600,168.7422,Normal
337,1775240279,3600,183.1069,Normal
337,1775240339,3600,169.505,Normal
337,1775240399,3600,154.9239,Normal
337,1775240459,3600,136.9038,Normal
337,1775240519,3600,151.1864,Normal
337,1775240579,3600,141.4629,Normal
337,1775240639,3600,130.3329,Normal
337,1775240699,3600,112.9815,Normal
337,1775240759,3600,101.692,Normal
337,1775240819,3600,109.6886,Normal
337,1775240879,3600,96.5072,Normal
337,1775240939,3600,75.377,Normal
337,1775240999,3600,72.6092,Normal
337,1775241059,3600,86.6712,Normal
337,1775241119,3600,63.0353,Normal
337,1775241179,3600,6.2927,Normal
337,1775241239,3600,10.0563,Normal
337,1775241299,3600,48.5476,Normal
337,1775241359,3600,51.9259,Normal
337,1775241419,3600,38.1219,Normal
337,1775241479,3600,61.4675,Normal
337,1775241539,3600,80.6257,Normal
337,1775241599,3600,68.1356,Normal
337,1775241659,3600,124.2448,Normal
337,1775241719,3600,133.9112,Normal
337,1775241779,3600,94.0161,Normal
337,1775241839,3600,107.8397,Normal
337,1775241899,3600,91.2356,Normal
337,1775241959,3600,110.2347,Normal
337,1775242019,3600,109.3817,Normal
337,1775242079,3600,140.576,Normal
337,1775242139,3600,136.3763,Normal
337,1775242199,3600,106.3524,Normal
337,1775242259,3600,137.3866,Normal
337,1775242319,3600,94.4875,Normal
337,1775242379,3600,112.0325,Normal
337,1775242439,3600,93.168,Normal
337,1775242499,3600,97.4455,Normal
337,1775242559,3600,118.1236,Normal
337,1775242619,3600,106.1007,Normal
337,1775242679,3600,137.118,Normal
337,1775242739,3600,127.6154,Normal
337,1775242799,3600,157.9943,Normal
337,1775242859,3600,142.5876,Normal
337,1775242919,3600,89.9355,Normal
337,1775242979,3600,82.6159,Normal
337,1775243039,3600,70.7403,Normal
337,1775243099,3600,58.9464,Normal
337,1775243159,3600,0.3387,Normal
337,1775243219,3600,0.6871,Normal
337,1775243279,3600,13.4675,Normal
337,1775243339,3600,12.1884,Normal
337,1775243399,3600,39.9119,Normal
337,1775243459,3600,38.0798,Normal
337,1775243519,3600,61.9676,Normal
337,1775243579,3600,48.0588,Normal
337,1775243639,3600,31.6775,Normal
337,1775243699,3600,15.2962,Normal
337,1775243759,3600,24.7745,Normal
337,1775243819,3600,51.8283,Normal
337,1775243879,3600,39.8196,Normal
337,1775243939,3600,33.9362,Normal
337,1775243999,3600,50.0051,Normal
337,1775244059,3600,35.1034,Normal
337,1775244119,3600,43.5482,Normal
337,1775244179,3600,42.6248,Normal
337,1775244239,3600,52.0269,Normal
337,1775244299,3600,64.3626,Normal
337,1775244359,3600,77.0375,Normal
337,1775244419,3600,89.5287,Normal
337,1775244479,3600,75.1362,Normal
337,1775244539,3600,84.9682,Normal
337,1775244599,3600,91.8195,Normal
337,1775244659,3600,80.0706,Normal
337,1775244719,3600,80.5932,Normal
337,1775244779,3600,102.0504,Normal
337,1775244839,3600,87.2578,Normal
337,1775244899,3600,113.1649,Normal
337,1775244959,3600,107.3051,Normal
337,1775245019,3600,101.3071,Normal
337,1775245079,3600,94.6277,Normal
337,1775245139,3600,132.6065,Normal
337,1775245199,3600,116.1587,Normal
337,1775245259,3600,124.8054,Normal
337,1775245319,3600,93.3541,Normal
337,1775245379,3600,84.1392,Normal
337,1775245439,3600,122.1108,Normal
337,1775245499,3600,103.6033,Normal
337,1775245559,3600,123.5787,Normal
337,1775245619,3600,128.5226,Normal
337,1775245679,3600,175.2316,Normal
337,1775245739,3600,189.2842,Normal
337,1775245799,3600,184.2607,Normal
337,1775245859,3600,237.2438,Normal
337,1775245919,3600,238.8263,Normal
337,1775245979,3600,245.6422,Elevated
337,1775246039,3600,245.275,Elevated
337,1775246099,3600,220.8366,Normal
337,1775246159,3600,261.1012,Elevated
337,1775246219,3600,323.033,High
337,1775246279,3600,331.068,High
337,1775246339,3600,312.499,High
337,1775246399,3600,348.6498,High
337,1775246459,3600,331.9681,High
337,1775246519,3600,257.7814,Elevated
337,1775246579,3600,244.5493,Elevated
337,1775246639,3600,233.7381,Normal
337,1775246699,3600,244.8615,Elevated
337,1775246759,3600,195.2428,Normal
337,1775246819,3600,176.7747,Normal
337,1775246879,3600,176.7135,Normal
337,1775246939,3600,144.4493,Normal
337,1775246999,3600,124.2904,Normal
337,1775247059,3600,139.3129,Normal
337,1775247119,3600,135.2313,Normal
337,1775247179,3600,145.3776,Normal
337,1775247239,3600,194.8011,Normal
337,1775247299,3600,174.497,Normal
337,1775247359,3600,176.0661,Normal
337,1775247419,3600,140.0953,Normal
337,1775247479,3600,116.0576,Normal
337,1775247539,3600,110.6913,Normal
337,1775247599,3600,91.4767,Normal
337,1775247659,3600,111.7314,Normal
337,1775247719,3600,102.5255,Normal
337,1775247779,3600,101.6371,Normal
337,1775247839,3600,92.6968,Normal
337,1775247899,3600,95.2945,Normal
337,1775247959,3600,89.0228,Normal
337,1775248019,3600,42.2441,Normal
337,1775248079,3600,29.2604,Normal
337,1775248139,3600,19.0432,Normal
337,1775248199,3600,65.3625,Normal
337,1775248259,3600,33.8741,Normal
337,1775248319,3600,19.6761,Normal
337,1775248379,3600,26.0437,Normal
337,1775248439,3600,8.9406,Normal
337,1775248499,3600,13.1382,Normal
337,1775248559,3600,40.8237,Normal
337,1775248619,3600,55.5196,Normal
337,1775248679,3600,18.9541,Normal
337,1775248739,3600,36.2375,Normal
337,1775248799,3600,37.1402,Normal
337,1775248859,3600,7.771,Normal
337,1775248919,3600,4.703,Normal
337,1775248979,3600,26.4106,Normal
337,1775249039,3600,21.5882,Normal
337,1775249099,3600,26.0084,Normal
337,1775249159,3600,57.5788,Normal
337,1775249219,3600,83.8186,Normal
337,1775249279,3600,132.6072,Normal
337,1775249339,3600,135.414,Normal
337,1775249399,3600,159.7932,Normal
337,1775249459,3600,162.0818,Normal
337,1775249519,3600,177.5247,Normal
337,1775249579,3600,121.2465,Normal
337,1775249639,3600,144.5514,Normal
337,1775249699,3600,100.7328,Normal
337,1775249759,3600,118.9282,Normal
337,1775249819,3600,179.0084,Normal
337,1775249879,3600,180.6874,Normal
337,1775249939,3600,192.7165,Normal
337,1775249999,3600,224.6377,Normal
337,1775250059,3600,217.1707,Normal
337,1775250119,3600,200.4433,Normal
337,1775250179,3600,132.1625,Normal
337,1775250239,3600,89.0945,Normal
337,1775250299,3600,139.673,Normal
337,1775250359,3600,147.1824,Normal
337,1775250419,3600,128.6865,Normal
337,1775250479,3600,125.7406,Normal
337,1775250539,3600,126.2245,Normal
337,1775250599,3600,129.8803,Normal
337,1775250659,3600,158.7115,Normal
337,1775250719,3600,207.7818,Normal
337,1775250779,3600,210.4173,Normal
337,1775250839,3600,241.7733,Normal
337,1775250899,3600,244.9512,Elevated
337,1775250959,3600,285.8103,Elevated
337,1775251019,3600,264.0486,Elevated
337,1775251079,3600,242.8389,Normal
337,1775251139,3600,256.3619,Elevated
337,1775251199,3600,238.7931,Normal
337,1775251259,3600,257.7364,Elevated
337,1775251319,3600,247.4367,Elevated
337,1775251379,3600,267.9159,Elevated
337,1775251439,3600,275.4854,Elevated
337,1775251499,3600,290.2197,High
337,1775251559,3600,306.9484,High
337,1775251619,3600,281.0505,Elevated
337,1775251679,3600,274.6879,Elevated
337,1775251739,3600,268.7176,Elevated
337,1775251799,3600,227.0855,Normal
337,1775251859,3600,233.8632,Normal
337,1775251919,3600,224.9328,Normal
337,1775251979,3600,227.9898,Normal
337,1775252039,3600,210.1147,Normal
337,1775252099,3600,237.5966,Normal
337,1775252159,3600,192.2849,Normal
337,1775252219,3600,204.6208,Normal
337,1775252279,3600,220.4384,Normal
337,1775252339,3600,233.4058,Normal
337,1775252399,3600,210.4332,Normal
337,1775252459,3600,238.4317,Normal
337,1775252519,3600,240.2346,Normal
337,1775252579,3600,229.583,Normal
337,1775252639,3600,234.2619,Normal
337,1775252699,3600,226.5166,Normal
337,1775252759,3600,190.0651,Normal
337,1775252819,3600,156.03,Normal
337,1775252879,3600,152.1893,Normal
337,1775252939,3600,155.2813,Normal
337,1775252999,3600,145.0911,Normal
337,1775253059,3600,145.9798,Normal
337,1775253119,3600,116.6861,Normal
337,1775253179,3600,146.827,Normal
337,1775253239,3600,164.4072,Normal
337,1775253299,3600,147.4228,Normal
337,1775253359,3600,170.3106,Normal
337,1775253419,3600,173.0233,Normal
337,1775253479,3600,157.4677,Normal
337,1775253539,3600,140.9007,Normal
337,1775253599,3600,121.1526,Normal
337,1775253659,3600,110.4276,Normal
337,1775253719,3600,98.8766,Normal
337,1775253779,3600,137.3122,Normal
337,1775253839,3600,135.1793,Normal
337,1775253899,3600,108.8842,Normal
337,1775253959,3600,87.5064,Normal
337,1775254019,3600,62.3354,Normal
337,1775254079,3600,42.6299,Normal
337,1775254139,3600,37.7184,Normal
337,1775254199,3600,53.7547,Normal
337,1775254259,3600,3.4651,Normal
337,1775254319,3600,32.6963,Normal
337,1775254379,3600,17.8214,Normal
337,1775254439,3600,57.3628,Normal
337,1775254499,3600,17.898,Normal
337,1775254559,3600,34.722,Normal
337,1775254619,3600,19.6018,Normal
337,1775254679,3600,8.4116,Normal
337,1775254739,3600,23.7015,Normal
337,1775254799,3600,14.8767,Normal
337,1775254859,3600,33.4042,Normal
337,1775254919,3600,20.4965,Normal
337,1775254979,3600,61.7751,Normal
337,1775255039,3600,100.2688,Normal
337,1775255099,3600,123.2,Normal
337,1775255159,3600,138.7142,Normal
337,1775255219,3600,156.7415,Normal
337,1775255279,3600,180.2897,Normal
337,1775255339,3600,212.498,Normal
337,1775255399,3600,220.3087,Normal
337,1775255459,3600,195.6259,Normal
337,1775255519,3600,175.5057,Normal
337,1775255579,3600,189.5215,Normal
337,1775255639,3600,164.7207,Normal
337,1775255699,3600,192.1211,Normal
337,1775255759,3600,166.615,Normal
337,1775255819,3600,196.2821,Normal
337,1775255879,3600,185.7773,Normal
337,1775255939,3600,211.0984,Normal
337,1775255999,3600,190.7904,Normal
337,1775256059,3600,176.7868,Normal
337,1775256119,3600,184.4459,Normal
337,1775256179,3600,156.8346,Normal
337,1775256239,3600,164.3098,Normal
337,1775256299,3600,120.9917,Normal
337,1775256359,3600,138.3566,Normal
337,1775256419,3600,146.9953,Normal
337,1775256479,3600,155.2927,Normal
337,1775256539,3600,155.8938,Normal
337,1775256599,3600,159.2599,Normal
337,1775256659,3600,133.6055,Normal
337,1775256719,3600,97.3906,Normal
337,1775256779,3600,100.7465,Normal
337,1775256839,3600,144.0786,Normal
337,1775256899,3600,94.4562,Normal
337,1775256959,3600,89.7271,Normal
337,1775257019,3600,131.452,Normal
337,1775257079,3600,153.0587,Normal
337,1775257139,3600,143.8562,Normal
337,1775257199,3600,157.7089,Normal
337,1775257259,3600,121.0765,Normal
337,1775257319,3600,128.2985,Normal
337,1775257379,3600,109.8362,Normal
337,1775257439,3600,86.1693,Normal
337,1775257499,3600,86.9276,Normal
337,1775257559,3600,106.9036,Normal
337,1775257619,3600,121.9067,Normal
337,1775257679,3600,122.3402,Normal
337,1775257739,3600,152.8135,Normal
337,1775257799,3600,152.0527,Normal
337,1775257859,3600,107.644,Normal
337,1775257919,3600,91.6969,Normal
337,1775257979,3600,161.6724,Normal
337,1775258039,3600,105.3201,Normal
337,1775258099,3600,173.7385,Normal
337,1775258159,3600,161.4125,Normal
337,1775258219,3600,185.2489,Normal
337,1775258279,3600,196.9958,Normal
337,1775258339,3600,180.9889,Normal
337,1775258399,3600,186.0049,Normal
337,1775258459,3600,132.4414,Normal
337,1775258519,3600,133.2987,Normal
337,1775258579,3600,156.0112,Normal
337,1775258639,3600,139.6131,Normal
337,1775258699,3600,149.9677,Normal
337,1775258759,3600,138.8703,Normal
337,1775258819,3600,106.4892,Normal
337,1775258879,3600,96.9766,Normal
337,1775258939,3600,72.5171,Normal
337,1775258999,3600,18.7633,Normal
337,1775259059,3600,16.6069,Normal
337,1775259119,3600,28.1964,Normal
337,1775259179,3600,11.9403,Normal
337,1775259239,3600,54.1148,Normal
337,1775259299,3600,46.7387,Normal
337,1775259359,3600,23.3715,Normal
337,1775259419,3600,37.2217,Normal
337,1775259479,3600,55.1806,Normal
337,1775259539,3600,32.397,Normal
337,1775259599,3600,11.988,Normal
337,1775259659,3600,35.9218,Normal
337,1775259719,3600,6.2853,Normal
337,1775259779,3600,19.8626,Normal
337,1775259839,3600,10.476,Normal
337,1775259899,3600,80.8525,Normal
337,1775259959,3600,66.8822,Normal
337,1775260019,3600,52.1084,Normal
337,1775260079,3600,97.6733,Normal
337,1775260139,3600,105.8791,Normal
337,1775260199,3600,104.7645,Normal
337,1775260259,3600,112.7125,Normal
337,1775260319,3600,109.1849,Normal
337,1775260379,3600,74.5455,Normal
337,1775260439,3600,49.6799,Normal
337,1775260499,3600,48.0249,Normal
337,1775260559,3600,69.3997,Normal
337,1775260619,3600,94.7951,Normal
337,1775260679,3600,85.6901,Normal
337,1775260739,3600,95.7859,Normal
337,1775260799,3600,102.6331,Normal
337,1775260859,3600,98.2016,Normal
337,1775260919,3600,111.2541,Normal
337,1775260979,3600,92.3531,Normal
337,1775261039,3600,98.1998,Normal
337,1775261099,3600,108.4117,Normal
337,1775261159,3600,46.1991,Normal
337,1775261219,3600,3.9227,Normal
337,1775261279,3600,42.6893,Normal
337,1775261339,3600,60.3838,Normal
337,1775261399,3600,77.6686,Normal
337,1775261459,3600,65.8018,Normal
337,1775261519,3600,52.1254,Normal
337,1775261579,3600,99.5378,Normal
337,1775261639,3600,46.882,Normal
337,1775261699,3600,23.9444,Normal
337,1775261759,3600,12.5877,Normal
337,1775261819,3600,0.2616,Normal
337,1775261879,3600,3.2686,Normal
337,1775261939,3600,63.6733,Normal
337,1775261999,3600,94.5234,Normal
337,1775262059,3600,100.8593,Normal
337,1775262119,3600,91.4462,Normal
337,1775262179,3600,52.9078,Normal
337,1775262239,3600,41.139,Normal
337,1775262299,3600,47.8485,Normal
337,1775262359,3600,59.0591,Normal
337,1775262419,3600,67.6203,Normal
337,1775262479,3600,58.5993,Normal
337,1775262539,3600,68.2601,Normal
337,1775262599,3600,116.5885,Normal
337,1775262659,3600,108.8002,Normal
337,1775262719,3600,123.2218,Normal
337,1775262779,3600,123.8571,Normal
337,1775262839,3600,79.5348,Normal
337,1775262899,3600,75.8905,Normal
337,1775262959,3600,94.1083,Normal
337,1775263019,3600,86.1773,Normal
337,1775263079,3600,45.8563,Normal
337,1775263139,3600,61.6201,Normal
337,1775263199,3600,92.2372,Normal
337,1775263259,3600,108.859,Normal
337,1775263319,3600,147.1545,Normal
337,1775263379,3600,104.3077,Normal
337,1775263439,3600,104.105,Normal
337,1775263499,3600,78.3271,Normal
337,1775263559,3600,72.9876,Normal
337,1775263619,3600,81.5585,Normal
337,1775263679,3600,71.6908,Normal
337,1775263739,3600,58.8101,Normal
337,1775263799,3600,85.9559,Normal
337,1775263859,3600,49.355,Normal
337,1775263919,3600,80.1064,Normal
337,1775263979,3600,68.9405,Normal
337,1775264039,3600,67.1036,Normal
337,1775264099,3600,117.6297,Normal
337,1775264159,3600,103.1405,Normal
337,1775264219,3600,52.7245,Normal
337,1775264279,3600,0.3246,Normal
337,1775264339,3600,16.822,Normal
337,1775264399,3600,2.4277,Normal
337,1775264459,3600,10.4964,Normal
337,1775264519,3600,45.2965,Normal
337,1775264579,3600,23.2431,Normal
337,1775264639,3600,77.2405,Normal
337,1775264699,3600,77.2445,Normal
337,1775264759,3600,74.8683,Normal
337,1775264819,3600,57.8587,Normal
337,1775264879,3600,33.5238,Normal
337,1775264939,3600,17.5101,Normal
337,1775264999,3600,10.2242,Normal
337,1775265059,3600,34.7505,Normal
337,1775265119,3600,51.2351,Normal
337,1775265179,3600,52.8435,Normal
337,1775265239,3600,106.8411,Normal
337,1775265299,3600,119.6096,Normal
337,1775265359,3600,142.1876,Normal
337,1775265419,3600,137.1136,Normal
337,1775265479,3600,150.6974,Normal
337,1775265539,3600,170.458,Normal
337,1775265599,3600,202.6504,Normal
337,1775265659,3600,168.3985,Normal
337,1775265719,3600,193.2154,Normal
337,1775265779,3600,182.9954,Normal
337,1775265839,3600,215.403,Normal
337,1775265899,3600,226.2147,Normal
337,1775265959,3600,226.4327,Normal
337,1775266019,3600,236.5744,Normal
337,1775266079,3600,235.6458,Normal
337,1775266139,3600,251.8942,Elevated
337,1775266199,3600,258.3759,Elevated
337,1775266259,3600,262.0977,Elevated
337,1775266319,3600,214.1098,Normal
337,1775266379,3600,218.9331,Normal
337,1775266439,3600,223.6668,Normal
337,1775266499,3600,186.5704,Normal
337,1775266559,3600,179.2471,Normal
337,1775266619,3600,201.7894,Normal
337,1775266679,3600,192.355,Normal
337,1775266739,3600,194.1429,Normal
337,1775266799,3600,176.5913,Normal
337,1775266859,3600,182.0321,Normal
337,1775266919,3600,205.3793,Normal
337,1775266979,3600,174.3355,Normal
337,1775267039,3600,154.5395,Normal
337,1775267099,3600,161.8285,Normal
337,1775267159,3600,168.3992,Normal
337,1775267219,3600,197.1982,Normal
337,1775267279,3600,219.939,Normal
337,1775267339,3600,217.7914,Normal
337,1775267399,3600,214.2919,Normal
337,1775267459,3600,186.7082,Normal
337,1775267519,3600,208.8713,Normal
337,1775267579,3600,177.2076,Normal
337,1775267639,3600,162.6595,Normal
337,1775267699,3600,173.4099,Normal
337,1775267759,3600,133.7142,Normal
337,1775267819,3600,114.0494,Normal
337,1775267879,3600,65.4165,Normal
337,1775267939,3600,52.1553,Normal
337,1775267999,3600,59.4415,Normal
337,1775268059,3600,57.2205,Normal
337,1775268119,3600,51.6146,Normal
337,1775268179,3600,29.6492,Normal
337,1775268239,3600,10.0882,Normal
337,1775268299,3600,2.9042,Normal
337,1775268359,3600,40.3952,Normal
337,1775268419,3600,47.7962,Normal
337,1775268479,3600,53.7868,Normal
337,1775268539,3600,55.6704,Normal
337,1775268599,3600,78.002,Normal
337,1775268659,3600,113.0709,Normal
337,1775268719,3600,145.149,Normal
337,1775268779,3600,176.0944,Normal
337,1775268839,3600,233.8134,Normal
337,1775268899,3600,210.7503,Normal
337,1775268959,3600,209.3318,Normal
337,1775269019,3600,213.4178,Normal
337,1775269079,3600,234.7934,Normal
337,1775269139,3600,186.2476,Normal
337,1775269199,3600,206.5504,Normal
337,1775269259,3600,171.8577,Normal
337,1775269319,3600,183.8224,Normal
337,1775269379,3600,185.2185,Normal
337,1775269439,3600,220.5288,Normal
337,1775269499,3600,197.1031,Normal
337,1775269559,3600,211.9458,Normal
337,1775269619,3600,209.4915,Normal
337,1775269679,3600,241.9972,Normal
337,1775269739,3600,240.4727,Normal
337,1775269799,3600,232.0578,Normal
337,1775269859,3600,277.5622,Elevated
337,1775269919,3600,198.2535,Normal
337,1775269979,3600,185.498,Normal
337,1775270039,3600,219.1871,Normal
337,1775270099,3600,209.1797,Normal
337,1775270159,3600,196.9332,Normal
337,1775270219,3600,198.2436,Normal
337,1775270279,3600,210.3955,Normal
337,1775270339,3600,210.8853,Normal
337,1775270399,3600,178.7501,Normal
337,1775270459,3600,171.3703,Normal
337,1775270519,3600,214.7747,Normal
337,1775270579,3600,202.2759,Normal
337,1775270639,3600,192.4682,Normal
337,1775270699,3600,211.8461,Normal
337,1775270759,3600,194.8999,Normal
337,1775270819,3600,208.6522,Normal
337,1775270879,3600,217.5172,Normal
337,1775270939,3600,238.8181,Normal
337,1775270999,3600,236.9305,Normal
337,1775271059,3600,239.0884,Normal
337,1775271119,3600,264.6072,Elevated
337,1775271179,3600,210.1084,Normal
337,1775271239,3600,235.867,Normal
337,1775271299,3600,205.514,Normal
337,1775271359,3600,175.5666,Normal
337,1775271419,3600,160.6447,Normal
337,1775271479,3600,132.5307,Normal
337,1775271539,3600,105.7987,Normal
337,1775271599,3600,145.1313,Normal
337,1775271659,3600,201.5104,Normal
337,1775271719,3600,200.1768,Normal
337,1775271779,3600,175.5044,Normal
337,1775271839,3600,167.2429,Normal
337,1775271899,3600,169.9991,Normal
337,1775271959,3600,166.2158,Normal
337,1775272019,3600,166.0591,Normal
337,1775272079,3600,177.7799,Normal
337,1775272139,3600,198.973,Normal
337,1775272199,3600,219.8372,Normal
337,1775272259,3600,222.3892,Normal
337,1775272319,3600,218.15,Normal
337,1775272379,3600,192.7387,Normal
337,1775272439,3600,179.1257,Normal
337,1775272499,3600,194.8777,Normal
337,1775272559,3600,183.2815,Normal
337,1775272619,3600,165.7861,Normal
337,1775272679,3600,173.3878,Normal
337,1775272739,3600,202.7223,Normal
337,1775272799,3600,201.0494,Normal
337,1775272859,3600,209.1364,Normal
337,1775272919,3600,244.4339,Elevated
337,1775272979,3600,221.3336,Normal
337,1775273039,3600,219.0655,Normal
337,1775273099,3600,245.5696,Elevated
337,1775273159,3600,186.008,Normal
337,1775273219,3600,183.6181,Normal
337,1775273279,3600,185.1576,Normal
337,1775273339,3600,197.2012,Normal
337,1775273399,3600,202.291,Normal
337,1775273459,3600,191.273,Normal
337,1775273519,3600,223.2911,Normal
337,1775273579,3600,242.5667,Normal
337,1775273639,3600,230.49,Normal
337,1775273699,3600,252.9537,Elevated
337,1775273759,3600,265.2179,Elevated
337,1775273819,3600,244.0772,Elevated
337,1775273879,3600,225.0538,Normal
337,1775273939,3600,237.3348,Normal
337,1775273999,3600,242.4837,Normal
337,1775274059,3600,229.5159,Normal
337,1775274119,3600,219.1825,Normal
337,1775274179,3600,221.2758,Normal
337,1775274239,3600,215.2536,Normal
337,1775274299,3600,190.5574,Normal
337,1775274359,3600,210.7542,Normal
337,1775274419,3600,242.1821,Normal
337,1775274479,3600,244.5913,Elevated
337,1775274539,3600,217.6501,Normal
337,1775274599,3600,147.7721,Normal
337,1775274659,3600,123.158,Normal
337,1775274719,3600,68.3967,Normal
337,1775274779,3600,85.2547,Normal
337,1775274839,3600,44.86,Normal
337,1775274899,3600,66.0951,Normal
337,1775274959,3600,61.8147,Normal
337,1775275019,3600,22.6401,Normal
337,1775275079,3600,26.2974,Normal
337,1775275139,3600,23.9145,Normal
337,1775275199,3600,4.9775,Normal
337,1775275259,3600,3.0914,Normal
337,1775275319,3600,4.6787,Normal
337,1775275379,3600,32.197,Normal
337,1775275439,3600,69.3956,Normal
337,1775275499,3600,62.8688,Normal
337,1775275559,3600,60.5201,Normal
337,1775275619,3600,22.9375,Normal
337,1775275679,3600,42.209,Normal
337,1775275739,3600,5.1858,Normal
337,1775275799,3600,27.3146,Normal
337,1775275859,3600,44.1027,Normal
337,1775275919,3600,74.2307,Normal
337,1775275979,3600,37.8009,Normal
337,1775276039,3600,8.3242,Normal
337,1775276099,3600,4.4868,Normal
337,1775276159,3600,45.1208,Normal
337,1775276219,3600,47.2896,Normal
337,1775276279,3600,68.4277,Normal
337,1775276339,3600,37.0138,Normal
337,1775276399,3600,49.6642,Normal
337,1775276459,3600,62.1567,Normal
337,1775276519,3600,46.8774,Normal
337,1775276579,3600,37.7368,Normal
337,1775276639,3600,15.3252,Normal
337,1775276699,3600,9.3664,Normal
337,1775276759,3600,34.2066,Normal
337,1775276819,3600,32.7,Normal
337,1775276879,3600,1.0027,Normal
337,1775276939,3600,21.8194,Normal
337,1775276999,3600,36.4978,Normal
337,1775277059,3600,10.9155,Normal
337,1775277119,3600,7.9835,Normal
337,1775277179,3600,6.0651,Normal
337,1775277239,3600,17.3663,Normal
337,1775277299,3600,48.8785,Normal
337,1775277359,3600,68.7244,Normal
337,1775277419,3600,56.1956,Normal
337,1775277479,3600,87.7663,Normal
337,1775277539,3600,125.1843,Normal
337,1775277599,3600,94.4996,Normal
337,1775277659,3600,89.5261,Normal
337,1775277719,3600,114.8217,Normal
337,1775277779,3600,129.1121,Normal
337,1775277839,3600,116.7265,Normal
337,1775277899,3600,97.6917,Normal
337,1775277959,3600,123.9564,Normal
337,1775278019,3600,181.4094,Normal
337,1775278079,3600,204.6787,Normal
337,1775278139,3600,183.4418,Normal
337,1775278199,3600,159.3278,Normal
337,1775278259,3600,115.2651,Normal
337,1775278319,3600,59.1176,Normal
337,1775278379,3600,23.808,Normal
337,1775278439,3600,9.5126,Normal
337,1775278499,3600,13.8642,Normal
337,1775278559,3600,0.5855,Normal
337,1775278619,3600,23.5378,Normal
337,1775278679,3600,4.0773,Normal
337,1775278739,3600,12.4947,Normal
337,1775278799,3600,22.7943,Normal
337,1775278859,3600,17.3186,Normal
337,1775278919,3600,11.3405,Normal
337,1775278979,3600,1.7574,Normal
337,1775279039,3600,38.9084,Normal
337,1775279099,3600,34.6513,Normal
337,1775279159,3600,30.5727,Normal
337,1775279219,3600,21.0341,Normal
337,1775279279,3600,52.4677,Normal
337,1775279339,3600,40.3918,Normal
337,1775279399,3600,22.726,Normal
337,1775279459,3600,30.5972,Normal
337,1775279519,3600,18.7387,Normal
337,1775279579,3600,71.0091,Normal
337,1775279639,3600,111.7594,Normal
337,1775279699,3600,131.1344,Normal
337,1775279759,3600,114.1933,Normal
337,1775279819,3600,137.5464,Normal
337,1775279879,3600,177.1083,Normal
337,1775279939,3600,165.2768,Normal
337,1775279999,3600,183.1569,Normal
337,1775280059,3600,191.6812,Normal
337,1775280119,3600,195.622,Normal
337,1775280179,3600,154.8841,Normal
337,1775280239,3600,79.4644,Normal
337,1775280299,3600,67.7254,Normal
337,1775280359,3600,79.1334,Normal
337,1775280419,3600,64.4795,Normal
337,1775280479,3600,57.1018,Normal
337,1775280539,3600,50.9406,Normal
337,1775280599,3600,68.0228,Normal
337,1775280659,3600,10.6988,Normal
337,1775280719,3600,66.6115,Normal
337,1775280779,3600,30.5952,Normal
337,1775280839,3600,47.8498,Normal
337,1775280899,3600,59.0986,Normal
337,1775280959,3600,52.8162,Normal
337,1775281019,3600,41.3583,Normal
337,1775281079,3600,7.954,Normal
337,1775281139,3600,57.8505,Normal
337,1775281199,3600,14.9452,Normal
337,1775281259,3600,16.5308,Normal
337,1775281319,3600,14.4,Normal
337,1775281379,3600,4.8851,Normal
337,1775281439,3600,16.207,Normal
337,1775281499,3600,13.2535,Normal
337,1775281559,3600,26.5778,Normal
337,1775281619,3600,46.2222,Normal
337,1775281679,3600,48.5868,Normal
337,1775281739,3600,55.1145,Normal
337,1775281799,3600,61.6787,Normal
337,1775281859,3600,55.3285,Normal
337,1775281919,3600,27.2932,Normal
337,1775281979,3600,34.0529,Normal
337,1775282039,3600,55.1067,Normal
337,1775282099,3600,59.4218,Normal
337,1775282159,3600,66.3421,Normal
337,1775282219,3600,88.6104,Normal
337,1775282279,3600,114.1507,Normal
337,1775282339,3600,143.5709,Normal
337,1775282399,3600,127.5145,Normal
337,1775282459,3600,133.5209,Normal
337,1775282519,3600,135.1907,Normal
337,1775282579,3600,117.7555,Normal
337,1775282639,3600,156.9231,Normal
337,1775282699,3600,160.3439,Normal
337,1775282759,3600,161.0689,Normal
337,1775282819,3600,161.7055,Normal
337,1775282879,3600,141.7827,Normal
337,1775282939,3600,139.1228,Normal
337,1775282999,3600,114.9175,Normal
337,1775283059,3600,155.5717,Normal
337,1775283119,3600,141.6857,Normal
337,1775283179,3600,176.4092,Normal
337,1775283239,3600,235.8447,Normal
337,1775283299,3600,247.952,Elevated
337,1775283359,3600,200.4365,Normal
337,1775283419,3600,219.3385,Normal
337,1775283479,3600,224.5833,Normal
337,1775283539,3600,215.7205,Normal
337,1775283599,3600,237.9875,Normal
337,1775283659,3600,228.8595,Normal
337,1775283719,3600,207.4387,Normal
337,1775283779,3600,170.9237,Normal
337,1775283839,3600,137.7007,Normal
337,1775283899,3600,134.6784,Normal
337,1775283959,3600,163.1855,Normal
337,1775284019,3600,154.699,Normal
337,1775284079,3600,134.8751,Normal
337,1775284139,3600,108.7998,Normal
337,1775284199,3600,119.8969,Normal
337,1775284259,3600,80.4999,Normal
337,1775284319,3600,112.5354,Normal
337,1775284379,3600,115.0185,Normal
337,1775284439,3600,133.2288,Normal
337,1775284499,3600,128.8465,Normal
337,1775284559,3600,132.3886,Normal
337,1775284619,3600,141.9644,Normal
337,1775284679,3600,144.0637,Normal
337,1775284739,3600,138.6747,Normal
337,1775284799,3600,145.1381,Normal
337,1775284859,3600,152.2519,Normal
337,1775284919,3600,171.9171,Normal
337,1775284979,3600,172.6344,Normal
337,1775285039,3600,176.4566,Normal
337,1775285099,3600,173.9667,Normal
337,1775285159,3600,132.2126,Normal
337,1775285219,3600,155.6228,Normal
337,1775285279,3600,177.769,Normal
337,1775285339,3600,174.1497,Normal
337,1775285399,3600,219.7428,Normal
337,1775285459,3600,241.4927,Normal
337,1775285519,3600,264.1274,Elevated
337,1775285579,3600,224.9153,Normal
337,1775285639,3600,206.2998,Normal
337,1775285699,3600,212.0786,Normal
337,1775285759,3600,201.0265,Normal
337,1775285819,3600,162.1541,Normal
337,1775285879,3600,176.8474,Normal
337,1775285939,3600,143.2075,Normal
337,1775285999,3600,104.6787,Normal
337,1775286059,3600,108.3316,Normal
337,1775286119,3600,108.6902,Normal
337,1775286179,3600,66.4338,Normal
337,1775286239,3600,28.2286,Normal
337,1775286299,3600,26.8187,Normal
337,1775286359,3600,13.5986,Normal
337,1775286419,3600,17.9275,Normal
337,1775286479,3600,38.8947,Normal
337,1775286539,3600,43.7236,Normal
337,1775286599,3600,60.9482,Normal
337,1775286659,3600,18.7395,Normal
337,1775286719,3600,45.2943,Normal
337,1775286779,3600,47.2998,Normal
337,1775286839,3600,10.6117,Normal
337,1775286899,3600,16.7831,Normal
337,1775286959,3600,16.2631,Normal
337,1775287019,3600,26.4143,Normal
337,1775287079,3600,50.9416,Normal
337,1775287139,3600,26.9568,Normal
337,1775287199,3600,22.1144,Normal
337,1775287259,3600,21.0073,Normal
337,1775287319,3600,14.6177,Normal
337,1775287379,3600,3.2343,Normal
337,1775287439,3600,11.6991,Normal
337,1775287499,3600,1.2009,Normal
337,1775287559,3600,53.555,Normal
337,1775287619,3600,36.0452,Normal
337,1775287679,3600,27.7938,Normal
337,1775287739,3600,2.1229,Normal
337,1775287799,3600,15.1079,Normal
337,1775287859,3600,6.8208,Normal
337,1775287919,3600,4.3838,Normal
337,1775287979,3600,3.0359,Normal
337,1775288039,3600,4.0948,Normal
337,1775288099,3600,9.9044,Normal
337,1775288159,3600,1.9221,Normal
337,1775288219,3600,8.3518,Normal
337,1775288279,3600,3.9987,Normal
337,1775288339,3600,8.9013,Normal
337,1775288399,3600,4.6382,Normal
337,1775288459,3600,8.4586,Normal
337,1775288519,3600,3.6723,Normal
337,1775288579,3600,18.4143,Normal
337,1775288639,3600,30.4408,Normal
337,1775288699,3600,35.1655,Normal
337,1775288759,3600,72.5436,Normal
337,1775288819,3600,36.2095,Normal
337,1775288879,3600,9.3554,Normal
337,1775288939,3600,25.3189,Normal
337,1775288999,3600,38.4291,Normal
337,1775289059,3600,61.1694,Normal
337,1775289119,3600,56.8042,Normal
337,1775289179,3600,34.1203,Normal
337,1775289239,3600,2.8855,Normal
337,1775289299,3600,0.0894,Normal
337,1775289359,3600,2.9079,Normal
337,1775289419,3600,32.0668,Normal
337,1775289479,3600,35.2951,Normal
337,1775289539,3600,52.5146,Normal
337,1775289599,3600,90.6119,Normal
337,1775289659,3600,70.2676,Normal
337,1775289719,3600,67.4884,Normal
337,1775289779,3600,76.5212,Normal
337,1775289839,3600,116.8949,Normal
337,1775289899,3600,85.2746,Normal
337,1775289959,3600,84.1908,Normal
337,1775290019,3600,103.3892,Normal
337,1775290079,3600,92.8453,Normal
337,1775290139,3600,116.7063,Normal
337,1775290199,3600,92.2772,Normal
337,1775290259,3600,86.6873,Normal
337,1775290319,3600,73.9926,Normal
337,1775290379,3600,23.4092,Normal
337,1775290439,3600,0.6263,Normal
337,1775290499,3600,51.7818,Normal
337,1775290559,3600,40.4098,Normal
337,1775290619,3600,41.6317,Normal
337,1775290679,3600,1.489,Normal
337,1775290739,3600,11.6087,Normal
337,1775290799,3600,40.734,Normal
337,1775290859,3600,16.604,Normal
337,1775290919,3600,32.2258,Normal
337,1775290979,3600,36.448,Normal
337,1775291039,3600,50.547,Normal
337,1775291099,3600,61.2739,Normal
337,1775291159,3600,10.2909,Normal
337,1775291219,3600,22.3113,Normal
337,1775291279,3600,34.3491,Normal
337,1775291339,3600,33.4051,Normal
337,1775291399,3600,43.2027,Normal
337,1775291459,3600,9.7231,Normal
337,1775291519,3600,18.5493,Normal
337,1775291579,3600,38.0657,Normal
337,1775291639,3600,43.9196,Normal
337,1775291699,3600,1.2403,Normal
337,1775291759,3600,34.5115,Normal
337,1775291819,3600,46.6981,Normal
337,1775291879,3600,55.2665,Normal
337,1775291939,3600,74.9849,Normal
337,1775291999,3600,40.5064,Normal
337,1775292059,3600,6.3033,Normal
337,1775292119,3600,9.872,Normal
337,1775292179,3600,56.7926,Normal
337,1775292239,3600,18.2961,Normal
337,1775292299,3600,9.8608,Normal
337,1775292359,3600,24.873,Normal
337,1775292419,3600,8.0638,Normal
337,1775292479,3600,19.1846,Normal
337,1775292539,3600,26.6407,Normal
337,1775292599,3600,8.9829,Normal
337,1775292659,3600,5.3485,Normal
337,1775292719,3600,40.388,Normal
337,1775292779,3600,30.4707,Normal
337,1775292839,3600,43.5224,Normal
337,1775292899,3600,23.7652,Normal
337,1775292959,3600,34.8682,Normal
337,1775293019,3600,55.7545,Normal
337,1775293079,3600,83.2892,Normal
337,1775293139,3600,49.4026,Normal
337,1775293199,3600,69.1616,Normal
337,1775293259,3600,83.0787,Normal
337,1775293319,3600,128.6234,Normal
337,1775293379,3600,92.9213,Normal
337,1775293439,3600,97.8276,Normal
337,1775293499,3600,103.587,Normal
337,1775293559,3600,71.9461,Normal
337,1775293619,3600,108.312,Normal
337,1775293679,3600,107.0598,Normal
337,1775293739,3600,161.4656,Normal
337,1775293799,3600,146.2881,Normal
337,1775293859,3600,134.2776,Normal
337,1775293919,3600,122.2982,Normal
337,1775293979,3600,95.0571,Normal
337,1775294039,3600,90.5503,Normal
337,1775294099,3600,55.8316,Normal
337,1775294159,3600,89.6858,Normal
337,1775294219,3600,88.9977,Normal
337,1775294279,3600,126.5176,Normal
337,1775294339,3600,144.6528,Normal
337,1775294399,3600,133.4276,Normal
337,1775294459,3600,150.8293,Normal
337,1775294519,3600,96.587,Normal
337,1775294579,3600,97.7481,Normal
337,1775294639,3600,80.368,Normal
337,1775294699,3600,84.9905,Normal
337,1775294759,3600,132.7176,Normal
337,1775294819,3600,130.9593,Normal
337,1775294879,3600,105.0846,Normal
337,1775294939,3600,112.4956,Normal
337,1775294999,3600,95.8821,Normal
337,1775295059,3600,103.8764,Normal
337,1775295119,3600,124.2769,Normal
337,1775295179,3600,142.1608,Normal
337,1775295239,3600,106.8508,Normal
337,1775295299,3600,110.6861,Normal
337,1775295359,3600,75.9904,Normal
337,1775295419,3600,82.1885,Normal
337,1775295479,3600,105.5624,Normal
337,1775295539,3600,83.6974,Normal
337,1775295599,3600,84.8684,Normal
337,1775295659,3600,82.2624,Normal
337,1775295719,3600,86.5673,Normal
337,1775295779,3600,107.1594,Normal
337,1775295839,3600,111.0448,Normal
337,1775295899,3600,100.699,Normal
337,1775295959,3600,70.4046,Normal
337,1775296019,3600,69.8672,Normal
337,1775296079,3600,56.4054,Normal
337,1775296139,3600,95.6181,Normal
337,1775296199,3600,60.6495,Normal
337,1775296259,3600,29.5278,Normal
337,1775296319,3600,30.9057,Normal
337,1775296379,3600,6.7232,Normal
337,1775296439,3600,34.0284,Normal
337,1775296499,3600,37.3732,Normal
337,1775296559,3600,65.6469,Normal
337,1775296619,3600,65.434,Normal
337,1775296679,3600,25.1279,Normal
337,1775296739,3600,52.2519,Normal
337,1775296799,3600,30.0079,Normal
337,1775296859,3600,44.5821,Normal
337,1775296919,3600,6.3552,Normal
337,1775296979,3600,23.7666,Normal
337,1775297039,3600,42.9065,Normal
337,1775297099,3600,7.1,Normal
337,1775297159,3600,12.1352,Normal
337,1775297219,3600,7.5649,Normal
337,1775297279,3600,15.1317,Normal
337,1775297339,3600,18.9545,Normal
337,1775297399,3600,5.4772,Normal
337,1775297459,3600,24.5233,Normal
337,1775297519,3600,24.5241,Normal
337,1775297579,3600,22.7153,Normal
337,1775297639,3600,40.2519,Normal
337,1775297699,3600,78.1805,Normal
337,1775297759,3600,76.4362,Normal
337,1775297819,3600,103.7313,Normal
337,1775297879,3600,132.9608,Normal
337,1775297939,3600,164.9156,Normal
337,1775297999,3600,163.2979,Normal
337,1775298059,3600,131.0437,Normal
337,1775298119,3600,106.1589,Normal
337,1775298179,3600,103.9867,Normal
337,1775298239,3600,85.553,Normal
337,1775298299,3600,101.8479,Normal
337,1775298359,3600,160.8757,Normal
337,1775298419,3600,140.258,Normal
337,1775298479,3600,157.1824,Normal
337,1775298539,3600,119.1064,Normal
337,1775298599,3600,100.9874,Normal
337,1775298659,3600,52.2665,Normal
337,1775298719,3600,99.6034,Normal
337,1775298779,3600,92.0547,Normal
337,1775298839,3600,52.7101,Normal
337,1775298899,3600,44.2795,Normal
337,1775298959,3600,16.9193,Normal
337,1775299019,3600,7.6376,Normal
337,1775299079,3600,88.1347,Normal
337,1775299139,3600,48.2341,Normal
337,1775299199,3600,10.8879,Normal
337,1775299259,3600,16.7896,Normal
337,1775299319,3600,31.0652,Normal
337,1775299379,3600,1.4035,Normal
337,1775299439,3600,12.1714,Normal
337,1775299499,3600,7.8082,Normal
337,1775299559,3600,34.7711,Normal
337,1775299619,3600,50.0307,Normal
337,1775299679,3600,47.1519,Normal
337,1775299739,3600,35.683,Normal
337,1775299799,3600,81.6603,Normal
337,1775299859,3600,142.4656,Normal
337,1775299919,3600,167.6174,Normal
337,1775299979,3600,145.382,Normal
337,1775300039,3600,139.033,Normal
337,1775300099,3600,166.6544,Normal
337,1775300159,3600,133.703,Normal
337,1775300219,3600,126.3923,Normal
337,1775300279,3600,143.5713,Normal
337,1775300339,3600,152.7349,Normal
337,1775300399,3600,149.0169,Normal
337,1775300459,3600,95.5954,Normal
337,1775300519,3600,95.4659,Normal
337,1775300579,3600,101.2888,Normal
337,1775300639,3600,69.9065,Normal
337,1775300699,3600,108.3026,Normal
337,1775300759,3600,102.1113,Normal
337,1775300819,3600,66.6513,Normal
337,1775300879,3600,68.6701,Normal
337,1775300939,3600,77.739,Normal
337,1775300999,3600,9.9508,Normal
337,1775301059,3600,8.5089,Normal
337,1775301119,3600,0.1154,Normal
337,1775301179,3600,21.9187,Normal
337,1775301239,3600,19.3537,Normal
337,1775301299,3600,5.1317,Normal
337,1775301359,3600,25.6708,Normal
337,1775301419,3600,12.9599,Normal
337,1775301479,3600,3.1848,Normal
337,1775301539,3600,18.4745,Normal
337,1775301599,3600,31.6587,Normal
337,1775301659,3600,5.0075,Normal
337,1775301719,3600,15.0017,Normal
337,1775301779,3600,12.6388,Normal
337,1775301839,3600,0.6709,Normal
337,1775301899,3600,5.3365,Normal
337,1775301959,3600,7.5084,Normal
337,1775302019,3600,28.5269,Normal
337,1775302079,3600,43.3173,Normal
337,1775302139,3600,82.8199,Normal
337,1775302199,3600,103.3606,Normal
337,1775302259,3600,153.6992,Normal
337,1775302319,3600,130.0537,Normal
337,1775302379,3600,148.2224,Normal
337,1775302439,3600,166.021,Normal
337,1775302499,3600,143.2176,Normal
337,1775302559,3600,163.9913,Normal
337,1775302619,3600,174.9296,Normal
337,1775302679,3600,154.7363,Normal
337,1775302739,3600,191.9991,Normal
337,1775302799,3600,187.3031,Normal
337,1775302859,3600,170.1386,Normal
337,1775302919,3600,175.6815,Normal
337,1775302979,3600,152.8466,Normal
337,1775303039,3600,145.6185,Normal
337,1775303099,3600,136.7428,Normal
337,1775303159,3600,160.4302,Normal
337,1775303219,3600,145.2817,Normal
337,1775303279,3600,162.4007,Normal
337,1775303339,3600,139.8099,Normal
337,1775303399,3600,145.3549,Normal
337,1775303459,3600,187.5421,Normal
337,1775303519,3600,167.4714,Normal
337,1775303579,3600,133.3431,Normal
337,1775303639,3600,140.5224,Normal
337,1775303699,3600,134.3624,Normal
337,1775303759,3600,145.512,Normal
337,1775303819,3600,165.6193,Normal
337,1775303879,3600,164.3153,Normal
337,1775303939,3600,156.153,Normal
337,1775303999,3600,180.4536,Normal
337,1775304059,3600,170.4871,Normal
337,1775304119,3600,166.0526,Normal
337,1775304179,3600,165.4877,Normal
337,1775304239,3600,111.3543,Normal
337,1775304299,3600,106.6396,Normal
337,1775304359,3600,94.2526,Normal
337,1775304419,3600,76.5921,Normal
337,1775304479,3600,74.17,Normal
337,1775304539,3600,69.8809,Normal
337,1775304599,3600,11.4581,Normal
337,1775304659,3600,8.9474,Normal
337,1775304719,3600,27.3572,Normal
337,1775304779,3600,39.9364,Normal
337,1775304839,3600,76.6698,Normal
337,1775304899,3600,89.1031,Normal
337,1775304959,3600,121.1888,Normal
337,1775305019,3600,94.102,Normal
337,1775305079,3600,81.2264,Normal
337,1775305139,3600,72.6854,Normal
337,1775305199,3600,62.8492,Normal
337,1775305259,3600,38.5201,Normal
337,1775305319,3600,53.8536,Normal
337,1775305379,3600,99.7628,Normal
337,1775305439,3600,56.1019,Normal
337,1775305499,3600,50.9588,Normal
337,1775305559,3600,76.8208,Normal
337,1775305619,3600,71.1932,Normal
337,1775305679,3600,109.0602,Normal
337,1775305739,3600,93.0724,Normal
337,1775305799,3600,99.2763,Normal
337,1775305859,3600,122.3238,Normal
337,1775305919,3600,162.9387,Normal
337,1775305979,3600,176.641,Normal
337,1775306039,3600,170.3085,Normal
337,1775306099,3600,155.1204,Normal
337,1775306159,3600,122.2971,Normal
337,1775306219,3600,132.5227,Normal
337,1775306279,3600,202.3343,Normal
337,1775306339,3600,252.1053,Elevated
337,1775306399,3600,219.617,Normal
337,1775306459,3600,218.5837,Normal
337,1775306519,3600,185.7294,Normal
337,1775306579,3600,204.0913,Normal
337,1775306639,3600,163.2516,Normal
337,1775306699,3600,154.1346,Normal
337,1775306759,3600,140.5581,Normal
337,1775306819,3600,98.3197,Normal
337,1775306879,3600,90.9124,Normal
337,1775306939,3600,72.1595,Normal
337,1775306999,3600,40.0312,Normal
337,1775307059,3600,80.348,Normal
337,1775307119,3600,87.4007,Normal
337,1775307179,3600,104.3815,Normal
337,1775307239,3600,123.9613,Normal
337,1775307299,3600,135.7861,Normal
337,1775307359,3600,127.6175,Normal
337,1775307419,3600,110.755,Normal
337,1775307479,3600,123.3083,Normal
337,1775307539,3600,116.6835,Normal
337,1775307599,3600,132.9244,Normal
337,1775307659,3600,141.0251,Normal
337,1775307719,3600,135.8895,Normal
337,1775307779,3600,157.8851,Normal
337,1775307839,3600,150.5308,Normal
337,1775307899,3600,145.1823,Normal
337,1775307959,3600,179.5226,Normal
337,1775308019,3600,140.6828,Normal
337,1775308079,3600,85.3988,Normal
337,1775308139,3600,79.2525,Normal
337,1775308199,3600,90.168,Normal
337,1775308259,3600,110.4565,Normal
337,1775308319,3600,110.7867,Normal
337,1775308379,3600,118.583,Normal
337,1775308439,3600,114.6087,Normal
337,1775308499,3600,79.5213,Normal
337,1775308559,3600,60.8657,Normal
337,1775308619,3600,92.7358,Normal
337,1775308679,3600,78.5058,Normal
337,1775308739,3600,107.9795,Normal
337,1775308799,3600,108.1928,Normal
337,1775308859,3600,138.1773,Normal
337,1775308919,3600,176.5024,Normal
337,1775308979,3600,135.6988,Normal
337,1775309039,3600,215.74,Normal
337,1775309099,3600,208.9585,Normal
337,1775309159,3600,198.1978,Normal
337,1775309219,3600,207.2728,Normal
337,1775309279,3600,202.5108,Normal
337,1775309339,3600,249.6731,Elevated
337,1775309399,3600,270.549,Elevated
337,1775309459,3600,268.2292,Elevated
337,1775309519,3600,227.164,Normal
337,1775309579,3600,209.0417,Normal
337,1775309639,3600,206.6548,Normal
337,1775309699,3600,220.3907,Normal
337,1775309759,3600,288.6186,High
337,1775309819,3600,308.4936,High
337,1775309879,3600,263.732,Elevated
337,1775309939,3600,220.3255,Normal
337,1775309999,3600,277.6009,Elevated
337,1775310059,3600,298.2382,High
337,1775310119,3600,302.9358,High
337,1775310179,3600,288.1635,High
337,1775310239,3600,319.5251,High
337,1775310299,3600,327.7095,High
337,1775310359,3600,370.8802,High
337,1775310419,3600,411.4355,Very High
337,1775310479,3600,412.2648,Very High
337,1775310539,3600,404.479,Very High
337,1775310599,3600,450.4979,Very High
337,1775310659,3600,454.6836,Very High
337,1775310719,3600,430.1578,Very High
337,1775310779,3600,416.6211,Very High
337,1775310839,3600,378.3719,Very High
337,1775310899,3600,357.8849,High
337,1775310959,3600,378.9505,Very High
337,1775311019,3600,407.4022,Very High
337,1775311079,3600,368.6173,High
337,1775311139,3600,384.503,Very High
337,1775311199,3600,401.0063,Very High
337,1775311259,3600,408.2092,Very High
337,1775311319,3600,443.1574,Very High
337,1775311379,3600,409.2362,Very High
337,1775311439,3600,391.4467,Very High
337,1775311499,3600,386.582,Very High
337,1775311559,3600,370.4313,High
337,1775311619,3600,405.7881,Very High
337,1775311679,3600,432.5001,Very High
337,1775311739,3600,438.6478,Very High
337,1775311799,3600,423.0775,Very High
337,1775311859,3600,393.5893,Very High
337,1775311919,3600,418.9749,Very High
337,1775311979,3600,415.4645,Very High
337,1775312039,3600,375.0578,High
337,1775312099,3600,367.4119,High
337,1775312159,3600,365.6827,High
337,1775312219,3600,374.9898,High
337,1775312279,3600,382.5351,Very High
337,1775312339,3600,343.8845,High
337,1775312399,3600,301.7415,High
337,1775312459,3600,282.8825,Elevated
337,1775312519,3600,247.9339,Elevated
337,1775312579,3600,241.3652,Normal
337,1775312639,3600,233.1148,Normal
337,1775312699,3600,230.6912,Normal
337,1775312759,3600,240.8786,Normal
337,1775312819,3600,261.2526,Elevated
337,1775312879,3600,263.2559,Elevated
337,1775312939,3600,258.661,Elevated
337,1775312999,3600,244.8956,Elevated
337,1775313059,3600,219.7481,Normal
337,1775313119,3600,203.5661,Normal
337,1775313179,3600,186.707,Normal
337,1775313239,3600,233.9149,Normal
337,1775313299,3600,211.1635,Normal
337,1775313359,3600,205.0286,Normal
337,1775313419,3600,179.4064,Normal
337,1775313479,3600,180.9288,Normal
337,1775313539,3600,183.8776,Normal
337,1775313599,3600,161.0593,Normal
337,1775313659,3600,135.7004,Normal
337,1775313719,3600,133.3095,Normal
337,1775313779,3600,134.871,Normal
337,1775313839,3600,153.7139,Normal
337,1775313899,3600,102.9005,Normal
337,1775313959,3600,23.4325,Normal
337,1775314019,3600,11.54,Normal
337,1775314079,3600,1.3173,Normal
337,1775314139,3600,28.2116,Normal
337,1775314199,3600,6.4701,Normal
337,1775314259,3600,65.0836,Normal
337,1775314319,3600,51.668,Normal
337,1775314379,3600,107.6103,Normal
337,1775314439,3600,120.5757,Normal
337,1775314499,3600,127.864,Normal
337,1775314559,3600,129.1275,Normal
337,1775314619,3600,123.8293,Normal
337,1775314679,3600,93.5688,Normal
337,1775314739,3600,114.8307,Normal
337,1775314799,3600,153.406,Normal
337,1775314859,3600,191.0768,Normal
337,1775314919,3600,209.6764,Normal
337,1775314979,3600,203.7114,Normal
337,1775315039,3600,167.1495,Normal
337,1775315099,3600,178.8356,Normal
337,1775315159,3600,180.046,Normal
337,1775315219,3600,167.3466,Normal
337,1775315279,3600,160.8739,Normal
337,1775315339,3600,170.6922,Normal
337,1775315399,3600,182.8806,Normal
337,1775315459,3600,184.122,Normal
337,1775315519,3600,205.1113,Normal
337,1775315579,3600,179.3968,Normal
337,1775315639,3600,171.473,Normal
337,1775315699,3600,141.1508,Normal
337,1775315759,3600,169.7327,Normal
337,1775315819,3600,208.2821,Normal
337,1775315879,3600,227.2405,Normal
337,1775315939,3600,203.0195,Normal
337,1775315999,3600,144.2043,Normal
337,1775316059,3600,139.35,Normal
337,1775316119,3600,151.5512,Normal
337,1775316179,3600,163.551,Normal
337,1775316239,3600,189.6102,Normal
337,1775316299,3600,190.1785,Normal
337,1775316359,3600,213.2964,Normal
337,1775316419,3600,220.2948,Normal
337,1775316479,3600,204.4232,Normal
337,1775316539,3600,221.7529,Normal
337,1775316599,3600,237.3398,Normal
337,1775316659,3600,197.3597,Normal
337,1775316719,3600,154.7464,Normal
337,1775316779,3600,123.9598,Normal
337,1775316839,3600,181.1424,Normal
337,1775316899,3600,182.9896,Normal
337,1775316959,3600,207.6057,Normal
337,1775317019,3600,198.518,Normal
337,1775317079,3600,220.1463,Normal
337,1775317139,3600,211.4682,Normal
337,1775317199,3600,231.7385,Normal
337,1775317259,3600,219.4911,Normal
337,1775317319,3600,186.3591,Normal
337,1775317379,3600,177.0983,Normal
337,1775317439,3600,191.6407,Normal
337,1775317499,3600,161.7384,Normal
337,1775317559,3600,114.8193,Normal
337,1775317619,3600,106.209,Normal
337,1775317679,3600,112.0861,Normal
337,1775317739,3600,128.9135,Normal
337,1775317799,3600,148.3335,Normal
337,1775317859,3600,143.8217,Normal
337,1775317919,3600,124.1864,Normal
337,1775317979,3600,103.5973,Normal
337,1775318039,3600,86.1078,Normal
337,1775318099,3600,102.1012,Normal
337,1775318159,3600,106.8743,Normal
337,1775318219,3600,91.6502,Normal
337,1775318279,3600,88.8794,Normal
337,1775318339,3600,46.7317,Normal
337,1775318399,3600,9.5746,Normal
337,1775318459,3600,14.4167,Normal
337,1775318519,3600,23.7343,Normal
337,1775318579,3600,36.8104,Normal
337,1775318639,3600,83.7515,Normal
337,1775318699,3600,68.0388,Normal
337,1775318759,3600,80.2813,Normal
337,1775318819,3600,90.4369,Normal
337,1775318879,3600,71.5762,Normal
337,1775318939,3600,76.0538,Normal
337,1775318999,3600,82.769,Normal
337,1775319059,3600,77.728,Normal
337,1775319119,3600,71.1004,Normal
337,1775319179,3600,81.0397,Normal
337,1775319239,3600,96.8864,Normal
337,1775319299,3600,65.045,Normal
337,1775319359,3600,53.0097,Normal
337,1775319419,3600,19.4117,Normal
337,1775319479,3600,3.419,Normal
337,1775319539,3600,2.3583,Normal
337,1775319599,3600,32.2212,Normal
337,1775319659,3600,42.8968,Normal
337,1775319719,3600,16.4356,Normal
337,1775319779,3600,6.7125,Normal
337,1775319839,3600,11.4863,Normal
337,1775319899,3600,14.4272,Normal
337,1775319959,3600,19.228,Normal
337,1775320019,3600,5.7214,Normal
337,1775320079,3600,27.8777,Normal
337,1775320139,3600,12.9386,Normal
337,1775320199,3600,32.6611,Normal
337,1775320259,3600,24.2536,Normal
337,1775320319,3600,0.4624,Normal
337,1775320379,3600,54.056,Normal
337,1775320439,3600,46.0689,Normal
337,1775320499,3600,53.2258,Normal
337,1775320559,3600,43.9636,Normal
337,1775320619,3600,44.5179,Normal
337,1775320679,3600,46.2759,Normal
337,1775320739,3600,14.5305,Normal
337,1775320799,3600,10.1228,Normal
337,1775320859,3600,10.9444,Normal
337,1775320919,3600,28.3898,Normal
337,1775320979,3600,36.1476,Normal
337,1775321039,3600,88.6318,Normal
337,1775321099,3600,68.0356,Normal
337,1775321159,3600,85.3135,Normal
337,1775321219,3600,73.5171,Normal
337,1775321279,3600,73.9856,Normal
337,1775321339,3600,61.394,Normal
337,1775321399,3600,17.1558,Normal
337,1775321459,3600,23.4851,Normal
337,1775321519,3600,10.84,Normal
337,1775321579,3600,0.936,Normal
337,1775321639,3600,31.1399,Normal
337,1775321699,3600,82.4673,Normal
337,1775321759,3600,98.4611,Normal
337,1775321819,3600,96.4087,Normal
337,1775321879,3600,127.6,Normal
337,1775321939,3600,100.3927,Normal
337,1775321999,3600,107.7843,Normal
337,1775322059,3600,155.321,Normal
337,1775322119,3600,171.4845,Normal
337,1775322179,3600,191.9832,Normal
337,1775322239,3600,229.2449,Normal
337,1775322299,3600,234.1901,Normal
337,1775322359,3600,190.8361,Normal
337,1775322419,3600,189.0569,Normal
337,1775322479,3600,186.2127,Normal
337,1775322539,3600,232.8599,Normal
337,1775322599,3600,241.664,Normal
337,1775322659,3600,296.0076,High
337,1775322719,3600,286.4854,Elevated
337,1775322779,3600,257.5954,Elevated
337,1775322839,3600,315.4702,High
337,1775322899,3600,292.7848,High
337,1775322959,3600,283.7204,Elevated
337,1775323019,3600,271.6765,Elevated
337,1775323079,3600,264.4317,Elevated
337,1775323139,3600,255.3356,Elevated
337,1775323199,3600,265.8685,Elevated
337,1775323259,3600,295.9788,High
337,1775323319,3600,284.3606,Elevated
337,1775323379,3600,284.2203,Elevated
337,1775323439,3600,288.792,High
337,1775323499,3600,274.1028,Elevated
337,1775323559,3600,276.2551,Elevated
337,1775323619,3600,234.1519,Normal
337,1775323679,3600,160.8641,Normal
337,1775323739,3600,175.4149,Normal
337,1775323799,3600,131.0576,Normal
337,1775323859,3600,117.9515,Normal
337,1775323919,3600,108.027,Normal
337,1775323979,3600,134.0942,Normal
337,1775324039,3600,171.3581,Normal
337,1775324099,3600,173.2272,Normal
337,1775324159,3600,176.5219,Normal
337,1775324219,3600,204.9004,Normal
337,1775324279,3600,235.1759,Normal
337,1775324339,3600,200.6507,Normal
337,1775324399,3600,165.6096,Normal
337,1775324459,3600,116.0496,Normal
337,1775324519,3600,100.3329,Normal
337,1775324579,3600,85.7542,Normal
337,1775324639,3600,179.0977,Normal
337,1775324699,3600,184.0509,Normal
337,1775324759,3600,217.5563,Normal
337,1775324819,3600,204.5668,Normal
337,1775324879,3600,219.9636,Normal
337,1775324939,3600,215.0861,Normal
337,1775324999,3600,203.2103,Normal
337,1775325059,3600,197.7801,Normal
337,1775325119,3600,145.0204,Normal
337,1775325179,3600,177.3582,Normal
337,1775325239,3600,146.302,Normal
337,1775325299,3600,90.7587,Normal
337,1775325359,3600,62.8926,Normal
337,1775325419,3600,30.0774,Normal
337,1775325479,3600,14.4803,Normal
337,1775325539,3600,37.9645,Normal
337,1775325599,3600,34.6052,Normal
337,1775325659,3600,74.4416,Normal
337,1775325719,3600,64.8662,Normal
337,1775325779,3600,65.2184,Normal
337,1775325839,3600,87.5336,Normal
337,1775325899,3600,134.3915,Normal
337,1775325959,3600,107.9485,Normal
337,1775326019,3600,148.4129,Normal
337,1775326079,3600,148.0423,Normal
337,1775326139,3600,175.1815,Normal
337,1775326199,3600,172.8845,Normal
337,1775326259,3600,208.51,Normal
337,1775326319,3600,199.8784,Normal
337,1775326379,3600,185.7047,Normal
337,1775326439,3600,215.2378,Normal
337,1775326499,3600,232.8471,Normal
337,1775326559,3600,216.0755,Normal
337,1775326619,3600,210.7424,Normal
337,1775326679,3600,187.279,Normal
337,1775326739,3600,197.0538,Normal
337,1775326799,3600,192.5914,Normal
337,1775326859,3600,222.6804,Normal
337,1775326919,3600,246.0207,Elevated
337,1775326979,3600,268.0324,Elevated
337,1775327039,3600,228.8553,Normal
337,1775327099,3600,199.1669,Normal
337,1775327159,3600,237.4243,Normal
337,1775327219,3600,162.4891,Normal
337,1775327279,3600,138.7422,Normal
337,1775327339,3600,125.5667,Normal
337,1775327399,3600,47.5357,Normal
337,1775327459,3600,48.5758,Normal
337,1775327519,3600,16.8433,Normal
337,1775327579,3600,17.3963,Normal
337,1775327639,3600,41.3578,Normal
337,1775327699,3600,5.208,Normal
337,1775327759,3600,9.0097,Normal
337,1775327819,3600,29.223,Normal
337,1775327879,3600,26.1403,Normal
337,1775327939,3600,13.1774,Normal
337,1775327999,3600,4.7438,Normal
337,1775328059,3600,50.0636,Normal
337,1775328119,3600,94.6245,Normal
337,1775328179,3600,133.9535,Normal
337,1775328239,3600,108.4621,Normal
337,1775328299,3600,130.2575,Normal
337,1775328359,3600,108.153,Normal
337,1775328419,3600,106.731,Normal
337,1775328479,3600,92.497,Normal
337,1775328539,3600,102.3602,Normal
337,1775328599,3600,76.372,Normal
337,1775328659,3600,132.3847,Normal
337,1775328719,3600,153.8133,Normal
337,1775328779,3600,149.7718,Normal
337,1775328839,3600,145.4655,Normal
337,1775328899,3600,182.1906,Normal
337,1775328959,3600,209.5406,Normal
337,1775329019,3600,219.5252,Normal
337,1775329079,3600,258.3314,Elevated
337,1775329139,3600,278.0261,Elevated
337,1775329199,3600,260.6835,Elevated
337,1775329259,3600,307.2714,High
337,1775329319,3600,261.6622,Elevated
337,1775329379,3600,235.9984,Normal
337,1775329439,3600,281.4456,Elevated
337,1775329499,3600,302.2698,High
337,1775329559,3600,322.8485,High
337,1775329619,3600,363.4326,High
337,1775329679,3600,352.4049,High
337,1775329739,3600,341.5212,High
337,1775329799,3600,371.9497,High
337,1775329859,3600,352.1461,High
337,1775329919,3600,348.5744,High
337,1775329979,3600,354.2602,High
337,1775330039,3600,369.882,High
337,1775330099,3600,374.9085,High
337,1775330159,3600,366.4804,High
337,1775330219,3600,346.7858,High
337,1775330279,3600,349.6195,High
337,1775330339,3600,373.412,High
337,1775330399,3600,389.8577,Very High
337,1775330459,3600,427.1412,Very High
337,1775330519,3600,434.178,Very High
337,1775330579,3600,460.5585,Very High
337,1775330639,3600,449.355,Very High
337,1775330699,3600,421.3928,Very High
337,1775330759,3600,461.0619,Very High
337,1775330819,3600,417.949,Very High
337,1775330879,3600,442.2319,Very High
337,1775330939,3600,402.8302,Very High
337,1775330999,3600,359.3033,High
337,1775331059,3600,388.5484,Very High
337,1775331119,3600,373.5608,High
337,1775331179,3600,382.5233,Very High
337,1775331239,3600,383.1803,Very High
337,1775331299,3600,364.0398,High
337,1775331359,3600,356.113,High
337,1775331419,3600,317.1176,High
337,1775331479,3600,320.7507,High
337,1775331539,3600,326.3142,High
337,1775331599,3600,310.4458,High
337,1775331659,3600,301.0101,High
337,1775331719,3600,277.2631,Elevated
337,1775331779,3600,236.8754,Normal
337,1775331839,3600,214.9151,Normal
337,1775331899,3600,186.282,Normal
337,1775331959,3600,185.3418,Normal
337,1775332019,3600,176.2605,Normal
337,1775332079,3600,183.3924,Normal
337,1775332139,3600,169.1417,Normal
337,1775332199,3600,168.7324,Normal
337,1775332259,3600,108.2656,Normal
337,1775332319,3600,113.2558,Normal
337,1775332379,3600,90.6114,Normal
337,1775332439,3600,94.008,Normal
337,1775332499,3600,102.4095,Normal
337,1775332559,3600,86.6657,Normal
337,1775332619,3600,111.7603,Normal
337,1775332679,3600,116.585,Normal
337,1775332739,3600,115.113,Normal
337,1775332799,3600,152.573,Normal
337,1775332859,3600,142.123,Normal
337,1775332919,3600,188.2998,Normal
337,1775332979,3600,217.5257,Normal
337,1775333039,3600,183.4818,Normal
337,1775333099,3600,160.4706,Normal
337,1775333159,3600,165.1748,Normal
337,1775333219,3600,171.6738,Normal
337,1775333279,3600,190.5084,Normal
337,1775333339,3600,204.1889,Normal
337,1775333399,3600,193.4329,Normal
337,1775333459,3600,217.2773,Normal
337,1775333519,3600,211.5409,Normal
337,1775333579,3600,189.8414,Normal
337,1775333639,3600,173.8893,Normal
337,1775333699,3600,178.1342,Normal
337,1775333759,3600,170.8884,Normal
337,1775333819,3600,187.8581,Normal
337,1775333879,3600,180.6907,Normal
337,1775333939,3600,170.4706,Normal
337,1775333999,3600,154.2044,Normal
337,1775334059,3600,104.7702,Normal
337,1775334119,3600,112.8138,Normal
337,1775334179,3600,128.2083,Normal
337,1775334239,3600,99.2312,Normal
337,1775334299,3600,138.5646,Normal
337,1775334359,3600,125.4727,Normal
337,1775334419,3600,144.1474,Normal
337,1775334479,3600,149.3796,Normal
337,1775334539,3600,206.5192,Normal
337,1775334599,3600,190.0483,Normal
337,1775334659,3600,159.1523,Normal
337,1775334719,3600,179.9157,Normal
337,1775334779,3600,166.391,Normal
337,1775334839,3600,132.0012,Normal
337,1775334899,3600,128.3993,Normal
337,1775334959,3600,142.9558,Normal
337,1775335019,3600,158.4279,Normal
337,1775335079,3600,124.3783,Normal
337,1775335139,3600,85.6712,Normal
337,1775335199,3600,100.8824,Normal
337,1775335259,3600,98.0711,Normal
337,1775335319,3600,93.6236,Normal
337,1775335379,3600,126.9543,Normal
337,1775335439,3600,106.0709,Normal
337,1775335499,3600,114.0725,Normal
337,1775335559,3600,123.8243,Normal
337,1775335619,3600,105.4138,Normal
337,1775335679,3600,126.0418,Normal
337,1775335739,3600,66.6237,Normal
337,1775335799,3600,82.3327,Normal
337,1775335859,3600,88.3317,Normal
337,1775335919,3600,68.985,Normal
337,1775335979,3600,65.047,Normal
337,1775336039,3600,78.2521,Normal
337,1775336099,3600,97.9301,Normal
337,1775336159,3600,84.1706,Normal
337,1775336219,3600,74.6465,Normal
337,1775336279,3600,12.601,Normal
337,1775336339,3600,17.3582,Normal
337,1775336399,3600,31.5408,Normal
337,1775336459,3600,61.4858,Normal
337,1775336519,3600,43.1181,Normal
337,1775336579,3600,33.0778,Normal
337,1775336639,3600,24.4645,Normal
337,1775336699,3600,37.6252,Normal
337,1775336759,3600,25.2836,Normal
337,1775336819,3600,34.5657,Normal
337,1775336879,3600,5.1046,Normal
337,1775336939,3600,23.9312,Normal
337,1775336999,3600,28.691,Normal
337,1775337059,3600,60.3046,Normal
337,1775337119,3600,79.3809,Normal
337,1775337179,3600,62.3658,Normal
337,1775337239,3600,65.3999,Normal
337,1775337299,3600,60.0006,Normal
337,1775337359,3600,25.6754,Normal
337,1775337419,3600,48.224,Normal
337,1775337479,3600,38.3265,Normal
337,1775337539,3600,59.7696,Normal
337,1775337599,3600,80.2496,Normal
337,1775337659,3600,44.7185,Normal
337,1775337719,3600,38.4449,Normal
337,1775337779,3600,66.6585,Normal
337,1775337839,3600,51.0564,Normal
337,1775337899,3600,42.3798,Normal
337,1775337959,3600,43.8068,Normal
337,1775338019,3600,87.1297,Normal
337,1775338079,3600,154.9159,Normal
337,1775338139,3600,210.4718,Normal
337,1775338199,3600,193.4489,Normal
337,1775338259,3600,190.9308,Normal
337,1775338319,3600,222.2337,Normal
337,1775338379,3600,193.8366,Normal
337,1775338439,3600,147.6428,Normal
337,1775338499,3600,154.3282,Normal
337,1775338559,3600,170.4756,Normal
337,1775338619,3600,188.6331,Normal
337,1775338679,3600,148.048,Normal
337,1775338739,3600,128.7471,Normal
337,1775338799,3600,125.263,Normal
337,1775338859,3600,144.95,Normal
337,1775338919,3600,163.3281,Normal
337,1775338979,3600,181.6445,Normal
337,1775339039,3600,173.6573,Normal
337,1775339099,3600,171.6903,Normal
337,1775339159,3600,179.3804,Normal
337,1775339219,3600,154.3051,Normal
337,1775339279,3600,168.6573,Normal
337,1775339339,3600,94.3257,Normal
337,1775339399,3600,64.2833,Normal
337,1775339459,3600,46.105,Normal
337,1775339519,3600,23.4805,Normal
337,1775339579,3600,31.7851,Normal
337,1775339639,3600,35.5952,Normal
337,1775339699,3600,69.903,Normal
337,1775339759,3600,49.6037,Normal
337,1775339819,3600,58.2867,Normal
337,1775339879,3600,42.231,Normal
337,1775339939,3600,51.34,Normal
337,1775339999,3600,34.0873,Normal
337,1775340059,3600,14.1959,Normal
337,1775340119,3600,13.2395,Normal
337,1775340179,3600,41.8183,Normal
337,1775340239,3600,76.6638,Normal
337,1775340299,3600,103.985,Normal
337,1775340359,3600,104.5645,Normal
337,1775340419,3600,150.9001,Normal
337,1775340479,3600,110.4294,Normal
337,1775340539,3600,45.7294,Normal
337,1775340599,3600,39.7538,Normal
337,1775340659,3600,1.2061,Normal
337,1775340719,3600,20.859,Normal
337,1775340779,3600,4.1861,Normal
337,1775340839,3600,21.7681,Normal
337,1775340899,3600,14.0532,Normal
337,1775340959,3600,16.34,Normal
337,1775341019,3600,0.5912,Normal
337,1775341079,3600,10.7967,Normal
337,1775341139,3600,39.1434,Normal
337,1775341199,3600,41.2868,Normal
337,1775341259,3600,59.2697,Normal
337,1775341319,3600,51.7438,Normal
337,1775341379,3600,11.2381,Normal
337,1775341439,3600,0.4401,Normal
337,1775341499,3600,1.8921,Normal
337,1775341559,3600,3.8111,Normal
337,1775341619,3600,25.3966,Normal
337,1775341679,3600,53.7962,Normal
337,1775341739,3600,68.3177,Normal
337,1775341799,3600,81.6866,Normal
337,1775341859,3600,97.1581,Normal
337,1775341919,3600,65.4982,Normal
337,1775341979,3600,51.8856,Normal
337,1775342039,3600,50.5895,Normal
337,1775342099,3600,86.666,Normal
337,1775342159,3600,88.3825,Normal
337,1775342219,3600,136.3059,Normal
337,1775342279,3600,101.5022,Normal
337,1775342339,3600,130.9623,Normal
337,1775342399,3600,123.5055,Normal
337,1775342459,3600,153.7112,Normal
337,1775342519,3600,172.9653,Normal
337,1775342579,3600,165.2763,Normal
337,1775342639,3600,191.105,Normal
337,1775342699,3600,212.5951,Normal
337,1775342759,3600,199.2939,Normal
337,1775342819,3600,216.493,Normal
337,1775342879,3600,208.1542,Normal
337,1775342939,3600,199.1799,Normal
337,1775342999,3600,211.195,Normal
337,1775343059,3600,218.0873,Normal
337,1775343119,3600,236.9944,Normal
337,1775343179,3600,224.2729,Normal
337,1775343239,3600,232.9648,Normal
337,1775343299,3600,244.4053,Elevated
337,1775343359,3600,238.185,Normal
337,1775343419,3600,265.5444,Elevated
337,1775343479,3600,279.5742,Elevated
337,1775343539,3600,284.9908,Elevated
337,1775343599,3600,254.2158,Elevated
337,1775343659,3600,224.2968,Normal
337,1775343719,3600,194.25,Normal
337,1775343779,3600,178.5387,Normal
337,1775343839,3600,224.3624,Normal
337,1775343899,3600,231.8906,Normal
337,1775343959,3600,243.558,Elevated
337,1775344019,3600,231.3584,Normal
337,1775344079,3600,238.2366,Normal
337,1775344139,3600,162.2607,Normal
337,1775344199,3600,184.1343,Normal
337,1775344259,3600,179.2013,Normal
337,1775344319,3600,188.1016,Normal
337,1775344379,3600,194.5717,Normal
337,1775344439,3600,200.6198,Normal
337,1775344499,3600,220.7433,Normal
337,1775344559,3600,183.1921,Normal
337,1775344619,3600,215.7758,Normal
337,1775344679,3600,221.6012,Normal
337,1775344739,3600,179.5763,Normal
337,1775344799,3600,192.8601,Normal
337,1775344859,3600,187.7657,Normal
337,1775344919,3600,192.9611,Normal
337,1775344979,3600,223.7583,Normal
337,1775345039,3600,246.6619,Elevated
337,1775345099,3600,249.0058,Elevated
337,1775345159,3600,218.7502,Normal
337,1775345219,3600,215.8994,Normal
337,1775345279,3600,208.9867,Normal
337,1775345339,3600,238.1901,Normal
337,1775345399,3600,208.2854,Normal
337,1775345459,3600,175.6847,Normal
337,1775345519,3600,217.2494,Normal
337,1775345579,3600,204.999,Normal
337,1775345639,3600,206.864,Normal
337,1775345699,3600,178.5099,Normal
337,1775345759,3600,194.7924,Normal
337,1775345819,3600,191.1621,Normal
337,1775345879,3600,225.3545,Normal
337,1775345939,3600,226.9564,Normal
337,1775345999,3600,265.6091,Elevated
337,1775346059,3600,267.7806,Elevated
337,1775346119,3600,239.0589,Normal
337,1775346179,3600,262.9035,Elevated
337,1775346239,3600,237.1066,Normal
337,1775346299,3600,191.6626,Normal
337,1775346359,3600,176.494,Normal
337,1775346419,3600,151.504,Normal
337,1775346479,3600,162.6576,Normal
337,1775346539,3600,120.9565,Normal
337,1775346599,3600,78.8934,Normal
337,1775346659,3600,80.0731,Normal
337,1775346719,3600,52.0298,Normal
337,1775346779,3600,74.9893,Normal
337,1775346839,3600,80.8051,Normal
337,1775346899,3600,57.2594,Normal
337,1775346959,3600,9.6627,Normal
337,1775347019,3600,25.8677,Normal
337,1775347079,3600,50.7808,Normal
337,1775347139,3600,18.9329,Normal
337,1775347199,3600,29.7967,Normal
337,1775347259,3600,38.6535,Normal
337,1775347319,3600,25.0196,Normal
337,1775347379,3600,14.4607,Normal
337,1775347439,3600,46.8059,Normal
337,1775347499,3600,67.7694,Normal
337,1775347559,3600,65.6875,Normal
337,1775347619,3600,29.9811,Normal
337,1775347679,3600,72.7942,Normal
337,1775347739,3600,62.4257,Normal
337,1775347799,3600,132.8715,Normal
337,1775347859,3600,110.8051,Normal
337,1775347919,3600,96.2629,Normal
337,1775347979,3600,91.8453,Normal
337,1775348039,3600,115.2622,Normal
337,1775348099,3600,144.3761,Normal
337,1775348159,3600,97.5247,Normal
337,1775348219,3600,153.8166,Normal
337,1775348279,3600,171.2868,Normal
337,1775348339,3600,162.9236,Normal
337,1775348399,3600,137.4863,Normal
337,1775348459,3600,169.2808,Normal
337,1775348519,3600,135.4697,Normal
337,1775348579,3600,170.7779,Normal
337,1775348639,3600,183.4908,Normal
337,1775348699,3600,198.5853,Normal
337,1775348759,3600,194.1681,Normal
337,1775348819,3600,176.1205,Normal
337,1775348879,3600,150.9848,Normal
337,1775348939,3600,169.1131,Normal
337,1775348999,3600,179.2095,Normal
337,1775349059,3600,149.779,Normal
337,1775349119,3600,160.3848,Normal
337,1775349179,3600,167.9275,Normal
337,1775349239,3600,204.719,Normal
337,1775349299,3600,201.5787,Normal
337,1775349359,3600,183.5867,Normal
337,1775349419,3600,220.0006,Normal
337,1775349479,3600,214.2972,Normal
337,1775349539,3600,228.8823,Normal
337,1775349599,3600,236.102,Normal
337,1775349659,3600,229.3599,Normal
337,1775349719,3600,220.8419,Normal
337,1775349779,3600,221.0547,Normal
337,1775349839,3600,198.5675,Normal
337,1775349899,3600,184.1781,Normal
337,1775349959,3600,154.4291,Normal
337,1775350019,3600,144.2473,Normal
337,1775350079,3600,167.6792,Normal
337,1775350139,3600,114.5165,Normal
337,1775350199,3600,105.4398,Normal
337,1775350259,3600,103.778,Normal
337,1775350319,3600,92.1114,Normal
337,1775350379,3600,92.209,Normal
337,1775350439,3600,133.5677,Normal
337,1775350499,3600,141.4113,Normal
337,1775350559,3600,92.8362,Normal
337,1775350619,3600,84.7164,Normal
337,1775350679,3600,91.2318,Normal
337,1775350739,3600,138.5074,Normal
337,1775350799,3600,98.7523,Normal
337,1775350859,3600,88.1814,Normal
337,1775350919,3600,72.3188,Normal
337,1775350979,3600,76.3986,Normal
337,1775351039,3600,70.1749,Normal
337,1775351099,3600,48.6518,Normal
337,1775351159,3600,57.4835,Normal
337,1775351219,3600,59.9295,Normal
337,1775351279,3600,48.9189,Normal
337,1775351339,3600,20.5916,Normal
337,1775351399,3600,2.9066,Normal
337,1775351459,3600,25.0788,Normal
337,1775351519,3600,48.6425,Normal
337,1775351579,3600,65.5787,Normal
337,1775351639,3600,66.6532,Normal
337,1775351699,3600,32.4381,Normal
337,1775351759,3600,30.7686,Normal
337,1775351819,3600,19.3698,Normal
337,1775351879,3600,19.2251,Normal
337,1775351939,3600,15.9477,Normal
337,1775351999,3600,56.2009,Normal
337,1775352059,3600,70.2853,Normal
337,1775352119,3600,99.8366,Normal
337,1775352179,3600,75.8514,Normal
337,1775352239,3600,92.8893,Normal
337,1775352299,3600,78.5081,Normal
337,1775352359,3600,59.337,Normal
337,1775352419,3600,88.3259,Normal
337,1775352479,3600,86.7593,Normal
337,1775352539,3600,98.7422,Normal
337,1775352599,3600,81.4836,Normal
337,1775352659,3600,98.999,Normal
337,1775352719,3600,121.567,Normal
337,1775352779,3600,66.241,Normal
337,1775352839,3600,18.6953,Normal
337,1775352899,3600,25.3254,Normal
337,1775352959,3600,55.3536,Normal
337,1775353019,3600,52.6893,Normal
337,1775353079,3600,60.1628,Normal
337,1775353139,3600,55.8513,Normal
337,1775353199,3600,65.5269,Normal
337,1775353259,3600,78.9183,Normal
337,1775353319,3600,72.8123,Normal
337,1775353379,3600,76.9006,Normal
337,1775353439,3600,63.4534,Normal
337,1775353499,3600,52.8896,Normal
337,1775353559,3600,66.1901,Normal
337,1775353619,3600,51.9734,Normal
337,1775353679,3600,7.5093,Normal
337,1775353739,3600,54.7517,Normal
337,1775353799,3600,41.423,Normal
337,1775353859,3600,50.1869,Normal
337,1775353919,3600,22.0931,Normal
337,1775353979,3600,22.9269,Normal
337,1775354039,3600,19.1488,Normal
337,1775354099,3600,60.0904,Normal
337,1775354159,3600,53.3989,Normal
337,1775354219,3600,8.729,Normal
337,1775354279,3600,62.6006,Normal
337,1775354339,3600,82.0425,Normal
337,1775354399,3600,60.942,Normal
337,1775354459,3600,60.5622,Normal
337,1775354519,3600,79.3811,Normal
337,1775354579,3600,69.9547,Normal
337,1775354639,3600,54.4656,Normal
337,1775354699,3600,32.0714,Normal
337,1775354759,3600,3.5316,Normal
337,1775354819,3600,26.6587,Normal
337,1775354879,3600,21.3874,Normal
337,1775354939,3600,23.0592,Normal
337,1775354999,3600,13.3172,Normal
337,1775355059,3600,20.1311,Normal
337,1775355119,3600,19.7048,Normal
337,1775355179,3600,31.7319,Normal
337,1775355239,3600,15.7353,Normal
337,1775355299,3600,20.1,Normal
337,1775355359,3600,29.359,Normal
337,1775355419,3600,30.4144,Normal
337,1775355479,3600,8.8322,Normal
337,1775355539,3600,4.1789,Normal
337,1775355599,3600,29.4815,Normal
337,1775355659,3600,34.7271,Normal
337,1775355719,3600,34.9763,Normal
337,1775355779,3600,22.4617,Normal
337,1775355839,3600,55.2939,Normal
337,1775355899,3600,27.9627,Normal
337,1775355959,3600,24.033,Normal
337,1775356019,3600,31.1675,Normal
337,1775356079,3600,35.4484,Normal
337,1775356139,3600,73.6724,Normal
337,1775356199,3600,63.1464,Normal
337,1775356259,3600,67.7049,Normal
337,1775356319,3600,96.9021,Normal
337,1775356379,3600,67.4552,Normal
337,1775356439,3600,45.2994,Normal
337,1775356499,3600,54.6867,Normal
337,1775356559,3600,28.2893,Normal
337,1775356619,3600,2.0679,Normal
337,1775356679,3600,16.932,Normal
337,1775356739,3600,20.2194,Normal
337,1775356799,3600,48.6011,Normal
337,1775356859,3600,3.8298,Normal
337,1775356919,3600,19.3558,Normal
337,1775356979,3600,3.0916,Normal
337,1775357039,3600,0.4176,Normal
337,1775357099,3600,8.113,Normal
337,1775357159,3600,2.071,Normal
337,1775357219,3600,0.0249,Normal
337,1775357279,3600,25.2905,Normal
337,1775357339,3600,26.5594,Normal
337,1775357399,3600,23.2142,Normal
337,1775357459,3600,30.8245,Normal
337,1775357519,3600,94.2945,Normal
337,1775357579,3600,128.3198,Normal
337,1775357639,3600,157.2159,Normal
337,1775357699,3600,188.5192,Normal
337,1775357759,3600,175.6787,Normal
337,1775357819,3600,152.1831,Normal
337,1775357879,3600,171.5811,Normal
337,1775357939,3600,173.3772,Normal
337,1775357999,3600,175.9869,Normal
337,1775358059,3600,161.7372,Normal
337,1775358119,3600,180.2562,Normal
337,1775358179,3600,172.3975,Normal
337,1775358239,3600,163.4631,Normal
337,1775358299,3600,161.1953,Normal
337,1775358359,3600,150.0485,Normal
337,1775358419,3600,142.3132,Normal
337,1775358479,3600,159.282,Normal
337,1775358539,3600,236.5123,Normal
337,1775358599,3600,239.8258,Normal
337,1775358659,3600,236.9867,Normal
337,1775358719,3600,251.7917,Elevated
337,1775358779,3600,193.5205,Normal
337,1775358839,3600,197.048,Normal
337,1775358899,3600,221.5267,Normal
337,1775358959,3600,208.2136,Normal
337,1775359019,3600,187.8568,Normal
337,1775359079,3600,173.3683,Normal
337,1775359139,3600,182.3557,Normal
337,1775359199,3600,169.8145,Normal
337,1775359259,3600,118.6724,Normal
337,1775359319,3600,131.2784,Normal
337,1775359379,3600,108.9148,Normal
337,1775359439,3600,89.1995,Normal
337,1775359499,3600,93.2185,Normal
337,1775359559,3600,94.568,Normal
337,1775359619,3600,82.9765,Normal
337,1775359679,3600,89.7039,Normal
337,1775359739,3600,127.1068,Normal
337,1775359799,3600,108.5068,Normal
337,1775359859,3600,122.1893,Normal
337,1775359919,3600,116.3169,Normal
337,1775359979,3600,148.5524,Normal
337,1775360039,3600,134.5923,Normal
337,1775360099,3600,172.8577,Normal
337,1775360159,3600,158.099,Normal
337,1775360219,3600,133.3568,Normal
337,1775360279,3600,126.3275,Normal
337,1775360339,3600,122.6299,Normal
337,1775360399,3600,125.2725,Normal
337,1775360459,3600,177.9554,Normal
337,1775360519,3600,200.2037,Normal
337,1775360579,3600,195.9855,Normal
337,1775360639,3600,226.096,Normal
337,1775360699,3600,206.7678,Normal
337,1775360759,3600,191.879,Normal
337,1775360819,3600,220.2906,Normal
337,1775360879,3600,213.6223,Normal
337,1775360939,3600,199.9945,Normal
337,1775360999,3600,201.6556,Normal
337,1775361059,3600,173.7578,Normal
337,1775361119,3600,150.3505,Normal
337,1775361179,3600,127.3481,Normal
337,1775361239,3600,119.7183,Normal
337,1775361299,3600,133.8174,Normal
337,1775361359,3600,134.6686,Normal
337,1775361419,3600,123.8305,Normal
337,1775361479,3600,136.8347,Normal
337,1775361539,3600,208.3025,Normal
337,1775361599,3600,214.5005,Normal
337,1775361659,3600,233.8947,Normal
337,1775361719,3600,225.8538,Normal
337,1775361779,3600,192.1901,Normal
337,1775361839,3600,180.9295,Normal
337,1775361899,3600,183.5486,Normal
337,1775361959,3600,187.9785,Normal
337,1775362019,3600,168.2605,Normal
337,1775362079,3600,185.4295,Normal
337,1775362139,3600,99.1569,Normal
337,1775362199,3600,126.0997,Normal
337,1775362259,3600,84.7282,Normal
337,1775362319,3600,78.6286,Normal
337,1775362379,3600,91.2238,Normal
337,1775362439,3600,106.6423,Normal
337,1775362499,3600,109.5085,Normal
337,1775362559,3600,104.9722,Normal
337,1775362619,3600,128.709,Normal
337,1775362679,3600,177.2898,Normal
337,1775362739,3600,175.6601,Normal
337,1775362799,3600,208.5488,Normal
337,1775362859,3600,225.2721,Normal
337,1775362919,3600,180.9018,Normal
337,1775362979,3600,221.5003,Normal
337,1775363039,3600,251.4818,Elevated
337,1775363099,3600,243.0362,Elevated
337,1775363159,3600,251.5538,Elevated
337,1775363219,3600,246.1884,Elevated
337,1775363279,3600,257.8506,Elevated
337,1775363339,3600,231.6618,Normal
337,1775363399,3600,212.0806,Normal
337,1775363459,3600,208.4931,Normal
337,1775363519,3600,189.3887,Normal
337,1775363579,3600,170.0198,Normal
337,1775363639,3600,187.4732,Normal
337,1775363699,3600,160.8656,Normal
337,1775363759,3600,152.3414,Normal
337,1775363819,3600,160.0198,Normal
337,1775363879,3600,154.7825,Normal
337,1775363939,3600,159.6335,Normal
337,1775363999,3600,150.9635,Normal
337,1775364059,3600,130.8722,Normal
337,1775364119,3600,145.7083,Normal
337,1775364179,3600,125.6944,Normal
337,1775364239,3600,102.5468,Normal
337,1775364299,3600,111.5834,Normal
337,1775364359,3600,144.1334,Normal
337,1775364419,3600,98.5025,Normal
337,1775364479,3600,112.0111,Normal
337,1775364539,3600,104.2886,Normal
337,1775364599,3600,113.1646,Normal
337,1775364659,3600,151.5459,Normal
337,1775364719,3600,134.042,Normal
337,1775364779,3600,131.8583,Normal
337,1775364839,3600,113.123,Normal
337,1775364899,3600,79.9123,Normal
337,1775364959,3600,63.2164,Normal
337,1775365019,3600,48.6756,Normal
337,1775365079,3600,59.9471,Normal
337,1775365139,3600,23.3391,Normal
337,1775365199,3600,65.9723,Normal
337,1775365259,3600,70.4675,Normal
337,1775365319,3600,69.1174,Normal
337,1775365379,3600,80.7505,Normal
337,1775365439,3600,73.721,Normal
337,1775365499,3600,88.7624,Normal
337,1775365559,3600,119.5726,Normal
337,1775365619,3600,120.2734,Normal
337,1775365679,3600,141.7556,Normal
337,1775365739,3600,113.4627,Normal
337,1775365799,3600,124.3005,Normal
337,1775365859,3600,81.8823,Normal
337,1775365919,3600,60.7158,Normal
337,1775365979,3600,36.3027,Normal
337,1775366039,3600,40.7956,Normal
337,1775366099,3600,31.3439,Normal
337,1775366159,3600,68.3742,Normal
337,1775366219,3600,82.6994,Normal
337,1775366279,3600,99.6472,Normal
337,1775366339,3600,112.897,Normal
337,1775366399,3600,145.1116,Normal
337,1775366459,3600,93.9084,Normal
337,1775366519,3600,25.8323,Normal
337,1775366579,3600,100.176,Normal
337,1775366639,3600,135.3506,Normal
337,1775366699,3600,126.9952,Normal
337,1775366759,3600,163.7049,Normal
337,1775366819,3600,123.3783,Normal
337,1775366879,3600,129.1782,Normal
337,1775366939,3600,107.1544,Normal
337,1775366999,3600,75.0399,Normal
337,1775367059,3600,107.1395,Normal
337,1775367119,3600,94.4928,Normal
337,1775367179,3600,100.7674,Normal
337,1775367239,3600,138.3773,Normal
337,1775367299,3600,134.1543,Normal
337,1775367359,3600,134.8543,Normal
337,1775367419,3600,194.1262,Normal
337,1775367479,3600,201.8847,Normal
337,1775367539,3600,182.6738,Normal
337,1775367599,3600,185.7915,Normal
337,1775367659,3600,168.9843,Normal
337,1775367719,3600,183.4238,Normal
337,1775367779,3600,189.6506,Normal
337,1775367839,3600,172.9193,Normal
337,1775367899,3600,175.1008,Normal
337,1775367959,3600,205.7657,Normal
337,1775368019,3600,164.9552,Normal
337,1775368079,3600,202.8045,Normal
337,1775368139,3600,162.4665,Normal
337,1775368199,3600,157.657,Normal
337,1775368259,3600,189.495,Normal
337,1775368319,3600,183.7119,Normal
337,1775368379,3600,159.8982,Normal
337,1775368439,3600,117.6865,Normal
337,1775368499,3600,130.4442,Normal
337,1775368559,3600,157.6935,Normal
337,1775368619,3600,140.856,Normal
337,1775368679,3600,165.8416,Normal
337,1775368739,3600,130.5052,Normal
337,1775368799,3600,122.6591,Normal
337,1775368859,3600,91.3336,Normal
337,1775368919,3600,51.8539,Normal
337,1775368979,3600,21.5136,Normal
337,1775369039,3600,28.8368,Normal
337,1775369099,3600,38.2585,Normal
337,1775369159,3600,16.2279,Normal
337,1775369219,3540,20.2222,Normal
337,1775369279,3480,21.2518,Normal
337,1775369339,3420,32.148,Normal
337,1775369399,3360,50.0722,Normal
337,1775369459,3300,55.3662,Normal
337,1775369519,3240,80.2927,Normal
337,1775369579,3180,87.2074,Normal
337,1775369639,3120,88.2725,Normal
337,1775369699,3060,91.3227,Normal
337,1775369759,3000,57.5921,Normal
337,1775369819,2940,64.0124,Normal
337,1775369879,2880,63.057,Normal
337,1775369939,2820,48.1216,Normal
337,1775369999,2760,20.7002,Normal
337,1775370059,2700,58.3131,Normal
337,1775370119,2640,90.9452,Normal
337,1775370179,2580,55.8103,Normal
337,1775370239,2520,15.071,Normal
337,1775370299,2460,29.9762,Normal
337,1775370359,2400,16.679,Normal
337,1775370419,2400,38.9765,Normal
337,1775370479,2400,47.7742,Normal
337,1775370539,2400,57.8491,Normal
337,1775370599,2400,62.5991,Normal
337,1775370659,2400,49.4764,Normal
337,1775370719,2400,17.0005,Normal
337,1775370779,2400,15.3018,Normal
337,1775370839,2400,33.544,Normal
337,1775370899,2400,15.6763,Normal
337,1775370959,2400,24.7795,Normal
337,1775371019,2400,12.8136,Normal
337,1775371079,2400,53.7493,Normal
337,1775371139,2400,27.1622,Normal
337,1775371199,2400,47.0845,Normal
337,1775371259,2400,67.1547,Normal
337,1775371319,2400,55.645,Normal
337,1775371379,2400,88.2502,Normal
337,1775371439,2400,54.1985,Normal
337,1775371499,2400,61.8352,Normal
337,1775371559,2400,47.0659,Normal
337,1775371619,2400,35.8038,Normal
337,1775371679,2400,36.9124,Normal
337,1775371739,2400,11.8733,Normal
337,1775371799,2400,10.5191,Normal
337,1775371859,2400,20.0393,Normal
337,1775371919,2400,40.048,Normal
337,1775371979,2400,12.3216,Normal
337,1775372039,2400,8.1048,Normal
337,1775372099,2400,17.5917,Normal
337,1775372159,2400,59.7005,Normal
337,1775372219,2400,41.7496,Normal
337,1775372279,2400,25.7602,Normal
337,1775372339,2400,4.6236,Normal
337,1775372399,2400,42.1322,Normal
337,1775372459,2400,18.1141,Normal
337,1775372519,2400,8.7692,Normal
337,1775372579,2400,2.5626,Normal
337,1775372639,2400,13.3843,Normal
337,1775372699,2400,53.9269,Normal
337,1775372759,2400,83.022,Normal
337,1775372819,2460,69.5641,Normal
337,1775372879,2520,106.3167,Normal
337,1775372939,2580,109.255,Normal
337,1775372999,2640,100.6622,Normal
337,1775373059,2700,69.1979,Normal
337,1775373119,2760,78.2464,Normal
337,1775373179,2820,100.6878,Normal
337,1775373239,2880,68.3259,Normal
337,1775373299,2940,65.9264,Normal
337,1775373359,3000,67.7499,Normal
337,1775373419,3060,49.6511,Normal
337,1775373479,3120,45.0916,Normal
337,1775373539,3180,31.1366,Normal
337,1775373599,3240,13.1728,Normal
337,1775373659,3300,7.3798,Normal
337,1775373719,3360,12.1401,Normal
337,1775373779,3420,3.6036,Normal
337,1775373839,3480,5.3989,Normal
337,1775373899,3540,11.2914,Normal
337,1775373959,3600,7.5976,Normal
337,1775374019,3600,48.971,Normal
337,1775374079,3600,20.6693,Normal
337,1775374139,3600,35.1762,Normal
337,1775374199,3600,1.0791,Normal
337,1775374259,3600,5.0449,Normal
337,1775374319,3600,35.2054,Normal
337,1775374379,3600,86.1303,Normal
337,1775374439,3600,60.1086,Normal
337,1775374499,3600,53.6917,Normal
337,1775374559,3600,87.6929,Normal
337,1775374619,3600,23.991,Normal
337,1775374679,3600,27.462,Normal
337,1775374739,3600,19.079,Normal
337,1775374799,3600,46.6179,Normal
337,1775374859,3600,84.9141,Normal
337,1775374919,3600,116.3816,Normal
337,1775374979,3600,93.8312,Normal
337,1775375039,3600,62.0772,Normal
337,1775375099,3600,32.1481,Normal
337,1775375159,3600,34.9045,Normal
337,1775375219,3600,19.9411,Normal
337,1775375279,3600,11.9159,Normal
337,1775375339,3600,23.2154,Normal
337,1775375399,3600,58.0063,Normal
337,1775375459,3600,35.6856,Normal
337,1775375519,3600,34.7299,Normal
337,1775375579,3600,60.5558,Normal
337,1775375639,3600,44.5816,Normal
337,1775375699,3600,58.454,Normal
337,1775375759,3600,72.2487,Normal
337,1775375819,3600,56.201,Normal
337,1775375879,3600,50.2149,Normal
337,1775375939,3600,24.0523,Normal
337,1775375999,3600,42.7383,Normal
337,1775376059,3600,23.9642,Normal
337,1775376119,3600,28.5435,Normal
337,1775376179,3600,29.9448,Normal
337,1775376239,3600,76.1757,Normal
337,1775376299,3600,106.7063,Normal
337,1775376359,3600,152.6706,Normal
337,1775376419,3600,156.908,Normal
337,1775376479,3600,186.9522,Normal
337,1775376539,3600,147.2281,Normal
337,1775376599,3600,104.2227,Normal
337,1775376659,3600,113.0508,Normal
337,1775376719,3600,72.0005,Normal
337,1775376779,3600,104.0934,Normal
337,1775376839,3600,87.1097,Normal
337,1775376899,3600,77.2587,Normal
337,1775376959,3600,77.2712,Normal
337,1775377019,3600,31.4805,Normal
337,1775377079,3600,27.2936,Normal
337,1775377139,3600,22.8834,Normal
337,1775377199,3600,4.6461,Normal
337,1775377259,3600,2.1856,Normal
337,1775377319,3600,8.061,Normal
337,1775377379,3600,12.2697,Normal
337,1775377439,3600,14.5786,Normal
337,1775377499,3600,5.1411,Normal
337,1775377559,3600,24.4668,Normal
337,1775377619,3600,10.439,Normal
337,1775377679,3600,8.0715,Normal
337,1775377739,3600,23.3523,Normal
337,1775377799,3600,40.7895,Normal
337,1775377859,3600,3.4309,Normal
337,1775377919,3600,31.3664,Normal
337,1775377979,3600,63.1986,Normal
337,1775378039,3600,54.5969,Normal
337,1775378099,3600,62.0297,Normal
337,1775378159,3600,79.2548,Normal
337,1775378219,3600,51.7634,Normal
337,1775378279,3600,36.476,Normal
337,1775378339,3600,51.8519,Normal
337,1775378399,3600,87.1924,Normal
337,1775378459,3600,86.9449,Normal
337,1775378519,3600,126.361,Normal
337,1775378579,3600,90.5869,Normal
337,1775378639,3600,76.4838,Normal
337,1775378699,3600,40.2484,Normal
337,1775378759,3600,50.842,Normal
337,1775378819,3600,74.7836,Normal
337,1775378879,3600,71.2189,Normal
337,1775378939,3600,22.0165,Normal
337,1775378999,3600,9.2783,Normal
337,1775379059,3600,2.8477,Normal
337,1775379119,3600,16.2378,Normal
337,1775379179,3600,36.058,Normal
337,1775379239,3600,33.2506,Normal
337,1775379299,3600,61.9497,Normal
337,1775379359,3600,96.7401,Normal
337,1775379419,3600,71.3733,Normal
337,1775379479,3600,16.0957,Normal
337,1775379539,3600,20.1047,Normal
337,1775379599,3600,58.7348,Normal
337,1775379659,3600,35.831,Normal
337,1775379719,3600,8.4998,Normal
337,1775379779,3600,9.8103,Normal
337,1775379839,3600,81.7332,Normal
337,1775379899,3600,110.3031,Normal
337,1775379959,3600,102.1164,Normal
337,1775380019,3600,125.7751,Normal
337,1775380079,3600,94.2174,Normal
337,1775380139,3600,93.7814,Normal
337,1775380199,3600,87.6667,Normal
337,1775380259,3600,114.3946,Normal
337,1775380319,3600,73.7385,Normal
337,1775380379,3600,83.0018,Normal
337,1775380439,3600,97.1304,Normal
337,1775380499,3600,99.6403,Normal
337,1775380559,3600,104.2609,Normal
337,1775380619,3600,98.3738,Normal
337,1775380679,3600,143.7101,Normal
337,1775380739,3600,177.5225,Normal
337,1775380799,3600,174.4386,Normal
337,1775380859,3600,172.7534,Normal
337,1775380919,3600,187.5332,Normal
337,1775380979,3600,151.9561,Normal
337,1775381039,3600,158.4807,Normal
337,1775381099,3600,201.0817,Normal
337,1775381159,3600,233.2659,Normal
337,1775381219,3600,223.5524,Normal
337,1775381279,3600,186.5053,Normal
337,1775381339,3600,203.1263,Normal
337,1775381399,3600,242.454,Normal
337,1775381459,3600,189.8618,Normal
337,1775381519,3600,178.107,Normal
337,1775381579,3600,191.8112,Normal
337,1775381639,3600,215.4163,Normal
337,1775381699,3600,234.9229,Normal
337,1775381759,3600,263.2943,Elevated
337,1775381819,3600,248.7592,Elevated
337,1775381879,3600,256.7406,Elevated
337,1775381939,3600,280.3435,Elevated
337,1775381999,3600,220.8819,Normal
337,1775382059,3600,228.1022,Normal
337,1775382119,3600,224.6631,Normal
337,1775382179,3600,227.3047,Normal
337,1775382239,3600,211.7165,Normal
337,1775382299,3600,216.9103,Normal
337,1775382359,3600,288.8448,High
337,1775382419,3600,246.9088,Elevated
337,1775382479,3600,231.4454,Normal
337,1775382539,3600,249.7567,Elevated
337,1775382599,3600,250.3646,Elevated
337,1775382659,3600,250.4993,Elevated
337,1775382719,3600,238.8428,Normal
337,1775382779,3600,246.7678,Elevated
337,1775382839,3600,261.305,Elevated
337,1775382899,3600,261.0189,Elevated
337,1775382959,3600,292.9532,High
337,1775383019,3600,259.6181,Elevated
337,1775383079,3600,203.2199,Normal
337,1775383139,3600,187.0959,Normal
337,1775383199,3600,174.6574,Normal
337,1775383259,3600,146.8275,Normal
337,1775383319,3600,155.5935,Normal
337,1775383379,3600,195.0205,Normal
337,1775383439,3600,188.0931,Normal
337,1775383499,3600,168.384,Normal
337,1775383559,3600,175.1977,Normal
337,1775383619,3600,171.8683,Normal
337,1775383679,3600,200.4767,Normal
337,1775383739,3600,151.6687,Normal
337,1775383799,3600,126.5298,Normal
337,1775383859,3600,162.341,Normal
337,1775383919,3600,186.6297,Normal
337,1775383979,3600,206.0091,Normal
337,1775384039,3600,210.4841,Normal
337,1775384099,3600,215.6701,Normal
337,1775384159,3600,229.833,Normal
337,1775384219,3600,231.7358,Normal
337,1775384279,3600,191.4213,Normal
337,1775384339,3600,164.2031,Normal
337,1775384399,3600,176.3878,Normal
337,1775384459,3600,149.7102,Normal
337,1775384519,3600,115.272,Normal
337,1775384579,3600,120.1024,Normal
337,1775384639,3600,107.5424,Normal
337,1775384699,3600,62.5727,Normal
337,1775384759,3600,92.586,Normal
337,1775384819,3600,64.0124,Normal
337,1775384879,3600,41.4024,Normal
337,1775384939,3600,7.2351,Normal
337,1775384999,3600,19.9828,Normal
337,1775385059,3600,5.4989,Normal
337,1775385119,3600,20.4966,Normal
337,1775385179,3600,15.4554,Normal
337,1775385239,3600,6.5112,Normal
337,1775385299,3600,24.4361,Normal
337,1775385359,3600,59.0828,Normal
337,1775385419,3600,62.1863,Normal
337,1775385479,3600,62.5568,Normal
337,1775385539,3600,93.9975,Normal
337,1775385599,3600,85.4055,Normal
337,1775385659,3600,63.4016,Normal
337,1775385719,3600,75.4289,Normal
337,1775385779,3600,65.2136,Normal
337,1775385839,3600,42.8795,Normal
337,1775385899,3600,21.528,Normal
337,1775385959,3600,83.6579,Normal
337,1775386019,3600,87.0823,Normal
337,1775386079,3600,46.1242,Normal
337,1775386139,3600,44.4338,Normal
337,1775386199,3600,14.209,Normal
337,1775386259,3600,2.8809,Normal
337,1775386319,3600,3.9593,Normal
337,1775386379,3600,21.2376,Normal
337,1775386439,3600,13.4373,Normal
337,1775386499,3600,4.2305,Normal
337,1775386559,3600,36.7679,Normal
337,1775386619,3600,3.8274,Normal
337,1775386679,3600,34.1263,Normal
337,1775386739,3600,35.7994,Normal
337,1775386799,3600,31.7933,Normal
337,1775386859,3600,63.1849,Normal
337,1775386919,3600,64.7823,Normal
337,1775386979,3600,64.6208,Normal
337,1775387039,3600,83.8099,Normal
337,1775387099,3600,104.0739,Normal
337,1775387159,3600,138.334,Normal
337,1775387219,3600,187.9102,Normal
337,1775387279,3600,195.81,Normal
337,1775387339,3600,228.9791,Normal
337,1775387399,3600,239.2885,Normal
337,1775387459,3600,240.0613,Normal
337,1775387519,3600,242.4412,Normal
337,1775387579,3600,220.2965,Normal
337,1775387639,3600,221.1687,Normal
337,1775387699,3600,203.4176,Normal
337,1775387759,3600,151.2329,Normal
337,1775387819,3600,166.4202,Normal
337,1775387879,3600,183.5421,Normal
337,1775387939,3600,208.1139,Normal
337,1775387999,3600,192.8199,Normal
337,1775388059,3600,205.2669,Normal
337,1775388119,3600,238.3442,Normal
337,1775388179,3600,234.6734,Normal
337,1775388239,3600,206.0124,Normal
337,1775388299,3600,242.2943,Normal
337,1775388359,3600,177.1177,Normal
337,1775388419,3600,209.8655,Normal
337,1775388479,3600,239.1346,Normal
337,1775388539,3600,218.2387,Normal
337,1775388599,3600,204.7821,Normal
337,1775388659,3600,165.7991,Normal
337,1775388719,3600,163.7185,Normal
337,1775388779,3600,152.0323,Normal
337,1775388839,3600,156.5049,Normal
337,1775388899,3600,161.7457,Normal
337,1775388959,3600,159.1935,Normal
337,1775389019,3600,206.2379,Normal
337,1775389079,3600,190.375,Normal
337,1775389139,3600,181.5874,Normal
337,1775389199,3600,194.2669,Normal
337,1775389259,3600,190.1936,Normal
337,1775389319,3600,205.6771,Normal
337,1775389379,3600,244.0829,Elevated
337,1775389439,3600,245.2601,Elevated
337,1775389499,3600,226.9756,Normal
337,1775389559,3600,206.3681,Normal
337,1775389619,3600,199.6398,Normal
337,1775389679,3600,179.5739,Normal
337,1775389739,3600,185.9594,Normal
337,1775389799,3600,156.1351,Normal
337,1775389859,3600,166.8095,Normal
337,1775389919,3600,191.2696,Normal
337,1775389979,3600,226.5461,Normal
337,1775390039,3600,192.8593,Normal
337,1775390099,3600,216.7724,Normal
337,1775390159,3600,220.8017,Normal
337,1775390219,3600,232.8526,Normal
337,1775390279,3600,242.7572,Normal
337,1775390339,3600,265.1053,Elevated
337,1775390399,3600,269.3814,Elevated
337,1775390459,3600,256.7783,Elevated
337,1775390519,3600,272.8331,Elevated
337,1775390579,3600,247.9709,Elevated
337,1775390639,3600,194.6285,Normal
337,1775390699,3600,191.4501,Normal
337,1775390759,3600,204.1476,Normal
337,1775390819,3600,140.7539,Normal
337,1775390879,3600,140.5302,Normal
337,1775390939,3600,133.3399,Normal
337,1775390999,3600,108.3822,Normal
337,1775391059,3600,76.504,Normal
337,1775391119,3600,47.0206,Normal
337,1775391179,3600,73.112,Normal
337,1775391239,3600,62.3592,Normal
337,1775391299,3600,65.8316,Normal
337,1775391359,3600,112.2208,Normal
337,1775391419,3600,48.3988,Normal
337,1775391479,3600,32.5869,Normal
337,1775391539,3600,23.4791,Normal
337,1775391599,3600,43.3782,Normal
337,1775391659,3600,82.2618,Normal
337,1775391719,3600,62.8256,Normal
337,1775391779,3600,93.5339,Normal
337,1775391839,3600,108.4604,Normal
337,1775391899,3600,84.6993,Normal
337,1775391959,3600,118.3326,Normal
337,1775392019,3600,133.0533,Normal
337,1775392079,3600,157.9995,Normal
337,1775392139,3600,222.7697,Normal
337,1775392199,3600,221.6241,Normal
337,1775392259,3600,247.4045,Elevated
337,1775392319,3600,234.5834,Normal
337,1775392379,3600,222.8286,Normal
337,1775392439,3600,234.03,Normal
337,1775392499,3600,214.6476,Normal
337,1775392559,3600,241.7696,Normal
337,1775392619,3600,228.4053,Normal
337,1775392679,3600,223.2629,Normal
337,1775392739,3600,241.5963,Normal
337,1775392799,3600,251.5759,Elevated
337,1775392859,3600,252.1242,Elevated
337,1775392919,3600,227.3002,Normal
337,1775392979,3600,171.0921,Normal
337,1775393039,3600,185.6946,Normal
337,1775393099,3600,162.4107,Normal
337,1775393159,3600,182.667,Normal
337,1775393219,3600,186.8012,Normal
337,1775393279,3600,202.2239,Normal
337,1775393339,3600,187.8102,Normal
337,1775393399,3600,199.9103,Normal
337,1775393459,3600,189.5238,Normal
337,1775393519,3600,183.8482,Normal
337,1775393579,3600,154.8895,Normal
337,1775393639,3600,120.5287,Normal
337,1775393699,3600,115.4367,Normal
337,1775393759,3600,163.7129,Normal
337,1775393819,3600,116.7928,Normal
337,1775393879,3600,86.7378,Normal
337,1775393939,3600,47.1574,Normal
337,1775393999,3600,52.3391,Normal
337,1775394059,3600,51.2902,Normal
337,1775394119,3600,46.5172,Normal
337,1775394179,3600,25.5945,Normal
337,1775394239,3600,19.7485,Normal
337,1775394299,3600,10.0476,Normal
337,1775394359,3600,10.9323,Normal
337,1775394419,3600,4.8267,Normal
337,1775394479,3600,14.1209,Normal
337,1775394539,3600,23.9898,Normal
337,1775394599,3600,27.1183,Normal
337,1775394659,3600,12.1198,Normal
337,1775394719,3600,29.4393,Normal
337,1775394779,3600,53.5827,Normal
337,1775394839,3600,34.1422,Normal
337,1775394899,3600,65.0915,Normal
337,1775394959,3600,42.8659,Normal
337,1775395019,3600,23.7277,Normal
337,1775395079,3600,54.3429,Normal
337,1775395139,3600,55.4568,Normal
337,1775395199,3600,66.7308,Normal
337,1775395259,3600,80.1952,Normal
337,1775395319,3600,84.6434,Normal
337,1775395379,3600,109.8941,Normal
337,1775395439,3600,117.1424,Normal
337,1775395499,3600,80.0333,Normal
337,1775395559,3600,59.9827,Normal
337,1775395619,3600,76.6451,Normal
337,1775395679,3600,109.7008,Normal
337,1775395739,3600,148.8762,Normal
337,1775395799,3600,152.034,Normal
337,1775395859,3600,139.5578,Normal
337,1775395919,3600,149.8706,Normal
337,1775395979,3600,148.0861,Normal
337,1775396039,3600,181.4434,Normal
337,1775396099,3600,146.481,Normal
337,1775396159,3600,150.6098,Normal
337,1775396219,3600,150.1435,Normal
337,1775396279,3600,120.4432,Normal
337,1775396339,3600,144.8428,Normal
337,1775396399,3600,161.7425,Normal
337,1775396459,3600,145.3049,Normal
337,1775396519,3600,90.4701,Normal
337,1775396579,3600,92.0278,Normal
337,1775396639,3600,125.2397,Normal
337,1775396699,3600,96.1721,Normal
337,1775396759,3600,100.0492,Normal
337,1775396819,3600,60.3691,Normal
337,1775396879,3600,54.6765,Normal
337,1775396939,3600,81.2422,Normal
337,1775396999,3600,112.3395,Normal
337,1775397059,3600,100.3726,Normal
337,1775397119,3600,90.8937,Normal
337,1775397179,3600,96.203,Normal
337,1775397239,3600,71.1894,Normal
337,1775397299,3600,87.9639,Normal
337,1775397359,3600,113.2544,Normal
337,1775397419,3600,49.6267,Normal
337,1775397479,3600,33.9356,Normal
337,1775397539,3600,33.7664,Normal
337,1775397599,3600,26.8717,Normal
337,1775397659,3600,23.8187,Normal
337,1775397719,3600,18.1429,Normal
337,1775397779,3600,0.7023,Normal
337,1775397839,3600,6.8524,Normal
337,1775397899,3600,7.914,Normal
337,1775397959,3600,17.5354,Normal
337,1775398019,3600,42.1891,Normal
337,1775398079,3600,74.9622,Normal
337,1775398139,3600,66.5508,Normal
337,1775398199,3600,75.9927,Normal
337,1775398259,3600,85.7309,Normal
337,1775398319,3600,98.8895,Normal
337,1775398379,3600,102.5774,Normal
337,1775398439,3600,122.6304,Normal
337,1775398499,3600,89.307,Normal
337,1775398559,3600,91.7802,Normal
337,1775398619,3600,69.7541,Normal
337,1775398679,3600,63.5094,Normal
337,1775398739,3600,80.9704,Normal
337,1775398799,3600,65.2155,Normal
337,1775398859,3600,58.3217,Normal
337,1775398919,3600,69.74,Normal
337,1775398979,3600,68.9594,Normal
337,1775399039,3600,49.2946,Normal
337,1775399099,3600,68.9875,Normal
337,1775399159,3600,96.3921,Normal
337,1775399219,3600,100.5143,Normal
337,1775399279,3600,118.7085,Normal
337,1775399339,3600,141.9084,Normal
337,1775399399,3600,118.1231,Normal
337,1775399459,3600,130.855,Normal
337,1775399519,3600,131.9015,Normal
337,1775399579,3600,118.5857,Normal
337,1775399639,3600,114.2439,Normal
337,1775399699,3600,150.9811,Normal
337,1775399759,3600,162.5287,Normal
337,1775399819,3600,177.8691,Normal
337,1775399879,3600,206.7153,Normal
337,1775399939,3600,207.6681,Normal
337,1775399999,3600,189.3547,Normal
337,1775400059,3600,151.5872,Normal
337,1775400119,3600,166.5428,Normal
337,1775400179,3600,171.8144,Normal
337,1775400239,3600,167.1752,Normal
337,1775400299,3600,156.1934,Normal
337,1775400359,3600,178.5037,Normal
337,1775400419,3600,207.8104,Normal
337,1775400479,3600,237.864,Normal
337,1775400539,3600,220.877,Normal
337,1775400599,3600,195.1341,Normal
337,1775400659,3600,183.1896,Normal
337,1775400719,3600,185.7685,Normal
337,1775400779,3600,204.8164,Normal
337,1775400839,3600,206.5069,Normal
337,1775400899,3600,158.7871,Normal
337,1775400959,3600,173.156,Normal
337,1775401019,3600,213.8361,Normal
337,1775401079,3600,204.5117,Normal
337,1775401139,3600,161.8359,Normal
337,1775401199,3600,194.9262,Normal
337,1775401259,3600,193.4173,Normal
337,1775401319,3600,194.2875,Normal
337,1775401379,3600,170.9512,Normal
337,1775401439,3600,159.8029,Normal
337,1775401499,3600,155.3171,Normal
337,1775401559,3600,192.6662,Normal
337,1775401619,3600,165.585,Normal
337,1775401679,3600,174.3706,Normal
337,1775401739,3600,162.2501,Normal
337,1775401799,3600,120.3319,Normal
337,1775401859,3600,100.7011,Normal
337,1775401919,3600,115.3916,Normal
337,1775401979,3600,103.8305,Normal
337,1775402039,3600,115.5187,Normal
337,1775402099,3600,126.5257,Normal
337,1775402159,3600,173.5039,Normal
337,1775402219,3600,195.6742,Normal
337,1775402279,3600,155.4135,Normal
337,1775402339,3600,180.8469,Normal
337,1775402399,3600,225.6099,Normal
337,1775402459,3600,247.3468,Elevated
337,1775402519,3600,196.3262,Normal
337,1775402579,3600,195.1544,Normal
337,1775402639,3600,183.1712,Normal
337,1775402699,3600,173.1834,Normal
337,1775402759,3600,175.5555,Normal
337,1775402819,3600,160.0059,Normal
337,1775402879,3600,132.4115,Normal
337,1775402939,3600,101.4663,Normal
337,1775402999,3600,100.8974,Normal
337,1775403059,3600,115.624,Normal
337,1775403119,3600,119.1056,Normal
337,1775403179,3600,149.4665,Normal
337,1775403239,3600,155.4976,Normal
337,1775403299,3600,134.5708,Normal
337,1775403359,3600,148.501,Normal
337,1775403419,3600,129.9879,Normal
337,1775403479,3600,95.7382,Normal
337,1775403539,3600,111.9287,Normal
337,1775403599,3600,103.4542,Normal
337,1775403659,3600,165.3676,Normal
337,1775403719,3600,177.8399,Normal
337,1775403779,3600,156.5212,Normal
337,1775403839,3600,139.9467,Normal
337,1775403899,3600,168.2546,Normal
337,1775403959,3600,147.0939,Normal
337,1775404019,3600,159.5139,Normal
337,1775404079,3600,157.4039,Normal
337,1775404139,3600,133.4855,Normal
337,1775404199,3600,142.4438,Normal
337,1775404259,3600,150.2872,Normal
337,1775404319,3600,149.8124,Normal
337,1775404379,3600,126.9788,Normal
337,1775404439,3600,142.1441,Normal
337,1775404499,3600,196.2017,Normal
337,1775404559,3600,153.8845,Normal
337,1775404619,3600,171.7493,Normal
337,1775404679,3600,202.6229,Normal
337,1775404739,3600,231.2673,Normal
337,1775404799,3600,189.496,Normal
337,1775404859,3600,197.527,Normal
337,1775404919,3600,184.3238,Normal
337,1775404979,3600,176.2039,Normal
337,1775405039,3600,175.7975,Normal
337,1775405099,3600,178.9159,Normal
337,1775405159,3600,146.0141,Normal
337,1775405219,3600,134.7422,Normal
337,1775405279,3600,134.3018,Normal
337,1775405339,3600,126.612,Normal
337,1775405399,3600,160.5169,Normal
337,1775405459,3600,163.5006,Normal
337,1775405519,3600,98.5091,Normal
337,1775405579,3600,130.3889,Normal
337,1775405639,3600,113.6464,Normal
337,1775405699,3600,129.4884,Normal
337,1775405759,3600,115.6622,Normal
337,1775405819,3600,113.8568,Normal
337,1775405879,3600,120.1359,Normal
337,1775405939,3600,81.4937,Normal
337,1775405999,3600,64.0342,Normal
337,1775406059,3600,14.0097,Normal
337,1775406119,3600,46.4421,Normal
337,1775406179,3600,44.113,Normal
337,1775406239,3600,62.55,Normal
337,1775406299,3600,61.1011,Normal
337,1775406359,3600,57.2466,Normal
337,1775406419,3600,41.8276,Normal
337,1775406479,3600,21.0989,Normal
337,1775406539,3600,45.0724,Normal
337,1775406599,3600,56.364,Normal
337,1775406659,3600,37.3567,Normal
337,1775406719,3600,38.0001,Normal
337,1775406779,3600,7.8464,Normal
337,1775406839,3600,6.5299,Normal
337,1775406899,3600,4.2121,Normal
337,1775406959,3600,4.9206,Normal
337,1775407019,3600,41.1303,Normal
337,1775407079,3600,38.0015,Normal
337,1775407139,3600,30.8927,Normal
337,1775407199,3600,36.1207,Normal
337,1775407259,3600,31.9353,Normal
337,1775407319,3600,81.2781,Normal
337,1775407379,3600,47.5839,Normal
337,1775407439,3600,61.7207,Normal
337,1775407499,3600,51.2737,Normal
337,1775407559,3600,29.8717,Normal
337,1775407619,3600,11.2656,Normal
337,1775407679,3600,10.4608,Normal
337,1775407739,3600,18.2939,Normal
337,1775407799,3600,29.2689,Normal
337,1775407859,3600,77.6509,Normal
337,1775407919,3600,73.6363,Normal
337,1775407979,3600,71.4125,Normal
337,1775408039,3600,48.4579,Normal
337,1775408099,3600,28.1057,Normal
337,1775408159,3600,52.9574,Normal
337,1775408219,3600,36.1258,Normal
337,1775408279,3600,36.9357,Normal
337,1775408339,3600,5.7304,Normal
337,1775408399,3600,19.6374,Normal
337,1775408459,3600,39.8836,Normal
337,1775408519,3600,59.369,Normal
337,1775408579,3600,75.2093,Normal
337,1775408639,3600,24.9931,Normal
337,1775408699,3600,15.0134,Normal
337,1775408759,3600,1.8582,Normal
337,1775408819,3600,10.7431,Normal
337,1775408879,3600,25.8037,Normal
337,1775408939,3600,39.753,Normal
337,1775408999,3600,33.1799,Normal
337,1775409059,3600,42.0434,Normal
337,1775409119,3600,85.93,Normal
337,1775409179,3600,49.613,Normal
337,1775409239,3600,72.2488,Normal
337,1775409299,3600,63.6222,Normal
337,1775409359,3600,55.3331,Normal
337,1775409419,3600,83.0787,Normal
337,1775409479,3600,118.0905,Normal
337,1775409539,3600,135.9868,Normal
337,1775409599,3600,141.1404,Normal
337,1775409659,3600,162.2957,Normal
337,1775409719,3600,138.509,Normal
337,1775409779,3600,145.6355,Normal
337,1775409839,3600,131.6252,Normal
337,1775409899,3600,132.5726,Normal
337,1775409959,3600,164.3651,Normal
337,1775410019,3600,169.7529,Normal
337,1775410079,3600,180.998,Normal
337,1775410139,3600,180.5971,Normal
337,1775410199,3600,189.239,Normal
337,1775410259,3600,186.4699,Normal
337,1775410319,3600,185.2294,Normal
337,1775410379,3600,201.123,Normal
337,1775410439,3600,201.7286,Normal
337,1775410499,3600,188.357,Normal
337,1775410559,3600,158.8914,Normal
337,1775410619,3600,140.1852,Normal
337,1775410679,3600,165.2177,Normal
337,1775410739,3600,134.7339,Normal
337,1775410799,3600,172.1065,Normal
337,1775410859,3600,154.7816,Normal
337,1775410919,3600,103.5182,Normal
337,1775410979,3600,116.4525,Normal
337,1775411039,3600,99.1924,Normal
337,1775411099,3600,81.5873,Normal
337,1775411159,3600,112.2783,Normal
337,1775411219,3600,122.9431,Normal
337,1775411279,3600,94.9528,Normal
337,1775411339,3600,91.8306,Normal
337,1775411399,3600,100.8644,Normal
337,1775411459,3600,60.4282,Normal
337,1775411519,3600,41.6122,Normal
337,1775411579,3600,19.676,Normal
337,1775411639,3600,27.6445,Normal
337,1775411699,3600,59.1153,Normal
337,1775411759,3600,60.5437,Normal
337,1775411819,3600,80.4104,Normal
337,1775411879,3600,63.9714,Normal
337,1775411939,3600,109.3326,Normal
337,1775411999,3600,84.9562,Normal
337,1775412059,3600,15.9246,Normal
337,1775412119,3600,40.8132,Normal
337,1775412179,3600,18.4667,Normal
337,1775412239,3600,60.2938,Normal
337,1775412299,3600,70.3521,Normal
337,1775412359,3600,71.8513,Normal
337,1775412419,3600,73.0777,Normal
337,1775412479,3600,23.1111,Normal
337,1775412539,3600,51.3885,Normal
337,1775412599,3600,57.6404,Normal
337,1775412659,3600,96.6296,Normal
337,1775412719,3600,84.0096,Normal
337,1775412779,3600,106.0863,Normal
337,1775412839,3600,39.7118,Normal
337,1775412899,3600,12.7766,Normal
337,1775412959,3600,37.4163,Normal
337,1775413019,3600,3.1356,Normal
337,1775413079,3600,0.7252,Normal
337,1775413139,3600,8.9403,Normal
337,1775413199,3600,3.3091,Normal
337,1775413259,3600,10.6482,Normal
337,1775413319,3600,48.0238,Normal
337,1775413379,3600,50.809,Normal
337,1775413439,3600,55.6911,Normal
337,1775413499,3600,67.0859,Normal
337,1775413559,3600,14.5888,Normal
337,1775413619,3600,63.025,Normal
337,1775413679,3600,84.85,Normal
337,1775413739,3600,10.2323,Normal
337,1775413799,3600,25.4251,Normal
337,1775413859,3600,66.1373,Normal
337,1775413919,3600,69.8388,Normal
337,1775413979,3600,92.7203,Normal
337,1775414039,3600,85.6127,Normal
337,1775414099,3600,75.7911,Normal
337,1775414159,3600,54.7687,Normal
337,1775414219,3600,56.5537,Normal
337,1775414279,3600,37.4449,Normal
337,1775414339,3600,25.5402,Normal
337,1775414399,3600,54.3517,Normal
337,1775414459,3600,46.6549,Normal
337,1775414519,3600,36.1373,Normal
337,1775414579,3600,10.8325,Normal
337,1775414639,3600,21.1214,Normal
337,1775414699,3600,52.4623,Normal
337,1775414759,3600,66.6004,Normal
337,1775414819,3600,50.8072,Normal
337,1775414879,3600,84.8074,Normal
337,1775414939,3600,100.2549,Normal
337,1775414999,3600,91.8853,Normal
337,1775415059,3600,88.7561,Normal
337,1775415119,3600,100.9793,Normal
337,1775415179,3600,135.7688,Normal
337,1775415239,3600,128.5154,Normal
337,1775415299,3600,94.0221,Normal
337,1775415359,3600,96.9872,Normal
337,1775415419,3600,86.1699,Normal
337,1775415479,3600,86.5035,Normal
337,1775415539,3600,44.0054,Normal
337,1775415599,3600,43.2849,Normal
337,1775415659,3600,80.4186,Normal
337,1775415719,3600,47.5001,Normal
337,1775415779,3600,99.3841,Normal
337,1775415839,3600,107.5943,Normal
337,1775415899,3600,113.6889,Normal
337,1775415959,3600,106.0431,Normal
337,1775416019,3600,140.4542,Normal
337,1775416079,3600,136.3737,Normal
337,1775416139,3600,88.916,Normal
337,1775416199,3600,100.3373,Normal
337,1775416259,3600,61.3957,Normal
337,1775416319,3600,62.5581,Normal
337,1775416379,3600,89.3173,Normal
337,1775416439,3600,111.1073,Normal
337,1775416499,3600,136.4831,Normal
337,1775416559,3600,130.0482,Normal
337,1775416619,3600,134.5196,Normal
337,1775416679,3600,126.8608,Normal
337,1775416739,3600,118.6783,Normal
337,1775416799,3600,100.9988,Normal
337,1775416859,3600,130.3401,Normal
337,1775416919,3600,107.4274,Normal
337,1775416979,3600,73.2782,Normal
337,1775417039,3600,74.8675,Normal
337,1775417099,3600,82.5921,Normal
337,1775417159,3600,78.4495,Normal
337,1775417219,3600,24.861,Normal
337,1775417279,3600,26.4088,Normal
337,1775417339,3600,106.6959,Normal
337,1775417399,3600,103.4884,Normal
337,1775417459,3600,143.6617,Normal
337,1775417519,3600,119.3286,Normal
337,1775417579,3600,151.1342,Normal
337,1775417639,3600,134.5445,Normal
337,1775417699,3600,114.7081,Normal
337,1775417759,3600,104.6964,Normal
337,1775417819,3600,96.6116,Normal
337,1775417879,3600,56.415,Normal
337,1775417939,3600,53.2556,Normal
337,1775417999,3600,42.1489,Normal
337,1775418059,3600,63.9986,Normal
337,1775418119,3600,101.3693,Normal
337,1775418179,3600,85.7712,Normal
337,1775418239,3600,103.8175,Normal
337,1775418299,3600,94.1416,Normal
337,1775418359,3600,77.5989,Normal
337,1775418419,3600,97.8801,Normal
337,1775418479,3600,64.9159,Normal
337,1775418539,3600,54.451,Normal
337,1775418599,3600,52.5568,Normal
337,1775418659,3600,80.4953,Normal
337,1775418719,3600,116.2132,Normal
337,1775418779,3600,108.3168,Normal
337,1775418839,3600,100.3753,Normal
337,1775418899,3600,109.9343,Normal
337,1775418959,3600,109.8154,Normal
337,1775419019,3600,111.1607,Normal
337,1775419079,3600,126.2511,Normal
337,1775419139,3600,151.6807,Normal
337,1775419199,3600,162.9458,Normal
337,1775419259,3600,155.6221,Normal
337,1775419319,3600,180.6615,Normal
337,1775419379,3600,160.2725,Normal
337,1775419439,3600,167.7234,Normal
337,1775419499,3600,149.1392,Normal
337,1775419559,3600,163.7873,Normal
337,1775419619,3600,149.4173,Normal
337,1775419679,3600,166.4387,Normal
337,1775419739,3600,187.1697,Normal
337,1775419799,3600,166.6257,Normal
337,1775419859,3600,210.5633,Normal
337,1775419919,3600,217.8877,Normal
337,1775419979,3600,189.3772,Normal
337,1775420039,3600,208.2424,Normal
337,1775420099,3600,226.3443,Normal
337,1775420159,3600,198.304,Normal
337,1775420219,3600,184.0991,Normal
337,1775420279,3600,173.2209,Normal
337,1775420339,3600,130.732,Normal
337,1775420399,3600,100.8844,Normal
337,1775420459,3600,50.7489,Normal
337,1775420519,3600,30.1844,Normal
337,1775420579,3600,25.0999,Normal
337,1775420639,3600,10.8957,Normal
337,1775420699,3600,9.3099,Normal
337,1775420759,3600,0.9864,Normal
337,1775420819,3600,44.409,Normal
337,1775420879,3600,13.6368,Normal
337,1775420939,3600,3.6938,Normal
337,1775420999,3600,46.3958,Normal
337,1775421059,3600,53.4704,Normal
337,1775421119,3600,75.2179,Normal
337,1775421179,3600,79.7153,Normal
337,1775421239,3600,46.9848,Normal
337,1775421299,3600,68.1695,Normal
337,1775421359,3600,53.1867,Normal
337,1775421419,3600,49.4609,Normal
337,1775421479,3600,70.3495,Normal
337,1775421539,3600,71.563,Normal
337,1775421599,3600,74.9062,Normal
337,1775421659,3600,60.3388,Normal
337,1775421719,3600,25.4642,Normal
337,1775421779,3600,3.7744,Normal
337,1775421839,3600,8.0865,Normal
337,1775421899,3600,16.5055,Normal
337,1775421959,3600,37.7144,Normal
337,1775422019,3600,66.18,Normal
337,1775422079,3600,55.9039,Normal
337,1775422139,3600,53.6645,Normal
337,1775422199,3600,42.2538,Normal
337,1775422259,3600,56.0284,Normal
337,1775422319,3600,89.5677,Normal
337,1775422379,3600,72.423,Normal
337,1775422439,3600,82.0022,Normal
337,1775422499,3600,91.8437,Normal
337,1775422559,3600,91.945,Normal
337,1775422619,3600,78.8029,Normal
337,1775422679,3600,57.5755,Normal
337,1775422739,3600,70.5671,Normal
337,1775422799,3600,42.0279,Normal
337,1775422859,3600,26.5104,Normal
337,1775422919,3600,43.2918,Normal
337,1775422979,3600,12.4026,Normal
337,1775423039,3600,51.5026,Normal
337,1775423099,3600,50.7057,Normal
337,1775423159,3600,55.8267,Normal
337,1775423219,3600,81.6928,Normal
337,1775423279,3600,48.5312,Normal
337,1775423339,3600,30.8847,Normal
337,1775423399,3600,50.9491,Normal
337,1775423459,3600,95.7613,Normal
337,1775423519,3600,129.6369,Normal
337,1775423579,3600,146.4918,Normal
337,1775423639,3600,135.3712,Normal
337,1775423699,3600,176.9074,Normal
337,1775423759,3600,161.3273,Normal
337,1775423819,3600,160.8793,Normal
337,1775423879,3600,181.2522,Normal
337,1775423939,3600,141.3208,Normal
337,1775423999,3600,141.3818,Normal
337,1775424059,3600,93.2437,Normal
337,1775424119,3600,65.2437,Normal
337,1775424179,3600,5.4177,Normal
337,1775424239,3600,0.2255,Normal
337,1775424299,3600,4.0819,Normal
337,1775424359,3600,0.8256,Normal
337,1775424419,3600,9.7058,Normal
337,1775424479,3600,10.0662,Normal
337,1775424539,3600,28.0135,Normal
337,1775424599,3600,55.1884,Normal
337,1775424659,3600,64.0565,Normal
337,1775424719,3600,68.6829,Normal
337,1775424779,3600,71.3247,Normal
337,1775424839,3600,36.8199,Normal
337,1775424899,3600,63.2105,Normal
337,1775424959,3600,47.7,Normal
337,1775425019,3600,53.4995,Normal
337,1775425079,3600,71.0498,Normal
337,1775425139,3600,82.7647,Normal
337,1775425199,3600,65.0259,Normal
337,1775425259,3600,75.3984,Normal
337,1775425319,3600,103.1933,Normal
337,1775425379,3600,66.3549,Normal
337,1775425439,3600,88.2115,Normal
337,1775425499,3600,86.8805,Normal
337,1775425559,3600,80.4987,Normal
337,1775425619,3600,86.9871,Normal
337,1775425679,3600,61.8956,Normal
337,1775425739,3600,78.9619,Normal
337,1775425799,3600,102.4445,Normal
337,1775425859,3600,131.973,Normal
337,1775425919,3600,158.7056,Normal
337,1775425979,3600,159.7699,Normal
337,1775426039,3600,146.2897,Normal
337,1775426099,3600,149.3024,Normal
337,1775426159,3600,134.3635,Normal
337,1775426219,3600,187.0475,Normal
337,1775426279,3600,221.1736,Normal
337,1775426339,3600,201.3775,Normal
337,1775426399,3600,171.7693,Normal
337,1775426459,3600,155.961,Normal
337,1775426519,3600,198.1547,Normal
337,1775426579,3600,197.4832,Normal
337,1775426639,3600,167.4528,Normal
337,1775426699,3600,137.1688,Normal
337,1775426759,3600,113.2336,Normal
337,1775426819,3600,88.4776,Normal
337,1775426879,3600,144.8926,Normal
337,1775426939,3600,176.0291,Normal
337,1775426999,3600,163.5702,Normal
337,1775427059,3600,139.5064,Normal
337,1775427119,3600,102.3493,Normal
337,1775427179,3600,115.1972,Normal
337,1775427239,3600,141.3412,Normal
337,1775427299,3600,121.1833,Normal
337,1775427359,3600,145.5178,Normal
337,1775427419,3600,129.6552,Normal
337,1775427479,3600,132.5928,Normal
337,1775427539,3600,111.3316,Normal
337,1775427599,3600,82.4103,Normal
337,1775427659,3600,105.6555,Normal
337,1775427719,3600,138.1239,Normal
337,1775427779,3600,194.8497,Normal
337,1775427839,3600,186.58,Normal
337,1775427899,3600,192.8617,Normal
337,1775427959,3600,230.4955,Normal
337,1775428019,3600,226.836,Normal
337,1775428079,3600,226.0508,Normal
337,1775428139,3600,210.1862,Normal
337,1775428199,3600,194.7349,Normal
337,1775428259,3600,240.25,Normal
337,1775428319,3600,222.3365,Normal
337,1775428379,3600,213.0977,Normal
337,1775428439,3600,208.6469,Normal
337,1775428499,3600,173.675,Normal
337,1775428559,3600,171.1281,Normal
337,1775428619,3600,188.4775,Normal
337,1775428679,3600,208.0379,Normal
337,1775428739,3600,228.3436,Normal
337,1775428799,3600,240.3648,Normal
337,1775428859,3600,192.8903,Normal
337,1775428919,3600,188.7963,Normal
337,1775428979,3600,231.819,Normal
337,1775429039,3600,208.8374,Normal
337,1775429099,3600,207.6407,Normal
337,1775429159,3600,190.8696,Normal
337,1775429219,3600,175.6997,Normal
337,1775429279,3600,171.8638,Normal
337,1775429339,3600,142.3944,Normal
337,1775429399,3600,122.0862,Normal
337,1775429459,3600,84.9121,Normal
337,1775429519,3600,48.1734,Normal
337,1775429579,3600,48.1658,Normal
337,1775429639,3600,34.5939,Normal
337,1775429699,3600,2.9266,Normal
337,1775429759,3600,7.2552,Normal
337,1775429819,3600,47.2153,Normal
337,1775429879,3600,61.5749,Normal
337,1775429939,3600,69.7717,Normal
337,1775429999,3600,34.3902,Normal
337,1775430059,3600,47.768,Normal
337,1775430119,3600,24.1408,Normal
337,1775430179,3600,43.2512,Normal
337,1775430239,3600,71.8083,Normal
337,1775430299,3600,70.3647,Normal
337,1775430359,3600,105.615,Normal
337,1775430419,3600,101.7609,Normal
337,1775430479,3600,72.3266,Normal
337,1775430539,3600,69.8926,Normal
337,1775430599,3600,69.3456,Normal
337,1775430659,3600,101.3863,Normal
337,1775430719,3600,130.12,Normal
337,1775430779,3600,127.2058,Normal
337,1775430839,3600,91.8354,Normal
337,1775430899,3600,66.2282,Normal
337,1775430959,3600,34.9989,Normal
337,1775431019,3600,9.5698,Normal
337,1775431079,3600,27.4168,Normal
337,1775431139,3600,4.3005,Normal
337,1775431199,3600,8.2366,Normal
337,1775431259,3600,24.4402,Normal
337,1775431319,3600,42.6864,Normal
337,1775431379,3600,34.0878,Normal
337,1775431439,3600,1.8958,Normal
337,1775431499,3600,28.1372,Normal
337,1775431559,3600,67.8245,Normal
337,1775431619,3600,35.9999,Normal
337,1775431679,3600,33.8788,Normal
337,1775431739,3600,58.9586,Normal
337,1775431799,3600,55.5357,Normal
337,1775431859,3600,84.1292,Normal
337,1775431919,3600,78.3283,Normal
337,1775431979,3600,62.7443,Normal
337,1775432039,3600,33.7762,Normal
337,1775432099,3600,33.0698,Normal
337,1775432159,3600,66.2395,Normal
337,1775432219,3600,63.6511,Normal
337,1775432279,3600,88.5032,Normal
337,1775432339,3600,105.4863,Normal
337,1775432399,3600,116.9696,Normal
337,1775432459,3600,73.471,Normal
337,1775432519,3600,84.3783,Normal
337,1775432579,3600,139.7736,Normal
337,1775432639,3600,124.8792,Normal
337,1775432699,3600,130.2048,Normal
337,1775432759,3600,96.172,Normal
337,1775432819,3600,118.3664,Normal
337,1775432879,3600,116.1837,Normal
337,1775432939,3600,86.5962,Normal
337,1775432999,3600,74.9432,Normal
337,1775433059,3600,74.6084,Normal
337,1775433119,3600,96.999,Normal
337,1775433179,3600,56.7121,Normal
337,1775433239,3600,52.398,Normal
337,1775433299,3600,34.4375,Normal
337,1775433359,3600,12.2465,Normal
337,1775433419,3600,32.6056,Normal
337,1775433479,3600,15.2087,Normal
337,1775433539,3600,36.0105,Normal
337,1775433599,3600,58.1908,Normal
337,1775433659,3600,24.1769,Normal
337,1775433719,3600,6.5837,Normal
337,1775433779,3600,7.0841,Normal
337,1775433839,3600,21.2302,Normal
337,1775433899,3600,32.2553,Normal
337,1775433959,3600,0.0196,Normal
337,1775434019,3600,51.5728,Normal
337,1775434079,3600,83.5259,Normal
337,1775434139,3600,73.5735,Normal
337,1775434199,3600,65.5564,Normal
337,1775434259,3600,42.3178,Normal
337,1775434319,3600,16.8466,Normal
337,1775434379,3600,16.0538,Normal
337,1775434439,3600,12.7245,Normal
337,1775434499,3600,37.5821,Normal
337,1775434559,3600,63.6802,Normal
337,1775434619,3600,68.5499,Normal
337,1775434679,3600,118.5677,Normal
337,1775434739,3600,108.9389,Normal
337,1775434799,3600,91.8792,Normal
337,1775434859,3600,92.0548,Normal
337,1775434919,3600,78.7481,Normal
337,1775434979,3600,84.0337,Normal
337,1775435039,3600,114.5029,Normal
337,1775435099,3600,131.9939,Normal
337,1775435159,3600,93.1324,Normal
337,1775435219,3600,77.1354,Normal
337,1775435279,3600,71.9911,Normal
337,1775435339,3600,83.0355,Normal
337,1775435399,3600,102.8069,Normal
337,1775435459,3600,67.742,Normal
337,1775435519,3600,89.3293,Normal
337,1775435579,3600,86.1009,Normal
337,1775435639,3600,73.7315,Normal
337,1775435699,3600,68.4723,Normal
337,1775435759,3600,113.273,Normal
337,1775435819,3600,60.9664,Normal
337,1775435879,3600,40.5015,Normal
337,1775435939,3600,35.6344,Normal
337,1775435999,3600,24.3574,Normal
337,1775436059,3600,11.9978,Normal
337,1775436119,3600,43.2911,Normal
337,1775436179,3600,46.2125,Normal
337,1775436239,3600,6.7268,Normal
337,1775436299,3600,14.7725,Normal
337,1775436359,3600,20.0192,Normal
337,1775436419,3600,3.4942,Normal
337,1775436479,3600,2.7334,Normal
337,1775436539,3600,9.4192,Normal
337,1775436599,3600,3.076,Normal
337,1775436659,3600,29.3788,Normal
337,1775436719,3600,41.7294,Normal
337,1775436779,3600,21.2094,Normal
337,1775436839,3600,64.5031,Normal
337,1775436899,3600,50.4829,Normal
337,1775436959,3600,29.1569,Normal
337,1775437019,3600,56.0134,Normal
337,1775437079,3600,20.2577,Normal
337,1775437139,3600,19.8121,Normal
337,1775437199,3600,48.3975,Normal
337,1775437259,3600,65.5774,Normal
337,1775437319,3600,44.7541,Normal
337,1775437379,3600,59.7314,Normal
337,1775437439,3600,93.3792,Normal
337,1775437499,3600,100.0255,Normal
337,1775437559,3600,89.2494,Normal
337,1775437619,3600,83.3332,Normal
337,1775437679,3600,87.2429,Normal
337,1775437739,3600,81.1333,Normal
337,1775437799,3600,102.1461,Normal
337,1775437859,3600,113.2499,Normal
337,1775437919,3600,123.7758,Normal
337,1775437979,3600,113.3931,Normal
337,1775438039,3600,124.6104,Normal
337,1775438099,3600,102.1565,Normal
337,1775438159,3600,145.6973,Normal
337,1775438219,3600,150.564,Normal
337,1775438279,3600,200.0875,Normal
337,1775438339,3600,200.3581,Normal
337,1775438399,3600,208.6545,Normal
337,1775438459,3600,239.7706,Normal
337,1775438519,3600,266.9612,Elevated
337,1775438579,3600,308.0667,High
337,1775438639,3600,332.0588,High
337,1775438699,3600,325.0625,High
337,1775438759,3600,295.3748,High
337,1775438819,3600,317.3368,High
337,1775438879,3600,292.4664,High
337,1775438939,3600,285.9477,Elevated
337,1775438999,3600,300.7553,High
337,1775439059,3600,268.746,Elevated
337,1775439119,3600,285.7702,Elevated
337,1775439179,3600,282.3744,Elevated
337,1775439239,3600,308.1116,High
337,1775439299,3600,328.2669,High
337,1775439359,3600,341.3518,High
337,1775439419,3600,301.158,High
337,1775439479,3600,288.9149,High
337,1775439539,3600,299.5953,High
337,1775439599,3600,296.2011,High
337,1775439659,3600,320.5059,High
337,1775439719,3600,377.1131,High
337,1775439779,3600,342.3765,High
337,1775439839,3600,249.449,Elevated
337,1775439899,3600,229.4806,Normal
337,1775439959,3600,227.0622,Normal
337,1775440019,3600,241.9036,Normal
337,1775440079,3600,235.7268,Normal
337,1775440139,3600,240.2279,Normal
337,1775440199,3600,221.3399,Normal
337,1775440259,3600,256.4617,Elevated
337,1775440319,3600,241.3193,Normal
337,1775440379,3600,248.3202,Elevated
337,1775440439,3600,281.8834,Elevated
337,1775440499,3600,277.5643,Elevated
337,1775440559,3600,238.0599,Normal
337,1775440619,3600,202.7933,Normal
337,1775440679,3600,174.7662,Normal
337,1775440739,3600,195.8256,Normal
337,1775440799,3600,166.2211,Normal
337,1775440859,3600,165.4794,Normal
337,1775440919,3600,169.52,Normal
337,1775440979,3600,159.0321,Normal
337,1775441039,3600,177.3345,Normal
337,1775441099,3600,166.0121,Normal
337,1775441159,3600,136.5073,Normal
337,1775441219,3600,196.4642,Normal
337,1775441279,3600,240.2796,Normal
337,1775441339,3600,233.5288,Normal
337,1775441399,3600,204.8665,Normal
337,1775441459,3600,157.0096,Normal
337,1775441519,3600,163.9266,Normal
337,1775441579,3600,165.2215,Normal
337,1775441639,3600,162.7182,Normal
337,1775441699,3600,153.1057,Normal
337,1775441759,3600,85.0368,Normal
337,1775441819,3600,77.2227,Normal
337,1775441879,3600,52.6015,Normal
337,1775441939,3600,56.2977,Normal
337,1775441999,3600,62.1791,Normal
337,1775442059,3600,73.474,Normal
337,1775442119,3600,85.8468,Normal
337,1775442179,3600,48.7294,Normal
337,1775442239,3600,43.8269,Normal
337,1775442299,3600,53.6429,Normal
337,1775442359,3600,35.9613,Normal
337,1775442419,3600,15.7458,Normal
337,1775442479,3600,21.4026,Normal
337,1775442539,3600,22.1499,Normal
337,1775442599,3600,31.8993,Normal
337,1775442659,3600,43.9408,Normal
337,1775442719,3600,25.0202,Normal
337,1775442779,3600,11.3784,Normal
337,1775442839,3600,30.3073,Normal
337,1775442899,3600,65.5668,Normal
337,1775442959,3600,59.3436,Normal
337,1775443019,3600,42.4721,Normal
337,1775443079,3600,24.9198,Normal
337,1775443139,3600,27.3015,Normal
337,1775443199,3600,56.7889,Normal
337,1775443259,3600,74.1243,Normal
337,1775443319,3600,84.2173,Normal
337,1775443379,3600,92.5384,Normal
337,1775443439,3600,48.1621,Normal
337,1775443499,3600,33.0929,Normal
337,1775443559,3600,25.1442,Normal
337,1775443619,3600,49.3921,Normal
337,1775443679,3600,79.2896,Normal
337,1775443739,3600,72.7373,Normal
337,1775443799,3600,37.7594,Normal
337,1775443859,3600,44.6134,Normal
337,1775443919,3600,56.4559,Normal
337,1775443979,3600,61.9074,Normal
337,1775444039,3600,32.7194,Normal
337,1775444099,3600,55.2203,Normal
337,1775444159,3600,45.4867,Normal
337,1775444219,3600,54.3184,Normal
337,1775444279,3600,47.1117,Normal
337,1775444339,3600,85.415,Normal
337,1775444399,3600,79.6048,Normal
337,1775444459,3600,80.0003,Normal
337,1775444519,3600,73.4637,Normal
337,1775444579,3600,53.7652,Normal
337,1775444639,3600,57.3744,Normal
337,1775444699,3600,42.058,Normal
337,1775444759,3600,7.0519,Normal
337,1775444819,3600,45.0895,Normal
337,1775444879,3600,45.266,Normal
337,1775444939,3600,61.4047,Normal
337,1775444999,3600,72.7762,Normal
337,1775445059,3600,47.1484,Normal
337,1775445119,3600,95.897,Normal
337,1775445179,3600,69.1121,Normal
337,1775445239,3600,85.1165,Normal
337,1775445299,3600,109.935,Normal
337,1775445359,3600,76.4016,Normal
337,1775445419,3600,92.0314,Normal
337,1775445479,3600,71.6494,Normal
337,1775445539,3600,78.0985,Normal
337,1775445599,3600,104.7753,Normal
337,1775445659,3600,156.4522,Normal
337,1775445719,3600,169.9611,Normal
337,1775445779,3600,156.5897,Normal
337,1775445839,3600,167.2816,Normal
337,1775445899,3600,167.5843,Normal
337,1775445959,3600,131.2113,Normal
337,1775446019,3600,140.7142,Normal
337,1775446079,3600,145.9691,Normal
337,1775446139,3600,192.4031,Normal
337,1775446199,3600,193.783,Normal
337,1775446259,3600,169.5031,Normal
337,1775446319,3600,135.4245,Normal
337,1775446379,3600,108.2335,Normal
337,1775446439,3600,101.3808,Normal
337,1775446499,3600,109.26,Normal
337,1775446559,3600,115.248,Normal
337,1775446619,3600,91.4696,Normal
337,1775446679,3600,99.3089,Normal
337,1775446739,3600,155.4137,Normal
337,1775446799,3600,121.8859,Normal
337,1775446859,3600,173.2998,Normal
337,1775446919,3600,190.8658,Normal
337,1775446979,3600,200.7198,Normal
337,1775447039,3600,225.1647,Normal
337,1775447099,3600,296.1876,High
337,1775447159,3600,267.5858,Elevated
337,1775447219,3600,210.5078,Normal
337,1775447279,3600,185.7202,Normal
337,1775447339,3600,164.4875,Normal
337,1775447399,3600,177.3339,Normal
337,1775447459,3600,188.1254,Normal
337,1775447519,3600,153.0571,Normal
337,1775447579,3600,141.4576,Normal
337,1775447639,3600,171.3943,Normal
337,1775447699,3600,160.9551,Normal
337,1775447759,3600,156.7643,Normal
337,1775447819,3600,156.161,Normal
337,1775447879,3600,155.4245,Normal
337,1775447939,3600,181.2387,Normal
337,1775447999,3600,199.2508,Normal
337,1775448059,3600,183.7473,Normal
337,1775448119,3600,221.3196,Normal
337,1775448179,3600,251.3796,Elevated
337,1775448239,3600,254.8468,Elevated
337,1775448299,3600,273.119,Elevated
337,1775448359,3600,276.4186,Elevated
337,1775448419,3600,240.7397,Normal
337,1775448479,3600,294.3178,High
337,1775448539,3600,246.32,Elevated
337,1775448599,3600,228.1404,Normal
337,1775448659,3600,265.6347,Elevated
337,1775448719,3600,236.4279,Normal
337,1775448779,3600,253.6508,Elevated
337,1775448839,3600,242.834,Normal
337,1775448899,3600,194.0239,Normal
337,1775448959,3600,170.7155,Normal
337,1775449019,3600,181.8659,Normal
337,1775449079,3600,210.0735,Normal
337,1775449139,3600,204.8917,Normal
337,1775449199,3600,195.7733,Normal
337,1775449259,3600,189.3333,Normal
337,1775449319,3600,209.3026,Normal
337,1775449379,3600,191.8156,Normal
337,1775449439,3600,174.4825,Normal
337,1775449499,3600,185.0964,Normal
337,1775449559,3600,220.7635,Normal
337,1775449619,3600,215.1233,Normal
337,1775449679,3600,192.5885,Normal
337,1775449739,3600,161.4793,Normal
337,1775449799,3600,177.1446,Normal
337,1775449859,3600,190.1598,Normal
337,1775449919,3600,203.8567,Normal
337,1775449979,3600,224.8581,Normal
337,1775450039,3600,193.2458,Normal
337,1775450099,3600,203.3772,Normal
337,1775450159,3600,231.1945,Normal
337,1775450219,3600,264.0255,Elevated
337,1775450279,3600,282.5153,Elevated
337,1775450339,3600,240.7004,Normal
337,1775450399,3600,256.2048,Elevated
337,1775450459,3600,191.6945,Normal
337,1775450519,3600,225.4775,Normal
337,1775450579,3600,208.9883,Normal
337,1775450639,3600,201.8732,Normal
337,1775450699,3600,140.9249,Normal
337,1775450759,3600,180.57,Normal
337,1775450819,3600,208.9319,Normal
337,1775450879,3600,194.3908,Normal
337,1775450939,3600,224.2805,Normal
337,1775450999,3600,229.8963,Normal
337,1775451059,3600,234.4543,Normal
337,1775451119,3600,224.0289,Normal
337,1775451179,3600,263.9586,Elevated
337,1775451239,3600,270.9898,Elevated
337,1775451299,3600,278.9804,Elevated
337,1775451359,3600,301.2555,High
337,1775451419,3600,277.9987,Elevated
337,1775451479,3600,305.4463,High
337,1775451539,3600,224.0913,Normal
337,1775451599,3600,182.5456,Normal
337,1775451659,3600,179.5135,Normal
337,1775451719,3600,144.1082,Normal
337,1775451779,3600,101.5538,Normal
337,1775451839,3600,117.7854,Normal
337,1775451899,3600,117.5424,Normal
337,1775451959,3600,161.5857,Normal
337,1775452019,3600,185.2236,Normal
337,1775452079,3600,146.9706,Normal
337,1775452139,3600,148.3504,Normal
337,1775452199,3600,175.8477,Normal
337,1775452259,3600,183.0904,Normal
337,1775452319,3600,231.4615,Normal
337,1775452379,3600,283.825,Elevated
337,1775452439,3600,303.1856,High
337,1775452499,3600,285.854,Elevated
337,1775452559,3600,285.5514,Elevated
337,1775452619,3600,258.0222,Elevated
337,1775452679,3600,283.6148,Elevated
337,1775452739,3600,282.6065,Elevated
337,1775452799,3600,293.8757,High
337,1775452859,3600,297.8748,High
337,1775452919,3600,296.6378,High
337,1775452979,3600,326.9026,High
337,1775453039,3600,322.8984,High
337,1775453099,3600,323.6373,High
337,1775453159,3600,299.7928,High
337,1775453219,3600,273.5025,Elevated
337,1775453279,3600,300.5742,High
337,1775453339,3600,302.6106,High
337,1775453399,3600,317.8208,High
337,1775453459,3600,320.0506,High
337,1775453519,3600,310.8384,High
337,1775453579,3600,370.4047,High
337,1775453639,3600,358.3719,High
337,1775453699,3600,343.9647,High
337,1775453759,3600,313.4914,High
337,1775453819,3600,355.6665,High
337,1775453879,3600,346.8802,High
337,1775453939,3600,346.9054,High
337,1775453999,3600,340.466,High
337,1775454059,3600,342.085,High
337,1775454119,3600,327.6184,High
337,1775454179,3600,306.326,High
337,1775454239,3600,275.6691,Elevated
337,1775454299,3600,285.536,Elevated
337,1775454359,3600,266.5315,Elevated
337,1775454419,3600,276.4141,Elevated
337,1775454479,3600,287.3997,Elevated
337,1775454539,3600,250.4906,Elevated
337,1775454599,3600,225.5799,Normal
337,1775454659,3600,254.5698,Elevated
337,1775454719,3600,325.3999,High
337,1775454779,3600,286.2383,Elevated
337,1775454839,3600,270.3459,Elevated
337,1775454899,3600,281.6081,Elevated
337,1775454959,3600,258.693,Elevated
337,1775455019,3600,278.5073,Elevated
337,1775455079,3600,244.959,Elevated
337,1775455139,3600,261.811,Elevated
337,1775455199,3600,270.0918,Elevated
337,1775455259,3600,246.4636,Elevated
337,1775455319,3600,258.9154,Elevated
337,1775455379,3600,298.4191,High
337,1775455439,3600,296.1739,High
337,1775455499,3600,258.7388,Elevated
337,1775455559,3600,235.6047,Normal
337,1775455619,3600,197.5136,Normal
337,1775455679,3600,185.381,Normal
337,1775455739,3600,230.9415,Normal
337,1775455799,3600,207.0917,Normal
337,1775455859,3600,144.0649,Normal
337,1775455919,3600,98.0425,Normal
337,1775455979,3600,38.6301,Normal
337,1775456039,3600,59.0948,Normal
337,1775456099,3600,72.9867,Normal
337,1775456159,3600,60.7397,Normal
337,1775456219,3600,81.4612,Normal
337,1775456279,3600,33.7025,Normal
337,1775456339,3600,51.3261,Normal
337,1775456399,3600,18.833,Normal
337,1775456459,3600,38.285,Normal
337,1775456519,3600,57.7937,Normal
337,1775456579,3600,52.9737,Normal
337,1775456639,3600,32.9222,Normal
337,1775456699,3600,43.1103,Normal
337,1775456759,3600,51.5741,Normal
337,1775456819,3600,28.8519,Normal
337,1775456879,3600,37.8926,Normal
337,1775456939,3600,40.8565,Normal
337,1775456999,3600,41.5596,Normal
337,1775457059,3600,39.7322,Normal
337,1775457119,3600,3.0056,Normal
337,1775457179,3600,76.8872,Normal
337,1775457239,3600,66.3608,Normal
337,1775457299,3600,71.6687,Normal
337,1775457359,3600,55.0727,Normal
337,1775457419,3600,109.4419,Normal
337,1775457479,3600,116.5787,Normal
337,1775457539,3600,115.4294,Normal
337,1775457599,3600,79.7726,Normal
337,1775457659,3600,90.7061,Normal
337,1775457719,3600,116.6079,Normal
337,1775457779,3600,93.8978,Normal
337,1775457839,3600,92.0507,Normal
337,1775457899,3600,76.0295,Normal
337,1775457959,3600,57.9149,Normal
337,1775458019,3600,65.3221,Normal
337,1775458079,3600,51.378,Normal
337,1775458139,3600,30.1622,Normal
337,1775458199,3600,19.1663,Normal
337,1775458259,3600,9.1157,Normal
337,1775458319,3600,52.9273,Normal
337,1775458379,3600,68.3899,Normal
337,1775458439,3600,53.1795,Normal
337,1775458499,3600,83.7928,Normal
337,1775458559,3600,94.1293,Normal
337,1775458619,3600,106.6069,Normal
337,1775458679,3600,103.8066,Normal
337,1775458739,3600,80.4248,Normal
337,1775458799,3600,39.297,Normal
337,1775458859,3600,8.6661,Normal
337,1775458919,3600,12.771,Normal
337,1775458979,3600,24.6994,Normal
337,1775459039,3600,9.2265,Normal
337,1775459099,3600,12.465,Normal
337,1775459159,3600,1.7773,Normal
337,1775459219,3600,51.4834,Normal
337,1775459279,3600,33.2768,Normal
337,1775459339,3600,8.8105,Normal
337,1775459399,3600,5.3534,Normal
337,1775459459,3600,44.5971,Normal
337,1775459519,3600,64.7768,Normal
337,1775459579,3600,64.5858,Normal
337,1775459639,3600,32.1914,Normal
337,1775459699,3600,52.8289,Normal
337,1775459759,3600,123.4553,Normal
337,1775459819,3600,104.9297,Normal
337,1775459879,3600,88.465,Normal
337,1775459939,3600,65.3338,Normal
337,1775459999,3600,110.6814,Normal
337,1775460059,3600,160.498,Normal
337,1775460119,3600,176.6225,Normal
337,1775460179,3600,202.6035,Normal
337,1775460239,3600,216.7649,Normal
337,1775460299,3600,208.3001,Normal
337,1775460359,3600,228.9338,Normal
337,1775460419,3600,248.4762,Elevated
337,1775460479,3600,231.1247,Normal
337,1775460539,3600,243.437,Elevated
337,1775460599,3600,215.3655,Normal
337,1775460659,3600,217.4577,Normal
337,1775460719,3600,226.7166,Normal
337,1775460779,3600,260.378,Elevated
337,1775460839,3600,270.0792,Elevated
337,1775460899,3600,246.478,Elevated
337,1775460959,3600,237.5827,Normal
337,1775461019,3600,233.632,Normal
337,1775461079,3600,214.4112,Normal
337,1775461139,3600,200.7403,Normal
337,1775461199,3600,173.5421,Normal
337,1775461259,3600,195.7114,Normal
337,1775461319,3600,218.2451,Normal
337,1775461379,3600,167.7719,Normal
337,1775461439,3600,159.4529,Normal
337,1775461499,3600,163.6136,Normal
337,1775461559,3600,161.9102,Normal
337,1775461619,3600,199.3827,Normal
337,1775461679,3600,198.503,Normal
337,1775461739,3600,230.5506,Normal
337,1775461799,3600,204.8445,Normal
337,1775461859,3600,235.1006,Normal
337,1775461919,3600,242.3356,Normal
337,1775461979,3600,265.5525,Elevated
337,1775462039,3600,287.0567,Elevated
337,1775462099,3600,329.886,High
337,1775462159,3600,330.9085,High
337,1775462219,3600,308.6945,High
337,1775462279,3600,327.8719,High
337,1775462339,3600,337.7166,High
337,1775462399,3600,319.9439,High
337,1775462459,3600,281.603,Elevated
337,1775462519,3600,281.8568,Elevated
337,1775462579,3600,276.1276,Elevated
337,1775462639,3600,252.593,Elevated
337,1775462699,3600,243.4701,Elevated
337,1775462759,3600,261.9422,Elevated
337,1775462819,3600,253.2004,Elevated
337,1775462879,3600,274.6724,Elevated
337,1775462939,3600,277.483,Elevated
337,1775462999,3600,311.0612,High
337,1775463059,3600,264.6273,Elevated
337,1775463119,3600,236.3835,Normal
337,1775463179,3600,255.3655,Elevated
337,1775463239,3600,217.3479,Normal
337,1775463299,3600,235.0338,Normal
337,1775463359,3600,165.5305,Normal
337,1775463419,3600,205.3584,Normal
337,1775463479,3600,206.1548,Normal
337,1775463539,3600,193.6045,Normal
337,1775463599,3600,173.7953,Normal
337,1775463659,3600,153.3091,Normal
337,1775463719,3600,146.5123,Normal
337,1775463779,3600,150.6208,Normal
337,1775463839,3600,136.2677,Normal
337,1775463899,3600,135.9933,Normal
337,1775463959,3600,123.6836,Normal
337,1775464019,3600,92.6742,Normal
337,1775464079,3600,76.5943,Normal
337,1775464139,3600,55.3342,Normal
337,1775464199,3600,92.1119,Normal
337,1775464259,3600,85.4209,Normal
337,1775464319,3600,25.7211,Normal
337,1775464379,3600,12.5513,Normal
337,1775464439,3600,0.9571,Normal
337,1775464499,3600,13.6862,Normal
337,1775464559,3600,3.652,Normal
337,1775464619,3600,1.0382,Normal
337,1775464679,3600,13.0103,Normal
337,1775464739,3600,10.727,Normal
337,1775464799,3600,44.1157,Normal
337,1775464859,3600,40.1535,Normal
337,1775464919,3600,12.4718,Normal
337,1775464979,3600,30.1507,Normal
337,1775465039,3600,25.353,Normal
337,1775465099,3600,37.5167,Normal
337,1775465159,3600,12.821,Normal
337,1775465219,3600,6.0334,Normal
337,1775465279,3600,5.1759,Normal
337,1775465339,3600,42.3036,Normal
337,1775465399,3600,26.8267,Normal
337,1775465459,3600,79.0272,Normal
337,1775465519,3600,121.8149,Normal
337,1775465579,3600,138.1767,Normal
337,1775465639,3600,175.4463,Normal
337,1775465699,3600,201.904,Normal
337,1775465759,3600,172.724,Normal
337,1775465819,3600,162.481,Normal
337,1775465879,3600,181.7838,Normal
337,1775465939,3600,160.5137,Normal
337,1775465999,3600,187.0224,Normal
337,1775466059,3600,173.0844,Normal
337,1775466119,3600,167.0737,Normal
337,1775466179,3600,118.5214,Normal
337,1775466239,3600,97.9886,Normal
337,1775466299,3600,83.4462,Normal
337,1775466359,3600,64.7775,Normal
337,1775466419,3600,71.207,Normal
337,1775466479,3600,88.5308,Normal
337,1775466539,3600,74.1106,Normal
337,1775466599,3600,98.0293,Normal
337,1775466659,3600,106.6462,Normal
337,1775466719,3600,95.9368,Normal
337,1775466779,3600,120.652,Normal
337,1775466839,3600,103.9628,Normal
337,1775466899,3600,122.9885,Normal
337,1775466959,3600,109.072,Normal
337,1775467019,3600,86.9107,Normal
337,1775467079,3600,71.2468,Normal
337,1775467139,3600,54.0484,Normal
337,1775467199,3600,28.6687,Normal
337,1775467259,3600,19.4706,Normal
337,1775467319,3600,12.2052,Normal
337,1775467379,3600,52.8637,Normal
337,1775467439,3600,46.0274,Normal
337,1775467499,3600,49.5599,Normal
337,1775467559,3600,15.6013,Normal
337,1775467619,3600,25.515,Normal
337,1775467679,3600,41.8601,Normal
337,1775467739,3600,41.6496,Normal
337,1775467799,3600,2.2147,Normal
337,1775467859,3600,14.3756,Normal
337,1775467919,3600,49.1311,Normal
337,1775467979,3600,22.3342,Normal
337,1775468039,3600,29.4385,Normal
337,1775468099,3600,58.4274,Normal
337,1775468159,3600,50.4075,Normal
337,1775468219,3600,41.6553,Normal
337,1775468279,3600,38.8138,Normal
337,1775468339,3600,2.4541,Normal
337,1775468399,3600,88.0103,Normal
337,1775468459,3600,96.0488,Normal
337,1775468519,3600,96.8789,Normal
337,1775468579,3600,73.1902,Normal
337,1775468639,3600,55.6032,Normal
337,1775468699,3600,116.2456,Normal
337,1775468759,3600,101.9653,Normal
337,1775468819,3600,134.1097,Normal
337,1775468879,3600,135.3075,Normal
337,1775468939,3600,154.7217,Normal
337,1775468999,3600,171.8471,Normal
337,1775469059,3600,167.1323,Normal
337,1775469119,3600,90.0337,Normal
337,1775469179,3600,88.1672,Normal
337,1775469239,3600,87.8281,Normal
337,1775469299,3600,55.8561,Normal
337,1775469359,3600,61.4932,Normal
337,1775469419,3600,81.6544,Normal
337,1775469479,3600,59.8029,Normal
337,1775469539,3600,110.0048,Normal
337,1775469599,3600,64.9499,Normal
337,1775469659,3600,50.0707,Normal
337,1775469719,3600,38.1089,Normal
337,1775469779,3600,58.0191,Normal
337,1775469839,3600,125.6643,Normal
337,1775469899,3600,145.9168,Normal
337,1775469959,3600,221.699,Normal
337,1775470019,3600,226.3023,Normal
337,1775470079,3600,233.1214,Normal
337,1775470139,3600,216.8359,Normal
337,1775470199,3600,206.5203,Normal
337,1775470259,3600,183.0041,Normal
337,1775470319,3600,154.1549,Normal
337,1775470379,3600,118.949,Normal
337,1775470439,3600,96.7968,Normal
337,1775470499,3600,117.2226,Normal
337,1775470559,3600,114.2415,Normal
337,1775470619,3600,155.4305,Normal
337,1775470679,3600,141.4788,Normal
337,1775470739,3600,147.1181,Normal
337,1775470799,3600,155.8477,Normal
337,1775470859,3600,161.1775,Normal
337,1775470919,3600,165.9941,Normal
337,1775470979,3600,126.3965,Normal
337,1775471039,3600,128.2855,Normal
337,1775471099,3600,119.3742,Normal
337,1775471159,3600,161.606,Normal
337,1775471219,3600,208.0901,Normal
337,1775471279,3600,189.1453,Normal
337,1775471339,3600,189.7342,Normal
337,1775471399,3600,183.932,Normal
337,1775471459,3600,193.2705,Normal
337,1775471519,3600,205.7552,Normal
337,1775471579,3600,177.2979,Normal
337,1775471639,3600,168.3921,Normal
337,1775471699,3600,178.4914,Normal
337,1775471759,3600,148.0345,Normal
337,1775471819,3600,144.7724,Normal
337,1775471879,3600,126.4763,Normal
337,1775471939,3600,79.6694,Normal
337,1775471999,3600,39.4679,Normal
337,1775472059,3600,60.1823,Normal
337,1775472119,3600,31.3497,Normal
337,1775472179,3600,17.6734,Normal
337,1775472239,3600,11.8033,Normal
337,1775472299,3600,17.0697,Normal
337,1775472359,3600,14.4798,Normal
337,1775472419,3600,11.4214,Normal
337,1775472479,3600,27.6805,Normal
337,1775472539,3600,17.8747,Normal
337,1775472599,3600,6.4552,Normal
337,1775472659,3600,8.6686,Normal
337,1775472719,3600,24.3969,Normal
337,1775472779,3600,34.4863,Normal
337,1775472839,3600,79.4747,Normal
337,1775472899,3600,34.6847,Normal
337,1775472959,3600,24.4172,Normal
337,1775473019,3600,44.5639,Normal
337,1775473079,3600,41.8768,Normal
337,1775473139,3600,101.5096,Normal
337,1775473199,3600,83.8533,Normal
337,1775473259,3600,58.5341,Normal
337,1775473319,3600,33.3429,Normal
337,1775473379,3600,12.2468,Normal
337,1775473439,3600,61.922,Normal
337,1775473499,3600,98.1401,Normal
337,1775473559,3600,147.0839,Normal
337,1775473619,3600,155.6668,Normal
337,1775473679,3600,175.9712,Normal
337,1775473739,3600,136.4208,Normal
337,1775473799,3600,122.7935,Normal
337,1775473859,3600,137.7954,Normal
337,1775473919,3600,146.7447,Normal
337,1775473979,3600,132.7546,Normal
337,1775474039,3600,95.3737,Normal
337,1775474099,3600,93.1003,Normal
337,1775474159,3600,130.977,Normal
337,1775474219,3600,135.6519,Normal
337,1775474279,3600,132.176,Normal
337,1775474339,3600,148.4669,Normal
337,1775474399,3600,148.8713,Normal
337,1775474459,3600,155.3973,Normal
337,1775474519,3600,124.905,Normal
337,1775474579,3600,83.7788,Normal
337,1775474639,3600,83.8029,Normal
337,1775474699,3600,65.9121,Normal
337,1775474759,3600,69.0514,Normal
337,1775474819,3600,52.4511,Normal
337,1775474879,3600,66.134,Normal
337,1775474939,3600,81.2275,Normal
337,1775474999,3600,74.6756,Normal
337,1775475059,3600,67.729,Normal
337,1775475119,3600,59.989,Normal
337,1775475179,3600,91.3937,Normal
337,1775475239,3600,43.9876,Normal
337,1775475299,3600,25.5215,Normal
337,1775475359,3600,37.3674,Normal
337,1775475419,3600,26.2788,Normal
337,1775475479,3600,21.5167,Normal
337,1775475539,3600,15.2189,Normal
337,1775475599,3600,48.9681,Normal
337,1775475659,3600,79.8131,Normal
337,1775475719,3600,49.5717,Normal
337,1775475779,3600,59.8473,Normal
337,1775475839,3600,39.1821,Normal
337,1775475899,3600,72.3986,Normal
337,1775475959,3600,53.713,Normal
337,1775476019,3600,80.9532,Normal
337,1775476079,3600,100.6841,Normal
337,1775476139,3600,124.2271,Normal
337,1775476199,3600,124.2599,Normal
337,1775476259,3600,122.1808,Normal
337,1775476319,3600,107.456,Normal
337,1775476379,3600,72.7433,Normal
337,1775476439,3600,69.514,Normal
337,1775476499,3600,75.3675,Normal
337,1775476559,3600,37.3363,Normal
337,1775476619,3600,25.0338,Normal
337,1775476679,3600,6.4362,Normal
337,1775476739,3600,30.7811,Normal
337,1775476799,3600,49.0531,Normal
337,1775476859,3600,17.2145,Normal
337,1775476919,3600,26.3333,Normal
337,1775476979,3600,32.4964,Normal
337,1775477039,3600,48.006,Normal
337,1775477099,3600,45.3757,Normal
337,1775477159,3600,9.11,Normal
337,1775477219,3600,16.249,Normal
337,1775477279,3600,26.8532,Normal
337,1775477339,3600,19.6202,Normal
337,1775477399,3600,5.9285,Normal
337,1775477459,3600,7.6506,Normal
337,1775477519,3600,56.0053,Normal
337,1775477579,3600,65.6209,Normal
337,1775477639,3600,22.0866,Normal
337,1775477699,3600,14.7941,Normal
337,1775477759,3600,55.9992,Normal
337,1775477819,3600,39.6628,Normal
337,1775477879,3600,9.9596,Normal
337,1775477939,3600,18.8354,Normal
337,1775477999,3600,49.8976,Normal
337,1775478059,3600,58.5228,Normal
337,1775478119,3600,17.5773,Normal
337,1775478179,3600,19.5125,Normal
337,1775478239,3600,35.7312,Normal
337,1775478299,3600,17.7025,Normal
337,1775478359,3600,30.8845,Normal
337,1775478419,3600,70.5732,Normal
337,1775478479,3600,63.6676,Normal
337,1775478539,3600,55.9479,Normal
337,1775478599,3600,54.3428,Normal
337,1775478659,3600,50.8042,Normal
337,1775478719,3600,90.5584,Normal
337,1775478779,3600,55.5134,Normal
337,1775478839,3600,93.0329,Normal
337,1775478899,3600,117.4269,Normal
337,1775478959,3600,139.8229,Normal
337,1775479019,3600,148.7147,Normal
337,1775479079,3600,148.0579,Normal
337,1775479139,3600,97.7855,Normal
337,1775479199,3600,68.7025,Normal
337,1775479259,3600,82.2153,Normal
337,1775479319,3600,96.359,Normal
337,1775479379,3600,121.2178,Normal
337,1775479439,3600,137.026,Normal
337,1775479499,3600,111.0676,Normal
337,1775479559,3600,102.3142,Normal
337,1775479619,3600,103.6054,Normal
337,1775479679,3600,77.8115,Normal
337,1775479739,3600,64.2995,Normal
337,1775479799,3600,114.3623,Normal
337,1775479859,3600,106.3186,Normal
337,1775479919,3600,92.3271,Normal
337,1775479979,3600,73.2848,Normal
337,1775480039,3600,47.691,Normal
337,1775480099,3600,82.9508,Normal
337,1775480159,3600,100.6837,Normal
337,1775480219,3600,134.998,Normal
337,1775480279,3600,153.2662,Normal
337,1775480339,3600,139.0664,Normal
337,1775480399,3600,158.6459,Normal
337,1775480459,3600,160.8164,Normal
337,1775480519,3600,131.6105,Normal
337,1775480579,3600,115.1969,Normal
337,1775480639,3600,78.4053,Normal
337,1775480699,3600,87.0641,Normal
337,1775480759,3600,137.1146,Normal
337,1775480819,3600,156.688,Normal
337,1775480879,3600,127.5383,Normal
337,1775480939,3600,129.7452,Normal
337,1775480999,3600,125.5231,Normal
337,1775481059,3600,139.7403,Normal
337,1775481119,3600,181.8863,Normal
337,1775481179,3600,163.3246,Normal
337,1775481239,3600,144.8101,Normal
337,1775481299,3600,118.4502,Normal
337,1775481359,3600,141.08,Normal
337,1775481419,3600,103.5623,Normal
337,1775481479,3600,51.6335,Normal
337,1775481539,3600,76.6115,Normal
337,1775481599,3600,101.8776,Normal
337,1775481659,3600,126.6322,Normal
337,1775481719,3600,37.2466,Normal
337,1775481779,3600,59.1983,Normal
337,1775481839,3600,51.6652,Normal
337,1775481899,3600,20.4353,Normal
337,1775481959,3600,20.3133,Normal
337,1775482019,3600,38.9129,Normal
337,1775482079,3600,11.7803,Normal
337,1775482139,3600,10.4796,Normal
337,1775482199,3600,31.7502,Normal
337,1775482259,3600,31.9262,Normal
337,1775482319,3600,44.5757,Normal
337,1775482379,3600,27.9743,Normal
337,1775482439,3600,2.4256,Normal
337,1775482499,3600,19.0671,Normal
337,1775482559,3600,1.795,Normal
337,1775482619,3600,8.9702,Normal
337,1775482679,3600,22.9527,Normal
337,1775482739,3600,56.9285,Normal
337,1775482799,3600,62.7328,Normal
337,1775482859,3600,111.0396,Normal
337,1775482919,3600,117.1912,Normal
337,1775482979,3600,87.6475,Normal
337,1775483039,3600,104.301,Normal
337,1775483099,3600,85.9228,Normal
337,1775483159,3600,154.1186,Normal
337,1775483219,3600,161.9822,Normal
337,1775483279,3600,181.2462,Normal
337,1775483339,3600,170.3616,Normal
337,1775483399,3600,89.7941,Normal
337,1775483459,3600,105.9723,Normal
337,1775483519,3600,134.6994,Normal
337,1775483579,3600,145.918,Normal
337,1775483639,3600,128.7649,Normal
337,1775483699,3600,86.9195,Normal
337,1775483759,3600,98.3436,Normal
337,1775483819,3600,86.9599,Normal
337,1775483879,3600,80.2922,Normal
337,1775483939,3600,78.5772,Normal
337,1775483999,3600,59.4955,Normal
337,1775484059,3600,72.5403,Normal
337,1775484119,3600,47.8991,Normal
337,1775484179,3600,54.3442,Normal
337,1775484239,3600,63.4631,Normal
337,1775484299,3600,25.8173,Normal
337,1775484359,3600,22.2119,Normal
337,1775484419,3600,45.6981,Normal
337,1775484479,3600,54.6509,Normal
337,1775484539,3600,69.6224,Normal
337,1775484599,3600,103.2518,Normal
337,1775484659,3600,102.1491,Normal
337,1775484719,3600,96.3465,Normal
337,1775484779,3600,139.7484,Normal
337,1775484839,3600,120.7545,Normal
337,1775484899,3600,170.548,Normal
337,1775484959,3600,127.6699,Normal
337,1775485019,3600,141.1539,Normal
337,1775485079,3600,144.2116,Normal
337,1775485139,3600,136.198,Normal
337,1775485199,3600,154.4724,Normal
337,1775485259,3600,127.4644,Normal
337,1775485319,3600,177.7862,Normal
337,1775485379,3600,152.3844,Normal
337,1775485439,3600,177.34,Normal
337,1775485499,3600,163.9742,Normal
337,1775485559,3600,154.5518,Normal
337,1775485619,3600,137.2263,Normal
337,1775485679,3600,112.9225,Normal
337,1775485739,3600,69.5186,Normal
337,1775485799,3600,61.2403,Normal
337,1775485859,3600,67.3829,Normal
337,1775485919,3600,16.8158,Normal
337,1775485979,3600,39.9459,Normal
337,1775486039,3600,83.3807,Normal
337,1775486099,3600,69.9898,Normal
337,1775486159,3600,2.2023,Normal
337,1775486219,3600,44.2045,Normal
337,1775486279,3600,34.4534,Normal
337,1775486339,3600,36.4141,Normal
337,1775486399,3600,32.2455,Normal
337,1775486459,3600,80.7823,Normal
337,1775486519,3600,103.3896,Normal
337,1775486579,3600,121.6269,Normal
337,1775486639,3600,130.0826,Normal
337,1775486699,3600,135.9114,Normal
337,1775486759,3600,141.8114,Normal
337,1775486819,3600,144.8786,Normal
337,1775486879,3600,82.7367,Normal
337,1775486939,3600,74.6566,Normal
337,1775486999,3600,33.6679,Normal
337,1775487059,3600,50.4158,Normal
337,1775487119,3600,83.9252,Normal
337,1775487179,3600,44.9606,Normal
337,1775487239,3600,47.444,Normal
337,1775487299,3600,90.5595,Normal
337,1775487359,3600,80.9914,Normal
337,1775487419,3600,98.5107,Normal
337,1775487479,3600,149.7594,Normal
337,1775487539,3600,112.858,Normal
337,1775487599,3600,71.4789,Normal
337,1775487659,3600,114.7433,Normal
337,1775487719,3600,83.6954,Normal
337,1775487779,3600,86.5629,Normal
337,1775487839,3600,68.7796,Normal
337,1775487899,3600,61.6534,Normal
337,1775487959,3600,59.9755,Normal
337,1775488019,3600,101.4552,Normal
337,1775488079,3600,128.2079,Normal
337,1775488139,3600,113.1779,Normal
337,1775488199,3600,99.0115,Normal
337,1775488259,3600,94.7777,Normal
337,1775488319,3600,120.8198,Normal
337,1775488379,3600,139.0119,Normal
337,1775488439,3600,120.145,Normal
337,1775488499,3600,117.3236,Normal
337,1775488559,3600,80.9022,Normal
337,1775488619,3600,74.9528,Normal
337,1775488679,3600,50.877,Normal
337,1775488739,3600,43.048,Normal
337,1775488799,3600,73.3011,Normal
337,1775488859,3600,63.2966,Normal
337,1775488919,3600,54.7118,Normal
337,1775488979,3600,51.022,Normal
337,1775489039,3600,59.5537,Normal
337,1775489099,3600,56.3362,Normal
337,1775489159,3600,71.8332,Normal
337,1775489219,3600,107.6234,Normal
337,1775489279,3600,81.085,Normal
337,1775489339,3600,31.9725,Normal
337,1775489399,3600,13.4496,Normal
337,1775489459,3600,5.6496,Normal
337,1775489519,3600,37.3304,Normal
337,1775489579,3600,13.9989,Normal
337,1775489639,3600,12.411,Normal
337,1775489699,3600,48.2369,Normal
337,1775489759,3600,75.0639,Normal
337,1775489819,3600,164.2051,Normal
337,1775489879,3600,152.093,Normal
337,1775489939,3600,115.7022,Normal
337,1775489999,3600,116.8284,Normal
337,1775490059,3600,126.1965,Normal
337,1775490119,3600,167.0982,Normal
337,1775490179,3600,167.3216,Normal
337,1775490239,3600,163.5729,Normal
337,1775490299,3600,166.4824,Normal
337,1775490359,3600,134.4116,Normal
337,1775490419,3600,174.8381,Normal
337,1775490479,3600,135.7482,Normal
337,1775490539,3600,142.064,Normal
337,1775490599,3600,137.2738,Normal
337,1775490659,3600,108.3963,Normal
337,1775490719,3600,95.7716,Normal
337,1775490779,3600,67.1644,Normal
337,1775490839,3600,77.0617,Normal
337,1775490899,3600,128.3007,Normal
337,1775490959,3600,98.5495,Normal
337,1775491019,3600,106.6745,Normal
337,1775491079,3600,131.5129,Normal
337,1775491139,3600,122.0355,Normal
337,1775491199,3600,113.1965,Normal
337,1775491259,3600,131.2928,Normal
337,1775491319,3600,103.737,Normal
337,1775491379,3600,129.3253,Normal
337,1775491439,3600,134.976,Normal
337,1775491499,3600,148.8683,Normal
337,1775491559,3600,112.3471,Normal
337,1775491619,3600,118.7226,Normal
337,1775491679,3600,139.7487,Normal
337,1775491739,3600,105.7871,Normal
337,1775491799,3600,109.8561,Normal
337,1775491859,3600,63.72,Normal
337,1775491919,3600,84.4451,Normal
337,1775491979,3600,68.9256,Normal
337,1775492039,3600,64.0023,Normal
337,1775492099,3600,35.3668,Normal
337,1775492159,3600,19.6295,Normal
337,1775492219,3600,4.1034,Normal
337,1775492279,3600,56.1905,Normal
337,1775492339,3600,109.341,Normal
337,1775492399,3600,119.7599,Normal
337,1775492459,3600,131.302,Normal
337,1775492519,3600,83.7909,Normal
337,1775492579,3600,93.0113,Normal
337,1775492639,3600,77.9815,Normal
337,1775492699,3600,66.1285,Normal
337,1775492759,3600,34.2173,Normal
337,1775492819,3600,2.7309,Normal
337,1775492879,3600,8.5583,Normal
337,1775492939,3600,9.3131,Normal
337,1775492999,3600,48.7994,Normal
337,1775493059,3600,63.8145,Normal
337,1775493119,3600,97.6374,Normal
337,1775493179,3600,58.6706,Normal
337,1775493239,3600,91.1241,Normal
337,1775493299,3600,131.0686,Normal
337,1775493359,3600,138.3883,Normal
337,1775493419,3600,181.1053,Normal
337,1775493479,3600,194.4825,Normal
337,1775493539,3600,189.2104,Normal
337,1775493599,3600,165.4175,Normal
337,1775493659,3600,181.7166,Normal
337,1775493719,3600,206.5323,Normal
337,1775493779,3600,228.9594,Normal
337,1775493839,3600,237.8498,Normal
337,1775493899,3600,226.4114,Normal
337,1775493959,3600,198.8571,Normal
337,1775494019,3600,223.0348,Normal
337,1775494079,3600,247.7492,Elevated
337,1775494139,3600,249.8651,Elevated
337,1775494199,3600,282.9935,Elevated
337,1775494259,3600,233.6883,Normal
337,1775494319,3600,228.7365,Normal
337,1775494379,3600,227.7544,Normal
337,1775494439,3600,211.0923,Normal
337,1775494499,3600,223.1314,Normal
337,1775494559,3600,194.4504,Normal
337,1775494619,3600,223.1964,Normal
337,1775494679,3600,218.1979,Normal
337,1775494739,3600,237.3929,Normal
337,1775494799,3600,266.179,Elevated
337,1775494859,3600,224.3594,Normal
337,1775494919,3600,201.7235,Normal
337,1775494979,3600,232.7565,Normal
337,1775495039,3600,232.492,Normal
337,1775495099,3600,226.7512,Normal
337,1775495159,3600,186.6559,Normal
337,1775495219,3600,207.2545,Normal
337,1775495279,3600,187.6633,Normal
337,1775495339,3600,173.2606,Normal
337,1775495399,3600,175.4386,Normal
337,1775495459,3600,102.5608,Normal
337,1775495519,3600,106.5408,Normal
337,1775495579,3600,92.3235,Normal
337,1775495639,3600,143.0889,Normal
337,1775495699,3600,113.2491,Normal
337,1775495759,3600,89.0934,Normal
337,1775495819,3600,107.2318,Normal
337,1775495879,3600,45.6023,Normal
337,1775495939,3600,55.5094,Normal
337,1775495999,3600,18.3187,Normal
337,1775496059,3600,3.3351,Normal
337,1775496119,3600,38.6772,Normal
337,1775496179,3600,16.9556,Normal
337,1775496239,3600,65.4992,Normal
337,1775496299,3600,75.9797,Normal
337,1775496359,3600,63.5354,Normal
337,1775496419,3600,28.1581,Normal
337,1775496479,3600,0.5205,Normal
337,1775496539,3600,45.6868,Normal
337,1775496599,3600,3.4634,Normal
337,1775496659,3600,16.9867,Normal
337,1775496719,3600,27.2279,Normal
337,1775496779,3600,2.9801,Normal
337,1775496839,3600,54.0481,Normal
337,1775496899,3600,79.2659,Normal
337,1775496959,3600,58.6048,Normal
337,1775497019,3600,68.3201,Normal
337,1775497079,3600,62.2707,Normal
337,1775497139,3600,43.689,Normal
337,1775497199,3600,13.9981,Normal
337,1775497259,3600,15.9858,Normal
337,1775497319,3600,47.4486,Normal
337,1775497379,3600,24.2038,Normal
337,1775497439,3600,20.3337,Normal
337,1775497499,3600,14.1979,Normal
337,1775497559,3600,25.5412,Normal
337,1775497619,3600,22.3933,Normal
337,1775497679,3600,9.3142,Normal
337,1775497739,3600,25.7095,Normal
337,1775497799,3600,31.1122,Normal
337,1775497859,3600,21.2281,Normal
337,1775497919,3600,10.5736,Normal
337,1775497979,3600,18.8275,Normal
337,1775498039,3600,12.1397,Normal
337,1775498099,3600,10.7759,Normal
337,1775498159,3600,7.9765,Normal
337,1775498219,3600,85.2557,Normal
337,1775498279,3600,86.9162,Normal
337,1775498339,3600,87.0505,Normal
337,1775498399,3600,90.409,Normal
337,1775498459,3600,20.9807,Normal
337,1775498519,3600,35.0414,Normal
337,1775498579,3600,20.4669,Normal
337,1775498639,3600,7.3838,Normal
337,1775498699,3600,13.7533,Normal
337,1775498759,3600,41.201,Normal
337,1775498819,3600,27.3942,Normal
337,1775498879,3600,41.8804,Normal
337,1775498939,3600,45.5331,Normal
337,1775498999,3600,48.785,Normal
337,1775499059,3600,84.3261,Normal
337,1775499119,3600,104.9249,Normal
337,1775499179,3600,126.2802,Normal
337,1775499239,3600,53.709,Normal
337,1775499299,3600,68.9974,Normal
337,1775499359,3600,110.9629,Normal
337,1775499419,3600,80.3316,Normal
337,1775499479,3600,89.3084,Normal
337,1775499539,3600,55.41,Normal
337,1775499599,3600,101.584,Normal
337,1775499659,3600,119.0911,Normal
337,1775499719,3600,105.2722,Normal
337,1775499779,3600,138.1953,Normal
337,1775499839,3600,83.0261,Normal
337,1775499899,3600,77.1784,Normal
337,1775499959,3600,75.2537,Normal
337,1775500019,3600,120.1366,Normal
337,1775500079,3600,129.0091,Normal
337,1775500139,3600,112.519,Normal
337,1775500199,3600,110.6672,Normal
337,1775500259,3600,136.6301,Normal
337,1775500319,3600,130.5111,Normal
337,1775500379,3600,163.7125,Normal
337,1775500439,3600,197.7891,Normal
337,1775500499,3600,211.0796,Normal
337,1775500559,3600,206.0413,Normal
337,1775500619,3600,206.9758,Normal
337,1775500679,3600,152.8854,Normal
337,1775500739,3600,107.2409,Normal
337,1775500799,3600,72.0274,Normal
337,1775500859,3600,73.87,Normal
337,1775500919,3600,48.7684,Normal
337,1775500979,3600,40.6216,Normal
337,1775501039,3600,68.3945,Normal
337,1775501099,3600,51.9031,Normal
337,1775501159,3600,86.8833,Normal
337,1775501219,3600,116.1994,Normal
337,1775501279,3600,143.6994,Normal
337,1775501339,3600,176.5746,Normal
337,1775501399,3600,172.1644,Normal
337,1775501459,3600,142.0703,Normal
337,1775501519,3600,77.5683,Normal
337,1775501579,3600,96.3592,Normal
337,1775501639,3600,92.3337,Normal
337,1775501699,3600,94.7796,Normal
337,1775501759,3600,76.3617,Normal
337,1775501819,3600,187.3286,Normal
337,1775501879,3600,186.7118,Normal
337,1775501939,3600,207.2352,Normal
337,1775501999,3600,212.3713,Normal
337,1775502059,3600,170.6705,Normal
337,1775502119,3600,176.8069,Normal
337,1775502179,3600,150.6664,Normal
337,1775502239,3600,142.6811,Normal
337,1775502299,3600,149.2537,Normal
337,1775502359,3600,142.9038,Normal
337,1775502419,3600,144.1389,Normal
337,1775502479,3600,191.0951,Normal
337,1775502539,3600,195.4202,Normal
337,1775502599,3600,232.1724,Normal
337,1775502659,3600,232.1114,Normal
337,1775502719,3600,232.5951,Normal
337,1775502779,3600,201.6091,Normal
337,1775502839,3600,214.6022,Normal
337,1775502899,3600,204.2182,Normal
337,1775502959,3600,178.4283,Normal
337,1775503019,3600,191.7752,Normal
337,1775503079,3600,229.559,Normal
337,1775503139,3600,210.8731,Normal
337,1775503199,3600,210.4114,Normal
337,1775503259,3600,237.3912,Normal
337,1775503319,3600,253.943,Elevated
337,1775503379,3600,231.3667,Normal
337,1775503439,3600,266.1262,Elevated
337,1775503499,3600,283.2047,Elevated
337,1775503559,3600,314.4672,High
337,1775503619,3600,295.7875,High
337,1775503679,3600,279.1954,Elevated
337,1775503739,3600,280.8617,Elevated
337,1775503799,3600,285.4065,Elevated
337,1775503859,3600,266.6933,Elevated
337,1775503919,3600,291.8657,High
337,1775503979,3600,296.463,High
337,1775504039,3600,284.8739,Elevated
337,1775504099,3600,310.2733,High
337,1775504159,3600,272.8293,Elevated
337,1775504219,3600,278.1488,Elevated
337,1775504279,3600,248.4891,Elevated
337,1775504339,3600,215.5924,Normal
337,1775504399,3600,216.6691,Normal
337,1775504459,3600,218.0423,Normal
337,1775504519,3600,237.8761,Normal
337,1775504579,3600,230.2793,Normal
337,1775504639,3600,186.5847,Normal
337,1775504699,3600,202.1755,Normal
337,1775504759,3600,167.2801,Normal
337,1775504819,3600,146.2021,Normal
337,1775504879,3600,135.6878,Normal
337,1775504939,3600,119.014,Normal
337,1775504999,3600,126.7136,Normal
337,1775505059,3600,124.1802,Normal
337,1775505119,3600,151.7466,Normal
337,1775505179,3600,155.3587,Normal
337,1775505239,3600,141.4675,Normal
337,1775505299,3600,150.3199,Normal
337,1775505359,3600,160.321,Normal
337,1775505419,3600,144.4104,Normal
337,1775505479,3600,129.5206,Normal
337,1775505539,3600,90.8609,Normal
337,1775505599,3600,89.4318,Normal
337,1775505659,3600,109.6418,Normal
337,1775505719,3600,136.0006,Normal
337,1775505779,3600,105.8937,Normal
337,1775505839,3600,72.0218,Normal
337,1775505899,3600,95.8075,Normal
337,1775505959,3600,78.3826,Normal
337,1775506019,3600,61.6378,Normal
337,1775506079,3600,9.7224,Normal
337,1775506139,3600,5.395,Normal
337,1775506199,3600,13.0118,Normal
337,1775506259,3600,43.8743,Normal
337,1775506319,3600,33.5242,Normal
337,1775506379,3600,23.1101,Normal
337,1775506439,3600,12.0585,Normal
337,1775506499,3600,10.6501,Normal
337,1775506559,3600,0.7448,Normal
337,1775506619,3600,8.5988,Normal
337,1775506679,3600,21.6756,Normal
337,1775506739,3600,20.1574,Normal
337,1775506799,3600,0.0425,Normal
337,1775506859,3600,21.3855,Normal
337,1775506919,3600,30.4619,Normal
337,1775506979,3600,53.0386,Normal
337,1775507039,3600,71.5446,Normal
337,1775507099,3600,145.5261,Normal
337,1775507159,3600,129.1176,Normal
337,1775507219,3600,109.2444,Normal
337,1775507279,3600,120.9308,Normal
337,1775507339,3600,135.635,Normal
337,1775507399,3600,132.7665,Normal
337,1775507459,3600,137.3424,Normal
337,1775507519,3600,161.4695,Normal
337,1775507579,3600,184.0692,Normal
337,1775507639,3600,182.7906,Normal
337,1775507699,3600,270.5959,Elevated
337,1775507759,3600,259.041,Elevated
337,1775507819,3600,234.3191,Normal
337,1775507879,3600,188.5005,Normal
337,1775507939,3600,154.209,Normal
337,1775507999,3600,174.8237,Normal
337,1775508059,3600,179.8481,Normal
337,1775508119,3600,219.6768,Normal
337,1775508179,3600,187.7954,Normal
337,1775508239,3600,166.2296,Normal
337,1775508299,3600,150.9135,Normal
337,1775508359,3600,126.1823,Normal
337,1775508419,3600,151.1132,Normal
337,1775508479,3600,177.1618,Normal
337,1775508539,3600,207.6547,Normal
337,1775508599,3600,218.7871,Normal
337,1775508659,3600,184.4955,Normal
337,1775508719,3600,194.2253,Normal
337,1775508779,3600,193.308,Normal
337,1775508839,3600,181.3549,Normal
337,1775508899,3600,216.1948,Normal
337,1775508959,3600,213.5133,Normal
337,1775509019,3600,243.519,Elevated
337,1775509079,3600,245.6389,Elevated
337,1775509139,3600,238.6279,Normal
337,1775509199,3600,253.3941,Elevated
337,1775509259,3600,281.0593,Elevated
337,1775509319,3600,301.859,High
337,1775509379,3600,269.6185,Elevated
337,1775509439,3600,253.0652,Elevated
337,1775509499,3600,287.024,Elevated
337,1775509559,3600,252.2277,Elevated
337,1775509619,3600,233.8993,Normal
337,1775509679,3600,250.41,Elevated
337,1775509739,3600,243.0582,Elevated
337,1775509799,3600,257.174,Elevated
337,1775509859,3600,303.6607,High
337,1775509919,3600,276.0653,Elevated
337,1775509979,3600,300.4781,High
337,1775510039,3600,306.1248,High
337,1775510099,3600,272.9576,Elevated
337,1775510159,3600,257.3762,Elevated
337,1775510219,3600,279.0505,Elevated
337,1775510279,3600,317.6004,High
337,1775510339,3600,302.7766,High
337,1775510399,3600,356.0699,High
337,1775510459,3600,351.8462,High
337,1775510519,3600,327.2443,High
337,1775510579,3600,315.2092,High
337,1775510639,3600,306.0677,High
337,1775510699,3600,239.3652,Normal
337,1775510759,3600,265.7644,Elevated
337,1775510819,3600,288.9276,High
337,1775510879,3600,258.0122,Elevated
337,1775510939,3600,266.1855,Elevated
337,1775510999,3600,293.9936,High
337,1775511059,3600,309.7563,High
337,1775511119,3600,362.0488,High
337,1775511179,3600,371.7272,High
337,1775511239,3600,343.6449,High
337,1775511299,3600,299.1242,High
337,1775511359,3600,280.6257,Elevated
337,1775511419,3600,300.0199,High
337,1775511479,3600,297.135,High
337,1775511539,3600,292.6866,High
337,1775511599,3600,273.217,Elevated
337,1775511659,3600,304.1023,High
337,1775511719,3600,298.0743,High
337,1775511779,3600,330.4627,High
337,1775511839,3600,325.1393,High
337,1775511899,3600,340.1906,High
337,1775511959,3600,321.6524,High
337,1775512019,3600,280.4661,Elevated
337,1775512079,3600,265.0284,Elevated
337,1775512139,3600,229.0931,Normal
337,1775512199,3600,263.1352,Elevated
337,1775512259,3600,298.0465,High
337,1775512319,3600,314.3397,High
337,1775512379,3600,293.5231,High
337,1775512439,3600,272.9709,Elevated
337,1775512499,3600,248.3383,Elevated
337,1775512559,3600,274.3374,Elevated
337,1775512619,3600,275.6048,Elevated
337,1775512679,3600,252.591,Elevated
337,1775512739,3600,236.1501,Normal
337,1775512799,3600,188.9305,Normal
337,1775512859,3600,143.1936,Normal
337,1775512919,3600,168.3482,Normal
337,1775512979,3600,169.951,Normal
337,1775513039,3600,182.4233,Normal
337,1775513099,3600,168.7401,Normal
337,1775513159,3600,199.3,Normal
337,1775513219,3600,220.3344,Normal
337,1775513279,3600,161.9768,Normal
337,1775513339,3600,138.0844,Normal
337,1775513399,3600,120.1268,Normal
337,1775513459,3600,95.4356,Normal
337,1775513519,3600,140.8338,Normal
337,1775513579,3600,100.3617,Normal
337,1775513639,3600,28.2402,Normal
337,1775513699,3600,49.5637,Normal
337,1775513759,3600,71.5378,Normal
337,1775513819,3600,47.0316,Normal
337,1775513879,3600,1.8001,Normal
337,1775513939,3600,24.6742,Normal
337,1775513999,3600,58.0957,Normal
337,1775514059,3600,51.5367,Normal
337,1775514119,3600,34.7339,Normal
337,1775514179,3600,30.4147,Normal
337,1775514239,3600,6.4918,Normal
337,1775514299,3600,7.2614,Normal
337,1775514359,3600,8.5346,Normal
337,1775514419,3600,16.2794,Normal
337,1775514479,3600,19.3902,Normal
337,1775514539,3600,32.5638,Normal
337,1775514599,3600,50.8288,Normal
337,1775514659,3600,106.0028,Normal
337,1775514719,3600,160.5991,Normal
337,1775514779,3600,163.7261,Normal
337,1775514839,3600,146.0909,Normal
337,1775514899,3600,132.5082,Normal
337,1775514959,3600,137.2052,Normal
337,1775515019,3600,163.8978,Normal
337,1775515079,3600,177.2029,Normal
337,1775515139,3600,175.2637,Normal
337,1775515199,3600,175.2513,Normal
337,1775515259,3600,163.3575,Normal
337,1775515319,3600,184.744,Normal
337,1775515379,3600,195.1831,Normal
337,1775515439,3600,186.1953,Normal
337,1775515499,3600,164.6152,Normal
337,1775515559,3600,160.1265,Normal
337,1775515619,3600,151.1148,Normal
337,1775515679,3600,165.1395,Normal
337,1775515739,3600,148.115,Normal
337,1775515799,3600,209.9366,Normal
337,1775515859,3600,254.1005,Elevated
337,1775515919,3600,270.5177,Elevated
337,1775515979,3600,215.2627,Normal
337,1775516039,3600,172.9839,Normal
337,1775516099,3600,199.1183,Normal
337,1775516159,3600,209.927,Normal
337,1775516219,3600,210.4098,Normal
337,1775516279,3600,182.9926,Normal
337,1775516339,3600,123.6978,Normal
337,1775516399,3600,69.3775,Normal
337,1775516459,3600,65.0469,Normal
337,1775516519,3600,85.0736,Normal
337,1775516579,3600,89.6576,Normal
337,1775516639,3600,118.2972,Normal
337,1775516699,3600,110.3355,Normal
337,1775516759,3600,120.5484,Normal
337,1775516819,3600,107.7477,Normal
337,1775516879,3600,54.2661,Normal
337,1775516939,3600,60.7431,Normal
337,1775516999,3600,54.5434,Normal
337,1775517059,3600,4.4905,Normal
337,1775517119,3600,3.8099,Normal
337,1775517179,3600,11.333,Normal
337,1775517239,3600,57.886,Normal
337,1775517299,3600,38.5475,Normal
337,1775517359,3600,50.2988,Normal
337,1775517419,3600,43.1653,Normal
337,1775517479,3600,70.1557,Normal
337,1775517539,3600,79.2283,Normal
337,1775517599,3600,109.0387,Normal
337,1775517659,3600,120.9328,Normal
337,1775517719,3600,119.9677,Normal
337,1775517779,3600,133.5476,Normal
337,1775517839,3600,114.7096,Normal
337,1775517899,3600,161.2765,Normal
337,1775517959,3600,145.0889,Normal
337,1775518019,3600,156.09,Normal
337,1775518079,3600,172.4231,Normal
337,1775518139,3600,177.9577,Normal
337,1775518199,3600,157.9674,Normal
337,1775518259,3600,164.106,Normal
337,1775518319,3600,164.2646,Normal
337,1775518379,3600,177.776,Normal
337,1775518439,3600,176.8422,Normal
337,1775518499,3600,183.2051,Normal
337,1775518559,3600,205.3473,Normal
337,1775518619,3600,229.9769,Normal
337,1775518679,3600,234.7087,Normal
337,1775518739,3600,239.5357,Normal
337,1775518799,3600,210.9211,Normal
337,1775518859,3600,152.0881,Normal
337,1775518919,3600,146.1517,Normal
337,1775518979,3600,142.432,Normal
337,1775519039,3600,146.6888,Normal
337,1775519099,3600,119.3659,Normal
337,1775519159,3600,164.2755,Normal
337,1775519219,3600,153.2029,Normal
337,1775519279,3600,167.1866,Normal
337,1775519339,3600,138.7102,Normal
337,1775519399,3600,193.5472,Normal
337,1775519459,3600,212.6221,Normal
337,1775519519,3600,204.7802,Normal
337,1775519579,3600,209.421,Normal
337,1775519639,3600,206.1497,Normal
337,1775519699,3600,258.1323,Elevated
337,1775519759,3600,228.4014,Normal
337,1775519819,3600,233.4469,Normal
337,1775519879,3600,199.4068,Normal
337,1775519939,3600,128.4756,Normal
337,1775519999,3600,111.0016,Normal
337,1775520059,3600,140.9547,Normal
337,1775520119,3600,119.1126,Normal
337,1775520179,3600,130.115,Normal
337,1775520239,3600,156.5925,Normal
337,1775520299,3600,136.4797,Normal
337,1775520359,3600,152.1389,Normal
337,1775520419,3600,115.4658,Normal
337,1775520479,3600,69.578,Normal
337,1775520539,3600,85.746,Normal
337,1775520599,3600,96.2823,Normal
337,1775520659,3600,46.1503,Normal
337,1775520719,3600,70.3238,Normal
337,1775520779,3600,43.1161,Normal
337,1775520839,3600,28.5016,Normal
337,1775520899,3600,42.4793,Normal
337,1775520959,3600,36.088,Normal
337,1775521019,3600,69.3515,Normal
337,1775521079,3600,76.1058,Normal
337,1775521139,3600,82.6883,Normal
337,1775521199,3600,70.729,Normal
337,1775521259,3600,65.7099,Normal
337,1775521319,3600,74.8858,Normal
337,1775521379,3600,58.2889,Normal
337,1775521439,3600,72.0406,Normal
337,1775521499,3600,27.75,Normal
337,1775521559,3600,63.2665,Normal
337,1775521619,3600,12.7579,Normal
337,1775521679,3600,1.3016,Normal
337,1775521739,3600,35.0943,Normal
337,1775521799,3600,42.8911,Normal
337,1775521859,3600,39.6787,Normal
337,1775521919,3600,28.3032,Normal
337,1775521979,3600,27.7259,Normal
337,1775522039,3600,61.3404,Normal
337,1775522099,3600,115.9009,Normal
337,1775522159,3600,146.0925,Normal
337,1775522219,3600,122.5275,Normal
337,1775522279,3600,103.7598,Normal
337,1775522339,3600,95.1851,Normal
337,1775522399,3600,33.254,Normal
337,1775522459,3600,36.1667,Normal
337,1775522519,3600,30.8161,Normal
337,1775522579,3600,39.5245,Normal
337,1775522639,3600,52.9529,Normal
337,1775522699,3600,71.4278,Normal
337,1775522759,3600,94.96,Normal
337,1775522819,3600,86.0206,Normal
337,1775522879,3600,101.631,Normal
337,1775522939,3600,67.6837,Normal
337,1775522999,3600,94.2699,Normal
337,1775523059,3600,98.3993,Normal
337,1775523119,3600,127.2123,Normal
337,1775523179,3600,185.7047,Normal
337,1775523239,3600,191.3549,Normal
337,1775523299,3600,193.1597,Normal
337,1775523359,3600,160.8341,Normal
337,1775523419,3600,144.2164,Normal
337,1775523479,3600,90.1221,Normal
337,1775523539,3600,62.4995,Normal
337,1775523599,3600,55.9007,Normal
337,1775523659,3600,71.2565,Normal
337,1775523719,3600,59.1977,Normal
337,1775523779,3600,83.0319,Normal
337,1775523839,3600,88.8115,Normal
337,1775523899,3600,67.8967,Normal
337,1775523959,3600,102.9803,Normal
337,1775524019,3600,79.8811,Normal
337,1775524079,3600,78.0816,Normal
337,1775524139,3600,54.0458,Normal
337,1775524199,3600,28.7085,Normal
337,1775524259,3600,22.5236,Normal
337,1775524319,3600,95.2389,Normal
337,1775524379,3600,57.7815,Normal
337,1775524439,3600,104.8798,Normal
337,1775524499,3600,91.2298,Normal
337,1775524559,3600,91.4961,Normal
337,1775524619,3600,92.7702,Normal
337,1775524679,3600,64.0584,Normal
337,1775524739,3600,92.1665,Normal
337,1775524799,3600,102.914,Normal
337,1775524859,3600,113.8103,Normal
337,1775524919,3600,87.7822,Normal
337,1775524979,3600,113.2141,Normal
337,1775525039,3600,153.986,Normal
337,1775525099,3600,116.6214,Normal
337,1775525159,3600,135.9097,Normal
337,1775525219,3600,102.3984,Normal
337,1775525279,3600,98.4204,Normal
337,1775525339,3600,63.419,Normal
337,1775525399,3600,44.1026,Normal
337,1775525459,3600,8.8222,Normal
337,1775525519,3600,28.8459,Normal
337,1775525579,3600,22.7944,Normal
337,1775525639,3600,45.613,Normal
337,1775525699,3600,91.8507,Normal
337,1775525759,3600,138.1528,Normal
337,1775525819,3600,108.7158,Normal
337,1775525879,3600,92.4567,Normal
337,1775525939,3600,89.5071,Normal
337,1775525999,3600,16.3043,Normal
337,1775526059,3600,32.1341,Normal
337,1775526119,3600,73.1893,Normal
337,1775526179,3600,80.2989,Normal
337,1775526239,3600,74.8458,Normal
337,1775526299,3600,106.5505,Normal
337,1775526359,3600,116.5256,Normal
337,1775526419,3600,115.9087,Normal
337,1775526479,3600,80.961,Normal
337,1775526539,3600,64.0597,Normal
337,1775526599,3600,79.7715,Normal
337,1775526659,3600,96.739,Normal
337,1775526719,3600,161.8984,Normal
337,1775526779,3600,180.231,Normal
337,1775526839,3600,165.5984,Normal
337,1775526899,3600,127.7298,Normal
337,1775526959,3600,96.5687,Normal
337,1775527019,3600,55.8958,Normal
337,1775527079,3600,59.2901,Normal
337,1775527139,3600,115.196,Normal
337,1775527199,3600,89.0847,Normal
337,1775527259,3600,100.124,Normal
337,1775527319,3600,122.4792,Normal
337,1775527379,3600,120.359,Normal
337,1775527439,3600,109.3567,Normal
337,1775527499,3600,116.3733,Normal
337,1775527559,3600,108.9163,Normal
337,1775527619,3600,107.7374,Normal
337,1775527679,3600,136.3607,Normal
337,1775527739,3600,146.2107,Normal
337,1775527799,3600,122.6283,Normal
337,1775527859,3600,142.635,Normal
337,1775527919,3600,193.3359,Normal
337,1775527979,3600,198.7415,Normal
337,1775528039,3600,259.0347,Elevated
337,1775528099,3600,269.0612,Elevated
337,1775528159,3600,292.6357,High
337,1775528219,3600,306.5648,High
337,1775528279,3600,268.0626,Elevated
337,1775528339,3600,298.6291,High
337,1775528399,3600,312.0078,High
337,1775528459,3600,300.6212,High
337,1775528519,3600,272.4081,Elevated
337,1775528579,3600,289.2148,High
337,1775528639,3600,297.6581,High
337,1775528699,3600,287.9039,Elevated
337,1775528759,3600,269.8929,Elevated
337,1775528819,3600,254.6494,Elevated
337,1775528879,3600,237.038,Normal
337,1775528939,3600,218.3242,Normal
337,1775528999,3600,193.8973,Normal
337,1775529059,3600,161.3527,Normal
337,1775529119,3600,93.0242,Normal
337,1775529179,3600,104.8511,Normal
337,1775529239,3600,104.6626,Normal
337,1775529299,3600,107.454,Normal
337,1775529359,3600,63.3266,Normal
337,1775529419,3600,71.6236,Normal
337,1775529479,3600,98.6113,Normal
337,1775529539,3600,56.0949,Normal
337,1775529599,3600,96.559,Normal
337,1775529659,3600,66.3602,Normal
337,1775529719,3600,23.1199,Normal
337,1775529779,3600,26.5196,Normal
337,1775529839,3600,16.1821,Normal
337,1775529899,3600,21.2276,Normal
337,1775529959,3600,3.3536,Normal
337,1775530019,3600,47.0855,Normal
337,1775530079,3600,34.8595,Normal
337,1775530139,3600,14.1019,Normal
337,1775530199,3600,2.5253,Normal
337,1775530259,3600,21.7203,Normal
337,1775530319,3600,65.3581,Normal
337,1775530379,3600,48.4359,Normal
337,1775530439,3600,21.3193,Normal
337,1775530499,3600,25.2109,Normal
337,1775530559,3600,2.1496,Normal
337,1775530619,3600,35.1345,Normal
337,1775530679,3600,2.8043,Normal
337,1775530739,3600,65.4478,Normal
337,1775530799,3600,24.4405,Normal
337,1775530859,3600,43.3294,Normal
337,1775530919,3600,80.4972,Normal
337,1775530979,3600,33.5549,Normal
337,1775531039,3600,2.0406,Normal
337,1775531099,3600,20.0496,Normal
337,1775531159,3600,5.7646,Normal
337,1775531219,3600,25.557,Normal
337,1775531279,3600,37.8353,Normal
337,1775531339,3600,24.7871,Normal
337,1775531399,3600,33.5385,Normal
337,1775531459,3600,28.4935,Normal
337,1775531519,3600,22.7505,Normal
337,1775531579,3600,2.0711,Normal
337,1775531639,3600,21.4946,Normal
337,1775531699,3600,22.3314,Normal
337,1775531759,3600,27.6648,Normal
337,1775531819,3600,87.8454,Normal
337,1775531879,3600,72.7956,Normal
337,1775531939,3600,65.9006,Normal
337,1775531999,3600,55.8454,Normal
337,1775532059,3600,37.4938,Normal
337,1775532119,3600,60.5047,Normal
337,1775532179,3600,66.8448,Normal
337,1775532239,3600,73.8018,Normal
337,1775532299,3600,96.0142,Normal
337,1775532359,3600,84.9943,Normal
337,1775532419,3600,112.161,Normal
337,1775532479,3600,111.3253,Normal
337,1775532539,3600,66.9844,Normal
337,1775532599,3600,48.4196,Normal
337,1775532659,3600,52.2253,Normal
337,1775532719,3600,37.1669,Normal
337,1775532779,3600,61.6908,Normal
337,1775532839,3600,25.7937,Normal
337,1775532899,3600,33.9833,Normal
337,1775532959,3600,25.359,Normal
337,1775533019,3600,39.9995,Normal
337,1775533079,3600,95.819,Normal
337,1775533139,3600,93.1704,Normal
337,1775533199,3600,108.9937,Normal
337,1775533259,3600,44.1113,Normal
337,1775533319,3600,17.3102,Normal
337,1775533379,3600,12.7104,Normal
337,1775533439,3600,9.1414,Normal
337,1775533499,3600,13.4515,Normal
337,1775533559,3600,22.2544,Normal
337,1775533619,3600,62.5362,Normal
337,1775533679,3600,77.9993,Normal
337,1775533739,3600,48.7638,Normal
337,1775533799,3600,26.206,Normal
337,1775533859,3600,7.1946,Normal
337,1775533919,3600,8.6015,Normal
337,1775533979,3600,25.5671,Normal
337,1775534039,3600,41.4304,Normal
337,1775534099,3600,48.0287,Normal
337,1775534159,3600,70.1325,Normal
337,1775534219,3600,67.0952,Normal
337,1775534279,3600,53.1414,Normal
337,1775534339,3600,9.532,Normal
337,1775534399,3600,54.8536,Normal
337,1775534459,3600,12.9847,Normal
337,1775534519,3600,45.528,Normal
337,1775534579,3600,10.0951,Normal
337,1775534639,3600,41.8136,Normal
337,1775534699,3600,43.3966,Normal
337,1775534759,3600,80.4965,Normal
337,1775534819,3600,112.097,Normal
337,1775534879,3600,115.6031,Normal
337,1775534939,3600,126.0949,Normal
337,1775534999,3600,184.4139,Normal
337,1775535059,3600,214.7602,Normal
337,1775535119,3600,220.4307,Normal
337,1775535179,3600,206.3933,Normal
337,1775535239,3600,221.8652,Normal
337,1775535299,3600,250.181,Elevated
337,1775535359,3600,301.9302,High
337,1775535419,3600,230.0875,Normal
337,1775535479,3600,238.4689,Normal
337,1775535539,3600,222.2173,Normal
337,1775535599,3600,223.4736,Normal
337,1775535659,3600,210.3702,Normal
337,1775535719,3600,153.9107,Normal
337,1775535779,3600,147.486,Normal
337,1775535839,3600,153.9165,Normal
337,1775535899,3600,132.7948,Normal
337,1775535959,3600,127.4794,Normal
337,1775536019,3600,68.8726,Normal
337,1775536079,3600,41.2457,Normal
337,1775536139,3600,65.8932,Normal
337,1775536199,3600,32.9213,Normal
337,1775536259,3600,20.2137,Normal
337,1775536319,3600,25.3295,Normal
337,1775536379,3600,40.2923,Normal
337,1775536439,3600,65.6249,Normal
337,1775536499,3600,93.6444,Normal
337,1775536559,3600,75.4582,Normal
337,1775536619,3600,60.718,Normal
337,1775536679,3600,41.6668,Normal
337,1775536739,3600,44.6508,Normal
337,1775536799,3600,34.2073,Normal
337,1775536859,3600,5.8485,Normal
337,1775536919,3600,19.665,Normal
337,1775536979,3600,31.8903,Normal
337,1775537039,3600,30.8111,Normal
337,1775537099,3600,16.6948,Normal
337,1775537159,3600,11.0546,Normal
337,1775537219,3600,75.6025,Normal
337,1775537279,3600,110.7511,Normal
337,1775537339,3600,122.6986,Normal
337,1775537399,3600,130.7041,Normal
337,1775537459,3600,102.633,Normal
337,1775537519,3600,89.8071,Normal
337,1775537579,3600,81.7133,Normal
337,1775537639,3600,67.8586,Normal
337,1775537699,3600,43.3845,Normal
337,1775537759,3600,24.1517,Normal
337,1775537819,3600,66.0024,Normal
337,1775537879,3600,101.8096,Normal
337,1775537939,3600,158.8864,Normal
337,1775537999,3600,103.135,Normal
337,1775538059,3600,147.5446,Normal
337,1775538119,3600,164.4325,Normal
337,1775538179,3600,143.1978,Normal
337,1775538239,3600,142.0752,Normal
337,1775538299,3600,100.3299,Normal
337,1775538359,3600,38.831,Normal
337,1775538419,3600,37.6393,Normal
337,1775538479,3600,35.8068,Normal
337,1775538539,3600,54.2956,Normal
337,1775538599,3600,0.6883,Normal
337,1775538659,3600,24.2026,Normal
337,1775538719,3600,43.328,Normal
337,1775538779,3600,11.5988,Normal
337,1775538839,3600,32.6655,Normal
337,1775538899,3600,34.6357,Normal
337,1775538959,3600,77.0119,Normal
337,1775539019,3600,19.6917,Normal
337,1775539079,3600,14.9554,Normal
337,1775539139,3600,46.4371,Normal
337,1775539199,3600,44.8851,Normal
337,1775539259,3600,60.5064,Normal
337,1775539319,3600,114.1277,Normal
337,1775539379,3600,121.3178,Normal
337,1775539439,3600,84.8085,Normal
337,1775539499,3600,93.0998,Normal
337,1775539559,3600,123.4492,Normal
337,1775539619,3600,132.8988,Normal
337,1775539679,3600,156.938,Normal
337,1775539739,3600,152.0787,Normal
337,1775539799,3600,194.1768,Normal
337,1775539859,3600,196.2578,Normal
337,1775539919,3600,200.846,Normal
337,1775539979,3600,173.1021,Normal
337,1775540039,3600,126.549,Normal
337,1775540099,3600,110.5266,Normal
337,1775540159,3600,122.623,Normal
337,1775540219,3600,107.9245,Normal
337,1775540279,3600,79.3019,Normal
337,1775540339,3600,136.2399,Normal
337,1775540399,3600,126.316,Normal
337,1775540459,3600,170.4027,Normal
337,1775540519,3600,173.5178,Normal
337,1775540579,3600,181.5309,Normal
337,1775540639,3600,189.9716,Normal
337,1775540699,3600,218.972,Normal
337,1775540759,3600,220.0309,Normal
337,1775540819,3600,177.0454,Normal
337,1775540879,3600,114.5477,Normal
337,1775540939,3600,74.824,Normal
337,1775540999,3600,53.1113,Normal
337,1775541059,3600,52.7327,Normal
337,1775541119,3600,51.6015,Normal
337,1775541179,3600,39.3209,Normal
337,1775541239,3600,37.7419,Normal
337,1775541299,3600,64.2711,Normal
337,1775541359,3600,66.5543,Normal
337,1775541419,3600,84.8351,Normal
337,1775541479,3600,51.2117,Normal
337,1775541539,3600,31.9652,Normal
337,1775541599,3600,54.9948,Normal
337,1775541659,3600,91.3448,Normal
337,1775541719,3600,95.3293,Normal
337,1775541779,3600,137.2045,Normal
337,1775541839,3600,109.1696,Normal
337,1775541899,3600,125.579,Normal
337,1775541959,3600,144.182,Normal
337,1775542019,3600,139.88,Normal
337,1775542079,3600,165.6349,Normal
337,1775542139,3600,137.48,Normal
337,1775542199,3600,151.633,Normal
337,1775542259,3600,146.4523,Normal
337,1775542319,3600,157.3536,Normal
337,1775542379,3600,122.306,Normal
337,1775542439,3600,107.611,Normal
337,1775542499,3600,118.3035,Normal
337,1775542559,3600,126.0142,Normal
337,1775542619,3600,109.4668,Normal
337,1775542679,3600,74.5065,Normal
337,1775542739,3600,70.3014,Normal
337,1775542799,3600,102.7913,Normal
337,1775542859,3600,120.3994,Normal
337,1775542919,3600,122.6173,Normal
337,1775542979,3600,93.0935,Normal
337,1775543039,3600,65.7977,Normal
337,1775543099,3600,64.7639,Normal
337,1775543159,3600,52.9983,Normal
337,1775543219,3600,38.1561,Normal
337,1775543279,3600,13.8403,Normal
337,1775543339,3600,62.2524,Normal
337,1775543399,3600,26.8571,Normal
337,1775543459,3600,27.8954,Normal
337,1775543519,3600,34.2945,Normal
337,1775543579,3600,37.957,Normal
337,1775543639,3600,80.989,Normal
337,1775543699,3600,82.1523,Normal
337,1775543759,3600,102.079,Normal
337,1775543819,3600,126.6624,Normal
337,1775543879,3600,121.5219,Normal
337,1775543939,3600,100.0014,Normal
337,1775543999,3600,96.5047,Normal
337,1775544059,3600,74.8598,Normal
337,1775544119,3600,77.0268,Normal
337,1775544179,3600,72.4942,Normal
337,1775544239,3600,37.4967,Normal
337,1775544299,3600,0.0968,Normal
337,1775544359,3600,21.8394,Normal
337,1775544419,3600,41.039,Normal
337,1775544479,3600,66.6049,Normal
337,1775544539,3600,111.2244,Normal
337,1775544599,3600,130.9831,Normal
337,1775544659,3600,119.5449,Normal
337,1775544719,3600,141.0955,Normal
337,1775544779,3600,139.7107,Normal
337,1775544839,3600,127.6458,Normal
337,1775544899,3600,135.492,Normal
337,1775544959,3600,128.2201,Normal
337,1775545019,3600,72.4417,Normal
337,1775545079,3600,90.8777,Normal
337,1775545139,3600,101.7366,Normal
337,1775545199,3600,131.0648,Normal
337,1775545259,3600,117.5959,Normal
337,1775545319,3600,112.5959,Normal
337,1775545379,3600,95.6749,Normal
337,1775545439,3600,137.7075,Normal
337,1775545499,3600,169.596,Normal
337,1775545559,3600,171.175,Normal
337,1775545619,3600,171.9883,Normal
337,1775545679,3600,189.8081,Normal
337,1775545739,3600,216.2779,Normal
337,1775545799,3600,233.3155,Normal
337,1775545859,3600,243.9257,Elevated
337,1775545919,3600,262.2285,Elevated
337,1775545979,3600,285.7435,Elevated
337,1775546039,3600,336.034,High
337,1775546099,3600,331.0928,High
337,1775546159,3600,338.1311,High
337,1775546219,3600,330.0466,High
337,1775546279,3600,330.1795,High
337,1775546339,3600,332.4646,High
337,1775546399,3600,292.3432,High
337,1775546459,3600,296.7675,High
337,1775546519,3600,272.6164,Elevated
337,1775546579,3600,281.3416,Elevated
337,1775546639,3600,344.5607,High
337,1775546699,3600,356.9196,High
337,1775546759,3600,348.8502,High
337,1775546819,3600,369.3376,High
337,1775546879,3600,403.9806,Very High
337,1775546939,3600,391.4355,Very High
337,1775546999,3600,420.0935,Very High
337,1775547059,3600,411.8496,Very High
337,1775547119,3600,384.4952,Very High
337,1775547179,3600,403.7787,Very High
337,1775547239,3600,383.3569,Very High
337,1775547299,3600,399.2096,Very High
337,1775547359,3600,368.2298,High
337,1775547419,3600,317.1406,High
337,1775547479,3600,346.9889,High
337,1775547539,3600,342.3973,High
337,1775547599,3600,334.7477,High
337,1775547659,3600,311.3066,High
337,1775547719,3600,275.987,Elevated
337,1775547779,3600,264.6151,Elevated
337,1775547839,3600,269.4425,Elevated
337,1775547899,3600,305.1573,High
337,1775547959,3600,262.6414,Elevated
337,1775548019,3600,234.2512,Normal
337,1775548079,3600,224.9336,Normal
337,1775548139,3600,213.2028,Normal
337,1775548199,3600,207.0777,Normal
337,1775548259,3600,214.2255,Normal
337,1775548319,3600,220.8425,Normal
337,1775548379,3600,206.8152,Normal
337,1775548439,3600,242.3573,Normal
337,1775548499,3600,233.2101,Normal
337,1775548559,3600,233.4531,Normal
337,1775548619,3600,215.8583,Normal
337,1775548679,3600,222.7906,Normal
337,1775548739,3600,198.2948,Normal
337,1775548799,3600,195.9958,Normal
337,1775548859,3600,198.12,Normal
337,1775548919,3600,220.5396,Normal
337,1775548979,3600,181.4862,Normal
337,1775549039,3600,165.9233,Normal
337,1775549099,3600,121.173,Normal
337,1775549159,3600,118.74,Normal
337,1775549219,3600,105.6481,Normal
337,1775549279,3600,81.7339,Normal
337,1775549339,3600,51.0027,Normal
337,1775549399,3600,46.8359,Normal
337,1775549459,3600,23.1484,Normal
337,1775549519,3600,34.203,Normal
337,1775549579,3600,28.2297,Normal
337,1775549639,3600,20.5523,Normal
337,1775549699,3600,2.3841,Normal
337,1775549759,3600,16.2738,Normal
337,1775549819,3600,20.7259,Normal
337,1775549879,3600,55.0026,Normal
337,1775549939,3600,64.9892,Normal
337,1775549999,3600,46.605,Normal
337,1775550059,3600,93.0654,Normal
337,1775550119,3600,125.9324,Normal
337,1775550179,3600,124.4898,Normal
337,1775550239,3600,150.6303,Normal
337,1775550299,3600,166.5475,Normal
337,1775550359,3600,177.4028,Normal
337,1775550419,3600,190.5138,Normal
337,1775550479,3600,231.5099,Normal
337,1775550539,3600,244.6641,Elevated
337,1775550599,3600,252.0468,Elevated
337,1775550659,3600,236.7281,Normal
337,1775550719,3600,243.6518,Elevated
337,1775550779,3600,292.9155,High
337,1775550839,3600,287.9209,Elevated
337,1775550899,3600,326.7489,High
337,1775550959,3600,348.0207,High
337,1775551019,3600,270.4075,Elevated
337,1775551079,3600,267.8718,Elevated
337,1775551139,3600,221.4356,Normal
337,1775551199,3600,187.7402,Normal
337,1775551259,3600,205.7604,Normal
337,1775551319,3600,179.0902,Normal
337,1775551379,3600,174.2565,Normal
337,1775551439,3600,127.0397,Normal
337,1775551499,3600,128.6583,Normal
337,1775551559,3600,116.4978,Normal
337,1775551619,3600,93.5377,Normal
337,1775551679,3600,69.1562,Normal
337,1775551739,3600,66.5699,Normal
337,1775551799,3600,42.0898,Normal
337,1775551859,3600,47.1031,Normal
337,1775551919,3600,55.3362,Normal
337,1775551979,3600,55.0953,Normal
337,1775552039,3600,67.3483,Normal
337,1775552099,3600,93.3989,Normal
337,1775552159,3600,52.4358,Normal
337,1775552219,3600,23.0223,Normal
337,1775552279,3600,43.4472,Normal
337,1775552339,3600,30.9247,Normal
337,1775552399,3600,58.443,Normal
337,1775552459,3600,42.9527,Normal
337,1775552519,3600,35.7433,Normal
337,1775552579,3600,23.0622,Normal
337,1775552639,3600,68.0407,Normal
337,1775552699,3600,71.1093,Normal
337,1775552759,3600,50.1531,Normal
337,1775552819,3600,39.6918,Normal
337,1775552879,3600,27.1811,Normal
337,1775552939,3600,5.0573,Normal
337,1775552999,3600,16.6305,Normal
337,1775553059,3600,3.0203,Normal
337,1775553119,3600,20.3024,Normal
337,1775553179,3600,12.5085,Normal
337,1775553239,3600,3.34,Normal
337,1775553299,3600,11.6856,Normal
337,1775553359,3600,19.0082,Normal
337,1775553419,3600,9.332,Normal
337,1775553479,3600,75.1193,Normal
337,1775553539,3600,69.7252,Normal
337,1775553599,3600,28.6997,Normal
337,1775553659,3600,46.8284,Normal
337,1775553719,3600,81.6861,Normal
337,1775553779,3600,65.7358,Normal
337,1775553839,3600,87.6266,Normal
337,1775553899,3600,75.683,Normal
337,1775553959,3600,98.142,Normal
337,1775554019,3600,105.4234,Normal
337,1775554079,3600,151.6577,Normal
337,1775554139,3600,116.4755,Normal
337,1775554199,3600,113.7166,Normal
337,1775554259,3600,69.3736,Normal
337,1775554319,3600,90.0255,Normal
337,1775554379,3600,136.5627,Normal
337,1775554439,3600,153.4742,Normal
337,1775554499,3600,163.3646,Normal
337,1775554559,3600,204.2376,Normal
337,1775554619,3600,176.8024,Normal
337,1775554679,3600,181.9996,Normal
337,1775554739,3600,185.6694,Normal
337,1775554799,3600,155.8043,Normal
337,1775554859,3600,185.4573,Normal
337,1775554919,3600,192.0668,Normal
337,1775554979,3600,221.4152,Normal
337,1775555039,3600,200.6501,Normal
337,1775555099,3600,189.4598,Normal
337,1775555159,3600,217.7499,Normal
337,1775555219,3600,207.4142,Normal
337,1775555279,3600,213.0393,Normal
337,1775555339,3600,184.0004,Normal
337,1775555399,3600,185.7723,Normal
337,1775555459,3600,188.8239,Normal
337,1775555519,3600,167.3606,Normal
337,1775555579,3600,189.8491,Normal
337,1775555639,3540,191.0873,Normal
337,1775555699,3480,198.6081,Normal
337,1775555759,3420,164.6847,Normal
337,1775555819,3360,168.8242,Normal
337,1775555879,3300,172.3984,Normal
337,1775555939,3240,166.745,Normal
337,1775555999,3180,179.8725,Normal
337,1775556059,3120,151.662,Normal
337,1775556119,3060,121.7006,Normal
337,1775556179,3000,131.9299,Normal
337,1775556239,2940,157.5138,Normal
337,1775556299,2880,186.52,Normal
337,1775556359,2820,179.6062,Normal
337,1775556419,2760,176.5278,Normal
337,1775556479,2700,160.7931,Normal
337,1775556539,2640,135.7083,Normal
337,1775556599,2580,139.6102,Normal
337,1775556659,2520,137.3783,Normal
337,1775556719,2460,139.3448,Normal
337,1775556779,2400,129.4935,Normal
337,1775556839,2340,97.8363,Normal
337,1775556899,2340,141.2475,Normal
337,1775556959,2340,139.5495,Normal
337,1775557019,2340,162.3502,Normal
337,1775557079,2340,158.4934,Normal
337,1775557139,2340,162.9444,Normal
337,1775557199,2340,233.8772,Normal
337,1775557259,2340,254.6032,Elevated
337,1775557319,2340,254.1983,Elevated
337,1775557379,2340,266.0593,Elevated
337,1775557439,2340,230.4778,Normal
337,1775557499,2340,280.8796,Elevated
337,1775557559,2340,275.542,Elevated
337,1775557619,2340,279.763,Elevated
337,1775557679,2340,290.3979,High
337,1775557739,2340,327.2916,High
337,1775557799,2340,297.2895,High
337,1775557859,2340,321.6101,High
337,1775557919,2340,302.1435,High
337,1775557979,2340,274.6493,Elevated
337,1775558039,2340,283.0571,Elevated
337,1775558099,2340,290.7494,High
337,1775558159,2340,279.1773,Elevated
337,1775558219,2340,268.5691,Elevated
337,1775558279,2340,214.982,Normal
337,1775558339,2340,148.0012,Normal
337,1775558399,2340,105.5247,Normal
337,1775558459,2340,103.0722,Normal
337,1775558519,2340,81.8024,Normal
337,1775558579,2340,65.6588,Normal
337,1775558639,2340,51.9325,Normal
337,1775558699,2340,73.7047,Normal
337,1775558759,2340,18.1095,Normal
337,1775558819,2340,25.4302,Normal
337,1775558879,2340,1.6506,Normal
337,1775558939,2340,5.6068,Normal
337,1775558999,2340,33.8992,Normal
337,1775559059,2340,2.2892,Normal
337,1775559119,2340,23.6509,Normal
337,1775559179,2340,35.3861,Normal
337,1775559239,2400,58.4512,Normal
337,1775559299,2460,63.086,Normal
337,1775559359,2520,51.4209,Normal
337,1775559419,2580,66.0115,Normal
337,1775559479,2640,61.573,Normal
337,1775559539,2700,65.3555,Normal
337,1775559599,2760,54.5865,Normal
337,1775559659,2820,51.1873,Normal
337,1775559719,2880,85.7776,Normal
337,1775559779,2940,44.8599,Normal
337,1775559839,3000,41.4494,Normal
337,1775559899,3060,17.3704,Normal
337,1775559959,3120,44.6376,Normal
337,1775560019,3180,42.7292,Normal
337,1775560079,3240,57.7025,Normal
337,1775560139,3300,56.2038,Normal
337,1775560199,3360,45.1277,Normal
337,1775560259,3420,47.6773,Normal
337,1775560319,3480,62.9525,Normal
337,1775560379,3540,52.1467,Normal
337,1775560439,3600,44.7041,Normal
337,1775560499,3600,5.7071,Normal
337,1775560559,3600,0.0237,Normal
337,1775560619,3600,39.2936,Normal
337,1775560679,3600,29.5434,Normal
337,1775560739,3600,25.5703,Normal
337,1775560799,3600,3.7032,Normal
337,1775560859,3600,23.237,Normal
337,1775560919,3600,16.6097,Normal
337,1775560979,3600,11.6671,Normal
337,1775561039,3600,6.8382,Normal
337,1775561099,3600,71.0442,Normal
337,1775561159,3600,89.6252,Normal
337,1775561219,3600,81.7103,Normal
337,1775561279,3600,92.3103,Normal
337,1775561339,3600,56.4804,Normal
337,1775561399,3600,12.3475,Normal
337,1775561459,3600,23.9207,Normal
337,1775561519,3600,1.6034,Normal
337,1775561579,3600,25.2285,Normal
337,1775561639,3600,10.1798,Normal
337,1775561699,3600,15.2195,Normal
337,1775561759,3600,0.5175,Normal
337,1775561819,3600,13.9196,Normal
337,1775561879,3600,33.8786,Normal
337,1775561939,3600,70.608,Normal
337,1775561999,3600,126.0413,Normal
337,1775562059,3600,97.1654,Normal
337,1775562119,3600,108.0723,Normal
337,1775562179,3600,107.6749,Normal
337,1775562239,3600,109.0998,Normal
337,1775562299,3600,104.7209,Normal
337,1775562359,3600,114.2396,Normal
337,1775562419,3600,106.597,Normal
337,1775562479,3600,94.3028,Normal
337,1775562539,3600,73.4078,Normal
337,1775562599,3600,136.6486,Normal
337,1775562659,3600,111.3395,Normal
337,1775562719,3600,61.3311,Normal
337,1775562779,3600,34.9097,Normal
337,1775562839,3600,27.1514,Normal
337,1775562899,3600,35.7492,Normal
337,1775562959,3600,79.6001,Normal
337,1775563019,3600,86.0653,Normal
337,1775563079,3600,96.9959,Normal
337,1775563139,3600,82.0686,Normal
337,1775563199,3600,107.6182,Normal
337,1775563259,3600,81.4727,Normal
337,1775563319,3600,35.7848,Normal
337,1775563379,3600,66.6419,Normal
337,1775563439,3600,110.7239,Normal
337,1775563499,3600,122.2448,Normal
337,1775563559,3600,100.3022,Normal
337,1775563619,3600,108.7206,Normal
337,1775563679,3600,148.1083,Normal
337,1775563739,3600,147.1199,Normal
337,1775563799,3600,141.2182,Normal
337,1775563859,3600,168.4969,Normal
337,1775563919,3600,135.3487,Normal
337,1775563979,3600,160.0375,Normal
337,1775564039,3600,166.4813,Normal
337,1775564099,3600,175.9486,Normal
337,1775564159,3600,164.9047,Normal
337,1775564219,3600,111.85,Normal
337,1775564279,3600,96.0422,Normal
337,1775564339,3600,82.0774,Normal
337,1775564399,3600,56.4472,Normal
337,1775564459,3600,100.7359,Normal
337,1775564519,3600,92.0677,Normal
337,1775564579,3600,122.166,Normal
337,1775564639,3600,134.3961,Normal
337,1775564699,3600,148.3075,Normal
337,1775564759,3600,167.2318,Normal
337,1775564819,3600,179.6403,Normal
337,1775564879,3600,168.9961,Normal
337,1775564939,3600,102.8361,Normal
337,1775564999,3600,67.6334,Normal
337,1775565059,3600,104.8138,Normal
337,1775565119,3600,95.7227,Normal
337,1775565179,3600,103.8221,Normal
337,1775565239,3600,110.1365,Normal
337,1775565299,3600,56.0148,Normal
337,1775565359,3600,54.9827,Normal
337,1775565419,3600,41.669,Normal
337,1775565479,3600,107.8465,Normal
337,1775565539,3600,85.3298,Normal
337,1775565599,3600,96.9791,Normal
337,1775565659,3600,94.2187,Normal
337,1775565719,3600,107.4781,Normal
337,1775565779,3600,56.2511,Normal
337,1775565839,3600,54.7015,Normal
337,1775565899,3600,58.7185,Normal
337,1775565959,3600,62.3021,Normal
337,1775566019,3600,59.5565,Normal
337,1775566079,3600,108.9177,Normal
337,1775566139,3600,165.0067,Normal
337,1775566199,3600,124.98,Normal
337,1775566259,3600,71.0623,Normal
337,1775566319,3600,86.5917,Normal
337,1775566379,3600,104.8337,Normal
337,1775566439,3600,70.6552,Normal
337,1775566499,3600,65.1896,Normal
337,1775566559,3600,38.8726,Normal
337,1775566619,3600,45.5908,Normal
337,1775566679,3600,17.1093,Normal
337,1775566739,3600,18.3703,Normal
337,1775566799,3600,4.5364,Normal
337,1775566859,3600,53.1572,Normal
337,1775566919,3600,95.1061,Normal
337,1775566979,3600,130.6023,Normal
337,1775567039,3600,91.8159,Normal
337,1775567099,3600,107.663,Normal
337,1775567159,3600,109.8003,Normal
337,1775567219,3600,111.9353,Normal
337,1775567279,3600,40.7719,Normal
337,1775567339,3600,5.4882,Normal
337,1775567399,3600,31.7849,Normal
337,1775567459,3600,29.3277,Normal
337,1775567519,3600,75.5618,Normal
337,1775567579,3600,12.9819,Normal
337,1775567639,3600,19.5377,Normal
337,1775567699,3600,8.8498,Normal
337,1775567759,3600,8.7355,Normal
337,1775567819,3600,13.3004,Normal
337,1775567879,3600,23.0369,Normal
337,1775567939,3600,3.3582,Normal
337,1775567999,3600,11.9396,Normal
337,1775568059,3600,9.3201,Normal
337,1775568119,3600,0.1165,Normal
337,1775568179,3600,10.7373,Normal
337,1775568239,3600,22.2611,Normal
337,1775568299,3600,2.7855,Normal
337,1775568359,3600,9.2491,Normal
337,1775568419,3600,24.7689,Normal
337,1775568479,3600,44.5368,Normal
337,1775568539,3600,7.3079,Normal
337,1775568599,3600,21.8246,Normal
337,1775568659,3600,57.5585,Normal
337,1775568719,3600,61.2637,Normal
337,1775568779,3600,28.5165,Normal
337,1775568839,3600,46.0592,Normal
337,1775568899,3600,13.401,Normal
337,1775568959,3600,15.1235,Normal
337,1775569019,3600,8.2696,Normal
337,1775569079,3600,29.9238,Normal
337,1775569139,3600,0.6938,Normal
337,1775569199,3600,6.2383,Normal
337,1775569259,3600,16.3618,Normal
337,1775569319,3600,25.0122,Normal
337,1775569379,3600,23.5356,Normal
337,1775569439,3600,2.0401,Normal
337,1775569499,3600,3.9176,Normal
337,1775569559,3600,3.1948,Normal
337,1775569619,3600,40.0063,Normal
337,1775569679,3600,8.7298,Normal
337,1775569739,3600,35.4856,Normal
337,1775569799,3600,32.8036,Normal
337,1775569859,3600,22.4741,Normal
337,1775569919,3600,57.213,Normal
337,1775569979,3600,85.8838,Normal
337,1775570039,3600,122.9337,Normal
337,1775570099,3600,140.7598,Normal
337,1775570159,3600,127.9851,Normal
337,1775570219,3600,122.4859,Normal
337,1775570279,3600,154.0295,Normal
337,1775570339,3600,142.6496,Normal
337,1775570399,3600,160.6659,Normal
337,1775570459,3600,104.2852,Normal
337,1775570519,3600,99.9361,Normal
337,1775570579,3600,72.2916,Normal
337,1775570639,3600,56.7987,Normal
337,1775570699,3600,33.782,Normal
337,1775570759,3600,34.1053,Normal
337,1775570819,3600,35.2032,Normal
337,1775570879,3600,59.5759,Normal
337,1775570939,3600,105.3829,Normal
337,1775570999,3600,119.7436,Normal
337,1775571059,3600,106.1036,Normal
337,1775571119,3600,84.7171,Normal
337,1775571179,3600,188.2484,Normal
337,1775571239,3600,172.0584,Normal
337,1775571299,3600,218.7047,Normal
337,1775571359,3600,206.9849,Normal
337,1775571419,3600,219.9686,Normal
337,1775571479,3600,202.4486,Normal
337,1775571539,3600,186.3438,Normal
337,1775571599,3600,186.1254,Normal
337,1775571659,3600,170.2269,Normal
337,1775571719,3600,156.7332,Normal
337,1775571779,3600,164.6735,Normal
337,1775571839,3600,181.3014,Normal
337,1775571899,3600,173.3481,Normal
337,1775571959,3600,143.7416,Normal
337,1775572019,3600,164.7524,Normal
337,1775572079,3600,163.7889,Normal
337,1775572139,3600,135.8177,Normal
337,1775572199,3600,134.1259,Normal
337,1775572259,3600,143.1718,Normal
337,1775572319,3600,151.4245,Normal
337,1775572379,3600,106.329,Normal
337,1775572439,3600,73.0424,Normal
337,1775572499,3600,80.48,Normal
337,1775572559,3600,106.1872,Normal
337,1775572619,3600,94.7868,Normal
337,1775572679,3600,66.6592,Normal
337,1775572739,3600,76.5124,Normal
337,1775572799,3600,18.6135,Normal
337,1775572859,3600,24.0321,Normal
337,1775572919,3600,3.5469,Normal
337,1775572979,3600,0.5558,Normal
337,1775573039,3600,9.0132,Normal
337,1775573099,3600,9.2051,Normal
337,1775573159,3600,26.5361,Normal
337,1775573219,3600,11.0133,Normal
337,1775573279,3600,20.0694,Normal
337,1775573339,3600,71.3014,Normal
337,1775573399,3600,63.1444,Normal
337,1775573459,3600,80.9589,Normal
337,1775573519,3600,84.1805,Normal
337,1775573579,3600,82.201,Normal
337,1775573639,3600,79.3975,Normal
337,1775573699,3600,143.0438,Normal
337,1775573759,3600,136.9376,Normal
337,1775573819,3600,182.8808,Normal
337,1775573879,3600,209.4218,Normal
337,1775573939,3600,189.2765,Normal
337,1775573999,3600,207.0376,Normal
337,1775574059,3600,131.7267,Normal
337,1775574119,3600,146.7371,Normal
337,1775574179,3600,110.9898,Normal
337,1775574239,3600,122.6951,Normal
337,1775574299,3600,93.5712,Normal
337,1775574359,3600,88.6537,Normal
337,1775574419,3600,82.8752,Normal
337,1775574479,3600,96.7156,Normal
337,1775574539,3600,79.3944,Normal
337,1775574599,3600,91.4771,Normal
337,1775574659,3600,74.8494,Normal
337,1775574719,3600,108.8876,Normal
337,1775574779,3600,159.8212,Normal
337,1775574839,3600,144.031,Normal
337,1775574899,3600,172.1897,Normal
337,1775574959,3600,154.2297,Normal
337,1775575019,3600,155.9012,Normal
337,1775575079,3600,117.6113,Normal
337,1775575139,3600,83.0102,Normal
337,1775575199,3600,60.1586,Normal
337,1775575259,3600,50.5979,Normal
337,1775575319,3600,73.8465,Normal
337,1775575379,3600,86.8408,Normal
337,1775575439,3600,138.3254,Normal
337,1775575499,3600,145.9556,Normal
337,1775575559,3600,120.2777,Normal
337,1775575619,3600,132.9934,Normal
337,1775575679,3600,127.3588,Normal
337,1775575739,3600,131.9409,Normal
337,1775575799,3600,111.7338,Normal
337,1775575859,3600,95.483,Normal
337,1775575919,3600,104.7779,Normal
337,1775575979,3600,48.8305,Normal
337,1775576039,3600,31.9015,Normal
337,1775576099,3600,40.2376,Normal
337,1775576159,3600,33.7282,Normal
337,1775576219,3600,41.529,Normal
337,1775576279,3600,34.0677,Normal
337,1775576339,3600,64.7236,Normal
337,1775576399,3600,22.0397,Normal
337,1775576459,3600,13.6654,Normal
337,1775576519,3600,0.0677,Normal
337,1775576579,3600,32.1194,Normal
337,1775576639,3600,0.2703,Normal
337,1775576699,3600,0.8003,Normal
337,1775576759,3600,14.7581,Normal
337,1775576819,3600,26.4534,Normal
337,1775576879,3600,8.483,Normal
337,1775576939,3600,55.3495,Normal
337,1775576999,3600,25.112,Normal
337,1775577059,3600,10.6911,Normal
337,1775577119,3600,46.9102,Normal
337,1775577179,3600,96.712,Normal
337,1775577239,3600,119.6235,Normal
337,1775577299,3600,106.457,Normal
337,1775577359,3600,96.4283,Normal
337,1775577419,3600,54.153,Normal
337,1775577479,3600,22.5071,Normal
337,1775577539,3600,35.8248,Normal
337,1775577599,3600,20.1162,Normal
337,1775577659,3600,71.5782,Normal
337,1775577719,3600,81.0675,Normal
337,1775577779,3600,113.3744,Normal
337,1775577839,3600,75.2056,Normal
337,1775577899,3600,87.079,Normal
337,1775577959,3600,73.1001,Normal
337,1775578019,3600,76.2478,Normal
337,1775578079,3600,75.4684,Normal
337,1775578139,3600,92.1639,Normal
337,1775578199,3600,123.7307,Normal
337,1775578259,3600,142.5311,Normal
337,1775578319,3600,86.8461,Normal
337,1775578379,3600,118.0972,Normal
337,1775578439,3600,147.431,Normal
337,1775578499,3600,166.2674,Normal
337,1775578559,3600,182.2759,Normal
337,1775578619,3600,160.524,Normal
337,1775578679,3600,189.7769,Normal
337,1775578739,3600,144.2576,Normal
337,1775578799,3600,159.4121,Normal
337,1775578859,3600,193.5572,Normal
337,1775578919,3600,173.5502,Normal
337,1775578979,3600,184.4592,Normal
337,1775579039,3600,162.6051,Normal
337,1775579099,3600,157.2466,Normal
337,1775579159,3600,147.8688,Normal
337,1775579219,3600,152.7523,Normal
337,1775579279,3600,155.902,Normal
337,1775579339,3600,151.316,Normal
337,1775579399,3600,150.4616,Normal
337,1775579459,3600,173.3268,Normal
337,1775579519,3600,169.7853,Normal
337,1775579579,3600,169.178,Normal
337,1775579639,3600,149.1861,Normal
337,1775579699,3600,147.9098,Normal
337,1775579759,3600,168.2411,Normal
337,1775579819,3600,147.9192,Normal
337,1775579879,3600,147.8113,Normal
337,1775579939,3600,113.3281,Normal
337,1775579999,3600,142.0604,Normal
337,1775580059,3600,137.3364,Normal
337,1775580119,3600,122.3027,Normal
337,1775580179,3600,102.5907,Normal
337,1775580239,3600,147.3567,Normal
337,1775580299,3600,134.6391,Normal
337,1775580359,3600,127.4499,Normal
337,1775580419,3600,130.404,Normal
337,1775580479,3600,147.3406,Normal
337,1775580539,3600,157.4225,Normal
337,1775580599,3600,152.7167,Normal
337,1775580659,3600,89.6073,Normal
337,1775580719,3600,34.9541,Normal
337,1775580779,3600,12.4299,Normal
337,1775580839,3600,26.5184,Normal
337,1775580899,3600,1.5931,Normal
337,1775580959,3600,30.9471,Normal
337,1775581019,3600,33.059,Normal
337,1775581079,3600,47.2745,Normal
337,1775581139,3600,47.567,Normal
337,1775581199,3600,61.4734,Normal
337,1775581259,3600,37.2708,Normal
337,1775581319,3600,43.7205,Normal
337,1775581379,3600,6.1659,Normal
337,1775581439,3600,21.2323,Normal
337,1775581499,3600,21.3964,Normal
337,1775581559,3600,70.398,Normal
337,1775581619,3600,87.1209,Normal
337,1775581679,3600,77.2528,Normal
337,1775581739,3600,97.7013,Normal
337,1775581799,3600,73.8512,Normal
337,1775581859,3600,62.9233,Normal
337,1775581919,3600,105.5245,Normal
337,1775581979,3600,101.9119,Normal
337,1775582039,3600,72.1519,Normal
337,1775582099,3600,42.4182,Normal
337,1775582159,3600,82.2144,Normal
337,1775582219,3600,82.5621,Normal
337,1775582279,3600,86.9488,Normal
337,1775582339,3600,80.3941,Normal
337,1775582399,3600,75.7085,Normal
337,1775582459,3600,34.4976,Normal
337,1775582519,3600,19.4182,Normal
337,1775582579,3600,44.8309,Normal
337,1775582639,3600,18.6064,Normal
337,1775582699,3600,35.5448,Normal
337,1775582759,3600,23.0093,Normal
337,1775582819,3600,8.5867,Normal
337,1775582879,3600,19.7184,Normal
337,1775582939,3600,36.8143,Normal
337,1775582999,3600,13.1136,Normal
337,1775583059,3600,31.0897,Normal
337,1775583119,3600,11.5817,Normal
337,1775583179,3600,6.7364,Normal
337,1775583239,3600,25.0244,Normal
337,1775583299,3600,29.5421,Normal
337,1775583359,3600,40.5127,Normal
337,1775583419,3600,85.1139,Normal
337,1775583479,3600,66.2213,Normal
337,1775583539,3600,66.6458,Normal
337,1775583599,3600,36.988,Normal
337,1775583659,3600,41.078,Normal
337,1775583719,3600,22.2933,Normal
337,1775583779,3600,35.7005,Normal
337,1775583839,3600,0.6155,Normal
337,1775583899,3600,31.1527,Normal
337,1775583959,3600,73.6389,Normal
337,1775584019,3600,26.7608,Normal
337,1775584079,3600,4.2094,Normal
337,1775584139,3600,66.7202,Normal
337,1775584199,3600,89.0358,Normal
337,1775584259,3600,75.8587,Normal
337,1775584319,3600,59.3069,Normal
337,1775584379,3600,33.7432,Normal
337,1775584439,3600,41.5118,Normal
337,1775584499,3600,21.4057,Normal
337,1775584559,3600,94.1117,Normal
337,1775584619,3600,110.3124,Normal
337,1775584679,3600,108.1163,Normal
337,1775584739,3600,109.5999,Normal
337,1775584799,3600,86.7789,Normal
337,1775584859,3600,68.312,Normal
337,1775584919,3600,77.1895,Normal
337,1775584979,3600,48.0785,Normal
337,1775585039,3600,17.5344,Normal
337,1775585099,3600,41.6053,Normal
337,1775585159,3600,37.8788,Normal
337,1775585219,3600,2.5616,Normal
337,1775585279,3600,0.9529,Normal
337,1775585339,3600,23.6136,Normal
337,1775585399,3600,42.0965,Normal
337,1775585459,3600,91.8809,Normal
337,1775585519,3600,74.6355,Normal
337,1775585579,3600,60.6169,Normal
337,1775585639,3600,73.3862,Normal
337,1775585699,3600,86.6992,Normal
337,1775585759,3600,62.1002,Normal
337,1775585819,3600,161.3135,Normal
337,1775585879,3600,123.4184,Normal
337,1775585939,3600,179.1645,Normal
337,1775585999,3600,188.3375,Normal
337,1775586059,3600,220.8987,Normal
337,1775586119,3600,213.6082,Normal
337,1775586179,3600,157.8301,Normal
337,1775586239,3600,163.2904,Normal
337,1775586299,3600,135.1806,Normal
337,1775586359,3600,145.1576,Normal
337,1775586419,3600,154.4657,Normal
337,1775586479,3600,185.046,Normal
337,1775586539,3600,203.6383,Normal
337,1775586599,3600,165.5817,Normal
337,1775586659,3600,168.2731,Normal
337,1775586719,3600,141.9207,Normal
337,1775586779,3600,131.8111,Normal
337,1775586839,3600,109.7833,Normal
337,1775586899,3600,144.4136,Normal
337,1775586959,3600,131.2316,Normal
337,1775587019,3600,65.0308,Normal
337,1775587079,3600,107.7405,Normal
337,1775587139,3600,93.6323,Normal
337,1775587199,3600,144.7566,Normal
337,1775587259,3600,120.3042,Normal
337,1775587319,3600,168.5868,Normal
337,1775587379,3600,138.0589,Normal
337,1775587439,3600,137.5998,Normal
337,1775587499,3600,171.5902,Normal
337,1775587559,3600,153.1979,Normal
337,1775587619,3600,151.2523,Normal
337,1775587679,3600,150.4251,Normal
337,1775587739,3600,219.967,Normal
337,1775587799,3600,247.305,Elevated
337,1775587859,3600,280.0515,Elevated
337,1775587919,3600,305.3894,High
337,1775587979,3600,283.5089,Elevated
337,1775588039,3600,282.4775,Elevated
337,1775588099,3600,257.3227,Elevated
337,1775588159,3600,265.9469,Elevated
337,1775588219,3600,287.6502,Elevated
337,1775588279,3600,293.0273,High
337,1775588339,3600,307.9924,High
337,1775588399,3600,272.6087,Elevated
337,1775588459,3600,248.7738,Elevated
337,1775588519,3600,272.6055,Elevated
337,1775588579,3600,316.2385,High
337,1775588639,3600,286.9309,Elevated
337,1775588699,3600,316.4679,High
337,1775588759,3600,287.5537,Elevated
337,1775588819,3600,261.068,Elevated
337,1775588879,3600,274.5057,Elevated
337,1775588939,3600,251.2533,Elevated
337,1775588999,3600,226.0338,Normal
337,1775589059,3600,213.6656,Normal
337,1775589119,3600,209.3984,Normal
337,1775589179,3600,204.7543,Normal
337,1775589239,3600,154.8011,Normal
337,1775589299,3600,132.8473,Normal
337,1775589359,3600,94.6218,Normal
337,1775589419,3600,40.7425,Normal
337,1775589479,3600,88.6626,Normal
337,1775589539,3600,63.3865,Normal
337,1775589599,3600,26.8658,Normal
337,1775589659,3600,21.1977,Normal
337,1775589719,3600,49.6183,Normal
337,1775589779,3600,98.7852,Normal
337,1775589839,3600,81.9864,Normal
337,1775589899,3600,87.0043,Normal
337,1775589959,3600,95.3124,Normal
337,1775590019,3600,109.6811,Normal
337,1775590079,3600,75.7359,Normal
337,1775590139,3600,70.0697,Normal
337,1775590199,3600,78.1488,Normal
337,1775590259,3600,49.509,Normal
337,1775590319,3600,51.5536,Normal
337,1775590379,3600,46.8241,Normal
337,1775590439,3600,51.3518,Normal
337,1775590499,3600,37.3577,Normal
337,1775590559,3600,54.6247,Normal
337,1775590619,3600,51.3654,Normal
337,1775590679,3600,35.1472,Normal
337,1775590739,3600,91.441,Normal
337,1775590799,3600,42.8245,Normal
337,1775590859,3600,62.2324,Normal
337,1775590919,3600,72.6801,Normal
337,1775590979,3600,74.2254,Normal
337,1775591039,3600,120.4772,Normal
337,1775591099,3600,85.9206,Normal
337,1775591159,3600,68.8819,Normal
337,1775591219,3600,120.4408,Normal
337,1775591279,3600,137.8785,Normal
337,1775591339,3600,89.8559,Normal
337,1775591399,3600,50.8646,Normal
337,1775591459,3600,10.0094,Normal
337,1775591519,3600,2.1472,Normal
337,1775591579,3600,7.0954,Normal
337,1775591639,3600,6.1922,Normal
337,1775591699,3600,29.8668,Normal
337,1775591759,3600,4.0163,Normal
337,1775591819,3600,6.0191,Normal
337,1775591879,3600,12.2456,Normal
337,1775591939,3600,21.2098,Normal
337,1775591999,3600,0.6522,Normal
337,1775592059,3600,44.6927,Normal
337,1775592119,3600,16.3556,Normal
337,1775592179,3600,79.0091,Normal
337,1775592239,3600,86.4328,Normal
337,1775592299,3600,67.1849,Normal
337,1775592359,3600,92.5866,Normal
337,1775592419,3600,93.6975,Normal
337,1775592479,3600,93.4616,Normal
337,1775592539,3600,86.9605,Normal
337,1775592599,3600,76.3395,Normal
337,1775592659,3600,81.3532,Normal
337,1775592719,3600,50.0345,Normal
337,1775592779,3600,69.5464,Normal
337,1775592839,3600,0.2538,Normal
337,1775592899,3600,10.9172,Normal
337,1775592959,3600,93.2266,Normal
337,1775593019,3600,70.8804,Normal
337,1775593079,3600,65.6026,Normal
337,1775593139,3600,94.7138,Normal
337,1775593199,3600,91.5316,Normal
337,1775593259,3600,68.6135,Normal
337,1775593319,3600,13.57,Normal
337,1775593379,3600,33.4266,Normal
337,1775593439,3600,50.8254,Normal
337,1775593499,3600,33.4875,Normal
337,1775593559,3600,39.2133,Normal
337,1775593619,3600,31.1837,Normal
337,1775593679,3600,0.225,Normal
337,1775593739,3600,35.294,Normal
337,1775593799,3600,57.6627,Normal
337,1775593859,3600,71.3597,Normal
337,1775593919,3600,78.4148,Normal
337,1775593979,3600,68.6405,Normal
337,1775594039,3600,42.0265,Normal
337,1775594099,3600,90.2631,Normal
337,1775594159,3600,78.8148,Normal
337,1775594219,3600,30.8779,Normal
337,1775594279,3600,61.1847,Normal
337,1775594339,3600,111.9078,Normal
337,1775594399,3600,107.2038,Normal
337,1775594459,3600,138.6939,Normal
337,1775594519,3600,195.5269,Normal
337,1775594579,3600,170.0381,Normal
337,1775594639,3600,205.559,Normal
337,1775594699,3600,221.112,Normal
337,1775594759,3600,226.3693,Normal
337,1775594819,3600,250.0592,Elevated
337,1775594879,3600,265.6758,Elevated
337,1775594939,3600,211.2661,Normal
337,1775594999,3600,183.6523,Normal
337,1775595059,3600,145.7645,Normal
337,1775595119,3600,164.7723,Normal
337,1775595179,3600,187.8518,Normal
337,1775595239,3600,158.2276,Normal
337,1775595299,3600,115.2213,Normal
337,1775595359,3600,106.5975,Normal
337,1775595419,3600,85.3813,Normal
337,1775595479,3600,104.7085,Normal
337,1775595539,3600,153.9866,Normal
337,1775595599,3600,171.3781,Normal
337,1775595659,3600,159.5387,Normal
337,1775595719,3600,132.8439,Normal
337,1775595779,3600,132.2882,Normal
337,1775595839,3600,121.4023,Normal
337,1775595899,3600,176.7009,Normal
337,1775595959,3600,136.6088,Normal
337,1775596019,3600,177.4575,Normal
337,1775596079,3600,213.8102,Normal
337,1775596139,3600,249.1253,Elevated
337,1775596199,3600,264.5953,Elevated
337,1775596259,3600,264.2111,Elevated
337,1775596319,3600,295.7822,High
337,1775596379,3600,290.3747,High
337,1775596439,3600,321.7391,High
337,1775596499,3600,311.013,High
337,1775596559,3600,354.8878,High
337,1775596619,3600,367.7176,High
337,1775596679,3600,380.0287,Very High
337,1775596739,3600,396.2985,Very High
337,1775596799,3600,382.5748,Very High
337,1775596859,3600,364.181,High
337,1775596919,3600,334.8034,High
337,1775596979,3600,336.0478,High
337,1775597039,3600,286.0196,Elevated
337,1775597099,3600,313.6117,High
337,1775597159,3600,322.2424,High
337,1775597219,3600,321.4475,High
337,1775597279,3600,335.8534,High
337,1775597339,3600,300.8076,High
337,1775597399,3600,327.0745,High
337,1775597459,3600,282.8155,Elevated
337,1775597519,3600,281.7263,Elevated
337,1775597579,3600,278.6697,Elevated
337,1775597639,3600,298.1421,High
337,1775597699,3600,293.5129,High
337,1775597759,3600,286.1571,Elevated
337,1775597819,3600,309.8477,High
337,1775597879,3600,237.2554,Normal
337,1775597939,3600,220.4243,Normal
337,1775597999,3600,223.0836,Normal
337,1775598059,3600,213.7352,Normal
337,1775598119,3600,209.414,Normal
337,1775598179,3600,222.5977,Normal
337,1775598239,3600,242.8918,Normal
337,1775598299,3600,249.2969,Elevated
337,1775598359,3600,236.9242,Normal
337,1775598419,3600,243.4799,Elevated
337,1775598479,3600,225.4222,Normal
337,1775598539,3600,249.0918,Elevated
337,1775598599,3600,231.3759,Normal
337,1775598659,3600,206.6381,Normal
337,1775598719,3600,237.8784,Normal
337,1775598779,3600,203.9144,Normal
337,1775598839,3600,208.9392,Normal
337,1775598899,3600,219.2554,Normal
337,1775598959,3600,192.4043,Normal
337,1775599019,3600,229.5368,Normal
337,1775599079,3600,210.7525,Normal
337,1775599139,3600,141.1196,Normal
337,1775599199,3600,151.387,Normal
337,1775599259,3600,193.6415,Normal
337,1775599319,3600,194.2284,Normal
337,1775599379,3600,128.481,Normal
337,1775599439,3600,113.3799,Normal
337,1775599499,3600,89.2998,Normal
337,1775599559,3600,97.6022,Normal
337,1775599619,3600,80.2213,Normal
337,1775599679,3600,63.292,Normal
337,1775599739,3600,39.8206,Normal
337,1775599799,3600,23.7383,Normal
337,1775599859,3600,36.5022,Normal
337,1775599919,3600,36.1427,Normal
337,1775599979,3600,2.8742,Normal
337,1775600039,3600,39.7786,Normal
337,1775600099,3600,45.1115,Normal
337,1775600159,3600,11.9765,Normal
337,1775600219,3600,2.971,Normal
337,1775600279,3600,0.3113,Normal
337,1775600339,3600,5.4907,Normal
337,1775600399,3600,2.0988,Normal
337,1775600459,3600,8.8119,Normal
337,1775600519,3600,0.6085,Normal
337,1775600579,3600,0.5037,Normal
337,1775600639,3600,34.3809,Normal
337,1775600699,3600,7.8585,Normal
337,1775600759,3600,1.514,Normal
337,1775600819,3600,23.0573,Normal
337,1775600879,3600,17.0023,Normal
337,1775600939,3600,9.1105,Normal
337,1775600999,3600,72.5026,Normal
337,1775601059,3600,43.0887,Normal
337,1775601119,3600,37.9978,Normal
337,1775601179,3600,23.8055,Normal
337,1775601239,3600,22.3256,Normal
337,1775601299,3600,10.2721,Normal
337,1775601359,3600,47.8917,Normal
337,1775601419,3600,53.3781,Normal
337,1775601479,3600,98.3796,Normal
337,1775601539,3600,116.0218,Normal
337,1775601599,3600,135.8341,Normal
337,1775601659,3600,89.7606,Normal
337,1775601719,3600,83.7405,Normal
337,1775601779,3600,72.3639,Normal
337,1775601839,3600,38.4552,Normal
337,1775601899,3600,48.777,Normal
337,1775601959,3600,69.0755,Normal
337,1775602019,3600,54.8488,Normal
337,1775602079,3600,30.5953,Normal
337,1775602139,3600,8.7832,Normal
337,1775602199,3600,3.3253,Normal
337,1775602259,3600,21.0699,Normal
337,1775602319,3600,3.0657,Normal
337,1775602379,3600,5.2505,Normal
337,1775602439,3600,10.1868,Normal
337,1775602499,3600,38.6673,Normal
337,1775602559,3600,84.3288,Normal
337,1775602619,3600,70.7614,Normal
337,1775602679,3600,114.7918,Normal
337,1775602739,3600,132.8227,Normal
337,1775602799,3600,145.3606,Normal
337,1775602859,3600,139.1043,Normal
337,1775602919,3600,138.0636,Normal
337,1775602979,3600,182.8942,Normal
337,1775603039,3600,187.3994,Normal
337,1775603099,3600,183.318,Normal
337,1775603159,3600,174.1174,Normal
337,1775603219,3600,175.5132,Normal
337,1775603279,3600,166.1861,Normal
337,1775603339,3600,222.2719,Normal
337,1775603399,3600,205.9801,Normal
337,1775603459,3600,177.759,Normal
337,1775603519,3600,206.4998,Normal
337,1775603579,3600,199.2514,Normal
337,1775603639,3600,255.8542,Elevated
337,1775603699,3600,282.0668,Elevated
337,1775603759,3600,273.2928,Elevated
337,1775603819,3600,271.6554,Elevated
337,1775603879,3600,251.7074,Elevated
337,1775603939,3600,259.2977,Elevated
337,1775603999,3600,249.2377,Elevated
337,1775604059,3600,281.4593,Elevated
337,1775604119,3600,262.9734,Elevated
337,1775604179,3600,261.8571,Elevated
337,1775604239,3600,220.2106,Normal
337,1775604299,3600,226.3639,Normal
337,1775604359,3600,204.1097,Normal
337,1775604419,3600,172.4721,Normal
337,1775604479,3600,178.3092,Normal
337,1775604539,3600,175.2773,Normal
337,1775604599,3600,261.913,Elevated
337,1775604659,3600,247.1722,Elevated
337,1775604719,3600,231.2285,Normal
337,1775604779,3600,208.1902,Normal
337,1775604839,3600,186.4396,Normal
337,1775604899,3600,183.5494,Normal
337,1775604959,3600,165.9356,Normal
337,1775605019,3600,140.0957,Normal
337,1775605079,3600,163.1487,Normal
337,1775605139,3600,127.3099,Normal
337,1775605199,3600,123.8873,Normal
337,1775605259,3600,95.8087,Normal
337,1775605319,3600,117.3047,Normal
337,1775605379,3600,116.3939,Normal
337,1775605439,3600,120.9546,Normal
337,1775605499,3600,108.9403,Normal
337,1775605559,3600,78.2794,Normal
337,1775605619,3600,94.0801,Normal
337,1775605679,3600,106.6103,Normal
337,1775605739,3600,106.6805,Normal
337,1775605799,3600,116.1119,Normal
337,1775605859,3600,113.4163,Normal
337,1775605919,3600,117.5486,Normal
337,1775605979,3600,116.8815,Normal
337,1775606039,3600,144.6118,Normal
337,1775606099,3600,156.6559,Normal
337,1775606159,3600,129.3977,Normal
337,1775606219,3600,117.426,Normal
337,1775606279,3600,116.9493,Normal
337,1775606339,3600,164.4529,Normal
337,1775606399,3600,145.0982,Normal
337,1775606459,3600,149.1098,Normal
337,1775606519,3600,153.4109,Normal
337,1775606579,3600,163.4523,Normal
337,1775606639,3600,165.5313,Normal
337,1775606699,3600,146.3485,Normal
337,1775606759,3600,130.2022,Normal
337,1775606819,3600,105.1294,Normal
337,1775606879,3600,66.7834,Normal
337,1775606939,3600,21.1019,Normal
337,1775606999,3600,5.6514,Normal
337,1775607059,3600,6.958,Normal
337,1775607119,3600,42.7417,Normal
337,1775607179,3600,0.9457,Normal
337,1775607239,3600,0.2008,Normal
337,1775607299,3600,37.0793,Normal
337,1775607359,3600,82.3938,Normal
337,1775607419,3600,94.2057,Normal
337,1775607479,3600,99.3957,Normal
337,1775607539,3600,114.2634,Normal
337,1775607599,3600,132.7554,Normal
337,1775607659,3600,119.7072,Normal
337,1775607719,3600,96.4145,Normal
337,1775607779,3600,112.7803,Normal
337,1775607839,3600,61.7724,Normal
337,1775607899,3600,80.7692,Normal
337,1775607959,3600,56.926,Normal
337,1775608019,3600,20.1447,Normal
337,1775608079,3600,24.9522,Normal
337,1775608139,3600,47.2461,Normal
337,1775608199,3600,8.1844,Normal
337,1775608259,3600,30.3394,Normal
337,1775608319,3600,45.3499,Normal
337,1775608379,3600,32.6429,Normal
337,1775608439,3600,43.3358,Normal
337,1775608499,3600,93.8281,Normal
337,1775608559,3600,82.6673,Normal
337,1775608619,3600,65.5765,Normal
337,1775608679,3600,52.5552,Normal
337,1775608739,3600,42.5555,Normal
337,1775608799,3600,91.9023,Normal
337,1775608859,3600,38.9689,Normal
337,1775608919,3600,102.78,Normal
337,1775608979,3600,104.6506,Normal
337,1775609039,3600,100.772,Normal
337,1775609099,3600,115.5965,Normal
337,1775609159,3600,74.3527,Normal
337,1775609219,3600,49.7403,Normal
337,1775609279,3600,19.5111,Normal
337,1775609339,3600,4.1465,Normal
337,1775609399,3600,8.38,Normal
337,1775609459,3600,10.3604,Normal
337,1775609519,3600,10.4582,Normal
337,1775609579,3600,29.8292,Normal
337,1775609639,3600,8.4513,Normal
337,1775609699,3600,44.9876,Normal
337,1775609759,3600,34.1363,Normal
337,1775609819,3600,36.7437,Normal
337,1775609879,3600,55.702,Normal
337,1775609939,3600,106.8155,Normal
337,1775609999,3600,77.8438,Normal
337,1775610059,3600,94.7646,Normal
337,1775610119,3600,89.2649,Normal
337,1775610179,3600,122.2052,Normal
337,1775610239,3600,140.147,Normal
337,1775610299,3600,99.8184,Normal
337,1775610359,3600,92.2059,Normal
337,1775610419,3600,99.2985,Normal
337,1775610479,3600,86.7594,Normal
337,1775610539,3600,39.163,Normal
337,1775610599,3600,18.4325,Normal
337,1775610659,3600,15.5384,Normal
337,1775610719,3600,6.2428,Normal
337,1775610779,3600,2.8817,Normal
337,1775610839,3600,16.6045,Normal
337,1775610899,3600,7.3868,Normal
337,1775610959,3600,46.2929,Normal
337,1775611019,3600,26.5082,Normal
337,1775611079,3600,69.1434,Normal
337,1775611139,3600,93.1128,Normal
337,1775611199,3600,111.6656,Normal
337,1775611259,3600,106.5643,Normal
337,1775611319,3600,90.1839,Normal
337,1775611379,3600,53.4219,Normal
337,1775611439,3600,28.7564,Normal
337,1775611499,3600,75.2743,Normal
337,1775611559,3600,32.8024,Normal
337,1775611619,3600,8.8829,Normal
337,1775611679,3600,87.4438,Normal
337,1775611739,3600,81.3067,Normal
337,1775611799,3600,62.8838,Normal
337,1775611859,3600,106.6708,Normal
337,1775611919,3600,84.2926,Normal
337,1775611979,3600,63.3365,Normal
337,1775612039,3600,26.3785,Normal
337,1775612099,3600,10.8138,Normal
337,1775612159,3600,43.2057,Normal
337,1775612219,3600,25.0796,Normal
337,1775612279,3600,39.8403,Normal
337,1775612339,3600,51.5518,Normal
337,1775612399,3600,48.3201,Normal
337,1775612459,3600,71.8995,Normal
337,1775612519,3600,21.6792,Normal
337,1775612579,3600,39.0779,Normal
337,1775612639,3600,18.1833,Normal
337,1775612699,3600,7.7649,Normal
337,1775612759,3600,11.4358,Normal
337,1775612819,3600,2.4212,Normal
337,1775612879,3600,35.9936,Normal
337,1775612939,3600,15.177,Normal
337,1775612999,3600,38.1995,Normal
337,1775613059,3600,53.4383,Normal
337,1775613119,3600,42.9422,Normal
337,1775613179,3600,56.3193,Normal
337,1775613239,3600,39.5265,Normal
337,1775613299,3600,17.3276,Normal
337,1775613359,3600,50.0022,Normal
337,1775613419,3600,67.4815,Normal
337,1775613479,3600,106.126,Normal
337,1775613539,3600,122.3639,Normal
337,1775613599,3600,150.1296,Normal
337,1775613659,3600,135.6951,Normal
337,1775613719,3600,191.4368,Normal
337,1775613779,3600,194.7083,Normal
337,1775613839,3600,147.7686,Normal
337,1775613899,3600,171.9823,Normal
337,1775613959,3600,150.879,Normal
337,1775614019,3600,117.8626,Normal
337,1775614079,3600,95.0619,Normal
337,1775614139,3600,99.4751,Normal
337,1775614199,3600,140.353,Normal
337,1775614259,3600,149.8533,Normal
337,1775614319,3600,179.6629,Normal
337,1775614379,3600,200.9578,Normal
337,1775614439,3600,199.2961,Normal
337,1775614499,3600,197.1907,Normal
337,1775614559,3600,210.754,Normal
337,1775614619,3600,198.4445,Normal
337,1775614679,3600,211.9906,Normal
337,1775614739,3600,259.8689,Elevated
337,1775614799,3600,235.6714,Normal
337,1775614859,3600,235.2421,Normal
337,1775614919,3600,239.5341,Normal
337,1775614979,3600,194.7541,Normal
337,1775615039,3600,229.5285,Normal
337,1775615099,3600,276.9122,Elevated
337,1775615159,3600,236.4017,Normal
337,1775615219,3600,250.0582,Elevated
337,1775615279,3600,159.3874,Normal
337,1775615339,3600,120.5384,Normal
337,1775615399,3600,116.37,Normal
337,1775615459,3600,66.5073,Normal
337,1775615519,3600,103.9054,Normal
337,1775615579,3600,128.9133,Normal
337,1775615639,3600,131.6447,Normal
337,1775615699,3600,112.8533,Normal
337,1775615759,3600,59.7488,Normal
337,1775615819,3600,48.4687,Normal
337,1775615879,3600,93.6002,Normal
337,1775615939,3600,61.788,Normal
337,1775615999,3600,55.9726,Normal
337,1775616059,3600,43.1833,Normal
337,1775616119,3600,82.1169,Normal
337,1775616179,3600,51.6291,Normal
337,1775616239,3600,51.6567,Normal
337,1775616299,3600,77.0476,Normal
337,1775616359,3600,84.1968,Normal
337,1775616419,3600,151.5563,Normal
337,1775616479,3600,138.3649,Normal
337,1775616539,3600,158.8355,Normal
337,1775616599,3600,123.5506,Normal
337,1775616659,3600,129.6543,Normal
337,1775616719,3600,141.3136,Normal
337,1775616779,3600,137.6273,Normal
337,1775616839,3600,183.2932,Normal
337,1775616899,3600,227.93,Normal
337,1775616959,3600,213.5078,Normal
337,1775617019,3600,185.2651,Normal
337,1775617079,3600,159.9626,Normal
337,1775617139,3600,113.8872,Normal
337,1775617199,3600,107.5127,Normal
337,1775617259,3600,86.4939,Normal
337,1775617319,3600,63.8997,Normal
337,1775617379,3600,31.0995,Normal
337,1775617439,3600,51.6254,Normal
337,1775617499,3600,47.7559,Normal
337,1775617559,3600,39.2753,Normal
337,1775617619,3600,37.757,Normal
337,1775617679,3600,27.2204,Normal
337,1775617739,3600,35.1225,Normal
337,1775617799,3600,46.2903,Normal
337,1775617859,3600,7.7651,Normal
337,1775617919,3600,3.9795,Normal
337,1775617979,3600,2.5311,Normal
337,1775618039,3600,5.7386,Normal
337,1775618099,3600,0.2621,Normal
337,1775618159,3600,7.7936,Normal
337,1775618219,3600,19.4031,Normal
337,1775618279,3600,26.3147,Normal
337,1775618339,3600,8.8746,Normal
337,1775618399,3600,21.4225,Normal
337,1775618459,3600,34.4665,Normal
337,1775618519,3600,41.9596,Normal
337,1775618579,3600,88.317,Normal
337,1775618639,3600,50.4809,Normal
337,1775618699,3600,16.9572,Normal
337,1775618759,3600,52.3554,Normal
337,1775618819,3600,6.0218,Normal
337,1775618879,3600,79.3391,Normal
337,1775618939,3600,136.3873,Normal
337,1775618999,3600,158.0797,Normal
337,1775619059,3600,144.5911,Normal
337,1775619119,3600,120.0202,Normal
337,1775619179,3600,107.6454,Normal
337,1775619239,3600,92.3669,Normal
337,1775619299,3600,84.0646,Normal
337,1775619359,3600,61.9997,Normal
337,1775619419,3600,120.9454,Normal
337,1775619479,3600,66.131,Normal
337,1775619539,3600,93.5814,Normal
337,1775619599,3600,62.5002,Normal
337,1775619659,3600,72.0439,Normal
337,1775619719,3600,60.3046,Normal
337,1775619779,3600,67.897,Normal
337,1775619839,3600,79.2816,Normal
337,1775619899,3600,38.231,Normal
337,1775619959,3600,35.2948,Normal
337,1775620019,3600,9.4837,Normal
337,1775620079,3600,35.5792,Normal
337,1775620139,3600,24.0743,Normal
337,1775620199,3600,7.7136,Normal
337,1775620259,3600,29.7678,Normal
337,1775620319,3600,26.5545,Normal
337,1775620379,3600,36.6355,Normal
337,1775620439,3600,82.8853,Normal
337,1775620499,3600,136.6397,Normal
337,1775620559,3600,149.2705,Normal
337,1775620619,3600,157.5747,Normal
337,1775620679,3600,198.1387,Normal
337,1775620739,3600,185.8905,Normal
337,1775620799,3600,185.3221,Normal
337,1775620859,3600,177.4001,Normal
337,1775620919,3600,198.5882,Normal
337,1775620979,3600,175.2895,Normal
337,1775621039,3600,142.8636,Normal
337,1775621099,3600,107.202,Normal
337,1775621159,3600,77.1359,Normal
337,1775621219,3600,66.1377,Normal
337,1775621279,3600,53.4391,Normal
337,1775621339,3600,63.8865,Normal
337,1775621399,3600,74.2944,Normal
337,1775621459,3600,56.5054,Normal
337,1775621519,3600,63.4792,Normal
337,1775621579,3600,91.6848,Normal
337,1775621639,3600,87.8272,Normal
337,1775621699,3600,100.8497,Normal
337,1775621759,3600,128.9581,Normal
337,1775621819,3600,154.9981,Normal
337,1775621879,3600,179.2162,Normal
337,1775621939,3600,222.1966,Normal
337,1775621999,3600,218.3635,Normal
337,1775622059,3600,209.099,Normal
337,1775622119,3600,213.1126,Normal
337,1775622179,3600,249.0693,Elevated
337,1775622239,3600,277.8587,Elevated
337,1775622299,3600,284.1238,Elevated
337,1775622359,3600,348.9786,High
337,1775622419,3600,317.9294,High
337,1775622479,3600,333.1096,High
337,1775622539,3600,345.1129,High
337,1775622599,3600,350.5666,High
337,1775622659,3600,352.9824,High
337,1775622719,3600,343.6169,High
337,1775622779,3600,336.2937,High
337,1775622839,3600,284.5528,Elevated
337,1775622899,3600,253.6235,Elevated
337,1775622959,3600,199.409,Normal
337,1775623019,3600,206.985,Normal
337,1775623079,3600,137.9761,Normal
337,1775623139,3600,140.5988,Normal
337,1775623199,3600,127.2354,Normal
337,1775623259,3600,154.9106,Normal
337,1775623319,3600,169.2185,Normal
337,1775623379,3600,189.3168,Normal
337,1775623439,3600,156.7191,Normal
337,1775623499,3600,114.4789,Normal
337,1775623559,3600,115.14,Normal
337,1775623619,3600,114.8176,Normal
337,1775623679,3600,111.5481,Normal
337,1775623739,3600,120.3641,Normal
337,1775623799,3600,135.1587,Normal
337,1775623859,3600,120.7179,Normal
337,1775623919,3600,130.6387,Normal
337,1775623979,3600,126.1058,Normal
337,1775624039,3600,134.6826,Normal
337,1775624099,3600,107.6036,Normal
337,1775624159,3600,140.8603,Normal
337,1775624219,3600,152.6935,Normal
337,1775624279,3600,102.5203,Normal
337,1775624339,3600,93.2874,Normal
337,1775624399,3600,101.1189,Normal
337,1775624459,3600,102.9383,Normal
337,1775624519,3600,113.4627,Normal
337,1775624579,3600,132.6346,Normal
337,1775624639,3600,129.61,Normal
337,1775624699,3600,149.999,Normal
337,1775624759,3600,192.6623,Normal
337,1775624819,3600,175.5745,Normal
337,1775624879,3600,169.2006,Normal
337,1775624939,3600,165.0167,Normal
337,1775624999,3600,183.1337,Normal
337,1775625059,3600,157.4487,Normal
337,1775625119,3600,172.6469,Normal
337,1775625179,3600,176.5293,Normal
337,1775625239,3600,155.9601,Normal
337,1775625299,3600,144.7061,Normal
337,1775625359,3600,131.6489,Normal
337,1775625419,3600,118.4152,Normal
337,1775625479,3600,104.8888,Normal
337,1775625539,3600,63.3265,Normal
337,1775625599,3600,54.0702,Normal
337,1775625659,3600,37.4948,Normal
337,1775625719,3600,54.4843,Normal
337,1775625779,3600,21.9757,Normal
337,1775625839,3600,21.3761,Normal
337,1775625899,3600,17.2755,Normal
337,1775625959,3600,53.0704,Normal
337,1775626019,3600,74.8032,Normal
337,1775626079,3600,55.6351,Normal
337,1775626139,3600,72.0103,Normal
337,1775626199,3600,80.2464,Normal
337,1775626259,3600,89.3122,Normal
337,1775626319,3600,58.4937,Normal
337,1775626379,3600,27.1469,Normal
337,1775626439,3600,10.9579,Normal
337,1775626499,3600,17.193,Normal
337,1775626559,3600,40.0395,Normal
337,1775626619,3600,71.1821,Normal
337,1775626679,3600,100.8381,Normal
337,1775626739,3600,143.1116,Normal
337,1775626799,3600,148.845,Normal
337,1775626859,3600,159.6253,Normal
337,1775626919,3600,127.3479,Normal
337,1775626979,3600,118.6156,Normal
337,1775627039,3600,109.1089,Normal
337,1775627099,3600,153.6142,Normal
337,1775627159,3600,151.4238,Normal
337,1775627219,3600,152.796,Normal
337,1775627279,3600,138.1902,Normal
337,1775627339,3600,101.9424,Normal
337,1775627399,3600,137.0563,Normal
337,1775627459,3600,135.1636,Normal
337,1775627519,3600,115.9929,Normal
337,1775627579,3600,141.1769,Normal
337,1775627639,3600,130.6734,Normal
337,1775627699,3600,132.5461,Normal
337,1775627759,3600,105.5779,Normal
337,1775627819,3600,54.117,Normal
337,1775627879,3600,74.79,Normal
337,1775627939,3600,57.6445,Normal
337,1775627999,3600,34.2445,Normal
337,1775628059,3600,6.3075,Normal
337,1775628119,3600,7.1103,Normal
337,1775628179,3600,4.2084,Normal
337,1775628239,3600,45.8013,Normal
337,1775628299,3600,64.5601,Normal
337,1775628359,3600,63.2741,Normal
337,1775628419,3600,75.9775,Normal
337,1775628479,3600,83.0251,Normal
337,1775628539,3600,93.1498,Normal
337,1775628599,3600,106.3947,Normal
337,1775628659,3600,151.0806,Normal
337,1775628719,3600,140.0246,Normal
337,1775628779,3600,133.8728,Normal
337,1775628839,3600,127.7906,Normal
337,1775628899,3600,137.8189,Normal
337,1775628959,3600,149.9445,Normal
337,1775629019,3600,116.7139,Normal
337,1775629079,3600,100.593,Normal
337,1775629139,3600,126.5436,Normal
337,1775629199,3600,145.9107,Normal
337,1775629259,3600,177.5907,Normal
337,1775629319,3600,144.5007,Normal
337,1775629379,3600,178.1787,Normal
337,1775629439,3600,124.7161,Normal
337,1775629499,3600,160.6371,Normal
337,1775629559,3600,151.1736,Normal
337,1775629619,3600,179.1879,Normal
337,1775629679,3600,169.6066,Normal
337,1775629739,3600,176.0952,Normal
337,1775629799,3600,173.5885,Normal
337,1775629859,3600,203.4933,Normal
337,1775629919,3600,181.8619,Normal
337,1775629979,3600,142.1456,Normal
337,1775630039,3600,141.4032,Normal
337,1775630099,3600,123.295,Normal
337,1775630159,3600,122.9845,Normal
337,1775630219,3600,134.517,Normal
337,1775630279,3600,148.843,Normal
337,1775630339,3600,103.7702,Normal
337,1775630399,3600,92.6068,Normal
337,1775630459,3600,79.1318,Normal
337,1775630519,3600,131.0143,Normal
337,1775630579,3600,123.3809,Normal
337,1775630639,3600,168.3641,Normal
337,1775630699,3600,147.4537,Normal
337,1775630759,3600,127.9875,Normal
337,1775630819,3600,135.3417,Normal
337,1775630879,3600,130.0134,Normal
337,1775630939,3600,174.1414,Normal
337,1775630999,3600,160.1596,Normal
337,1775631059,3600,165.2399,Normal
337,1775631119,3600,193.6674,Normal
337,1775631179,3600,177.3346,Normal
337,1775631239,3600,202.0534,Normal
337,1775631299,3600,208.9544,Normal
337,1775631359,3600,192.081,Normal
337,1775631419,3600,211.6897,Normal
337,1775631479,3600,217.3459,Normal
337,1775631539,3600,199.0652,Normal
337,1775631599,3600,205.98,Normal
337,1775631659,3600,253.3065,Elevated
337,1775631719,3600,212.8838,Normal
337,1775631779,3600,185.8059,Normal
337,1775631839,3600,173.924,Normal
337,1775631899,3600,215.4485,Normal
337,1775631959,3600,202.0694,Normal
337,1775632019,3600,193.197,Normal
337,1775632079,3600,207.1681,Normal
337,1775632139,3600,216.3824,Normal
337,1775632199,3600,212.5556,Normal
337,1775632259,3600,192.7817,Normal
337,1775632319,3600,194.1441,Normal
337,1775632379,3600,194.796,Normal
337,1775632439,3600,219.1516,Normal
337,1775632499,3600,185.0989,Normal
337,1775632559,3600,165.2494,Normal
337,1775632619,3600,208.5343,Normal
337,1775632679,3600,245.5296,Elevated
337,1775632739,3600,215.5529,Normal
337,1775632799,3600,209.5042,Normal
337,1775632859,3600,152.0433,Normal
337,1775632919,3600,198.3886,Normal
337,1775632979,3600,180.8259,Normal
337,1775633039,3600,251.1208,Elevated
337,1775633099,3600,252.4378,Elevated
337,1775633159,3600,248.2697,Elevated
337,1775633219,3600,233.0383,Normal
337,1775633279,3600,244.9087,Elevated
337,1775633339,3600,274.0981,Elevated
337,1775633399,3600,282.8207,Elevated
337,1775633459,3600,256.8026,Elevated
337,1775633519,3600,249.4593,Elevated
337,1775633579,3600,267.1473,Elevated
337,1775633639,3600,231.3196,Normal
337,1775633699,3600,239.909,Normal
337,1775633759,3600,233.2034,Normal
337,1775633819,3600,218.5885,Normal
337,1775633879,3600,205.8413,Normal
337,1775633939,3600,222.9403,Normal
337,1775633999,3600,224.1965,Normal
337,1775634059,3600,220.3297,Normal
337,1775634119,3600,204.9975,Normal
337,1775634179,3600,197.8662,Normal
337,1775634239,3600,190.7619,Normal
337,1775634299,3600,197.914,Normal
337,1775634359,3600,194.6457,Normal
337,1775634419,3600,147.3485,Normal
337,1775634479,3600,147.8133,Normal
337,1775634539,3600,109.7648,Normal
337,1775634599,3600,113.6013,Normal
337,1775634659,3600,125.0208,Normal
337,1775634719,3600,119.7394,Normal
337,1775634779,3600,151.3562,Normal
337,1775634839,3600,132.66,Normal
337,1775634899,3600,121.8663,Normal
337,1775634959,3600,143.646,Normal
337,1775635019,3600,140.0536,Normal
337,1775635079,3600,118.6871,Normal
337,1775635139,3600,92.7893,Normal
337,1775635199,3600,95.5898,Normal
337,1775635259,3600,49.4785,Normal
337,1775635319,3600,70.6053,Normal
337,1775635379,3600,116.0694,Normal
337,1775635439,3600,142.7422,Normal
337,1775635499,3600,74.2613,Normal
337,1775635559,3600,70.1671,Normal
337,1775635619,3600,78.1941,Normal
337,1775635679,3600,103.3298,Normal
337,1775635739,3600,48.155,Normal
337,1775635799,3600,22.6941,Normal
337,1775635859,3600,42.254,Normal
337,1775635919,3600,63.1492,Normal
337,1775635979,3600,94.9695,Normal
337,1775636039,3600,70.4858,Normal
337,1775636099,3600,87.2338,Normal
337,1775636159,3600,76.635,Normal
337,1775636219,3600,41.3854,Normal
337,1775636279,3600,25.0134,Normal
337,1775636339,3600,13.9528,Normal
337,1775636399,3600,16.0092,Normal
337,1775636459,3600,34.7767,Normal
337,1775636519,3600,3.0172,Normal
337,1775636579,3600,38.8115,Normal
337,1775636639,3600,14.8956,Normal
337,1775636699,3600,24.8472,Normal
337,1775636759,3600,21.036,Normal
337,1775636819,3600,38.8392,Normal
337,1775636879,3600,33.9128,Normal
337,1775636939,3600,2.623,Normal
337,1775636999,3600,9.3973,Normal
337,1775637059,3600,16.9733,Normal
337,1775637119,3600,16.5251,Normal
337,1775637179,3600,8.5033,Normal
337,1775637239,3600,19.4917,Normal
337,1775637299,3600,57.7944,Normal
337,1775637359,3600,48.6726,Normal
337,1775637419,3600,25.2788,Normal
337,1775637479,3600,31.3284,Normal
337,1775637539,3600,6.8639,Normal
337,1775637599,3600,14.9732,Normal
337,1775637659,3600,27.1101,Normal
337,1775637719,3600,14.2977,Normal
337,1775637779,3600,6.6153,Normal
337,1775637839,3600,8.4322,Normal
337,1775637899,3600,5.5451,Normal
337,1775637959,3600,31.8515,Normal
337,1775638019,3600,65.6399,Normal
337,1775638079,3600,76.8051,Normal
337,1775638139,3600,140.2822,Normal
337,1775638199,3600,134.7143,Normal
337,1775638259,3600,129.5667,Normal
337,1775638319,3600,109.9063,Normal
337,1775638379,3600,61.6896,Normal
337,1775638439,3600,46.2954,Normal
337,1775638499,3600,61.4524,Normal
337,1775638559,3600,47.7506,Normal
337,1775638619,3600,26.5233,Normal
337,1775638679,3600,26.9317,Normal
337,1775638739,3600,89.1937,Normal
337,1775638799,3600,67.9608,Normal
337,1775638859,3600,43.9765,Normal
337,1775638919,3600,62.4018,Normal
337,1775638979,3600,33.1,Normal
337,1775639039,3600,24.1874,Normal
337,1775639099,3600,17.1331,Normal
337,1775639159,3600,4.4842,Normal
337,1775639219,3600,25.2563,Normal
337,1775639279,3600,76.3106,Normal
337,1775639339,3600,46.7434,Normal
337,1775639399,3600,27.201,Normal
337,1775639459,3600,28.0724,Normal
337,1775639519,3600,85.1523,Normal
337,1775639579,3600,133.8609,Normal
337,1775639639,3600,84.1796,Normal
337,1775639699,3600,98.8478,Normal
337,1775639759,3600,63.2921,Normal
337,1775639819,3600,39.7002,Normal
337,1775639879,3600,24.483,Normal
337,1775639939,3600,6.8714,Normal
337,1775639999,3600,4.4907,Normal
337,1775640059,3600,6.1702,Normal
337,1775640119,3600,26.898,Normal
337,1775640179,3600,42.0002,Normal
337,1775640239,3600,57.0254,Normal
337,1775640299,3600,86.7842,Normal
337,1775640359,3600,53.9133,Normal
337,1775640419,3600,47.3722,Normal
337,1775640479,3600,28.7937,Normal
337,1775640539,3600,0.6987,Normal
337,1775640599,3600,12.8311,Normal
337,1775640659,3600,2.2597,Normal
337,1775640719,3600,15.5926,Normal
337,1775640779,3600,25.677,Normal
337,1775640839,3600,1.8431,Normal
337,1775640899,3600,33.0827,Normal
337,1775640959,3600,55.787,Normal
337,1775641019,3600,35.9179,Normal
337,1775641079,3600,9.4592,Normal
337,1775641139,3600,4.4138,Normal
337,1775641199,3600,16.5991,Normal
337,1775641259,3600,72.6408,Normal
337,1775641319,3600,3.0923,Normal
337,1775641379,3600,7.8478,Normal
337,1775641439,3600,18.8485,Normal
337,1775641499,3600,14.0569,Normal
337,1775641559,3600,60.3696,Normal
337,1775641619,3600,92.6618,Normal
337,1775641679,3600,110.6668,Normal
337,1775641739,3600,116.699,Normal
337,1775641799,3600,109.3295,Normal
337,1775641859,3600,133.7226,Normal
337,1775641919,3600,126.5889,Normal
337,1775641979,3600,109.4697,Normal
337,1775642039,3600,71.3582,Normal
337,1775642099,3600,85.4549,Normal
337,1775642159,3600,70.6653,Normal
337,1775642219,3600,69.2005,Normal
337,1775642279,3600,86.629,Normal
337,1775642339,3600,69.3286,Normal
337,1775642399,3600,27.0975,Normal
337,1775642459,3600,3.0652,Normal
337,1775642519,3600,8.7747,Normal
337,1775642579,3600,32.5703,Normal
337,1775642639,3600,56.6368,Normal
337,1775642699,3600,7.6064,Normal
337,1775642759,3600,19.8112,Normal
337,1775642819,3600,65.8231,Normal
337,1775642879,3600,56.3441,Normal
337,1775642939,3600,56.8554,Normal
337,1775642999,3600,48.0569,Normal
337,1775643059,3600,10.0746,Normal
337,1775643119,3600,24.5664,Normal
337,1775643179,3600,61.0162,Normal
337,1775643239,3600,27.0756,Normal
337,1775643299,3600,80.2649,Normal
337,1775643359,3600,38.1629,Normal
337,1775643419,3600,37.124,Normal
337,1775643479,3600,10.4848,Normal
337,1775643539,3600,25.2573,Normal
337,1775643599,3600,25.5659,Normal
337,1775643659,3600,14.5323,Normal
337,1775643719,3600,30.7531,Normal
337,1775643779,3600,7.4982,Normal
337,1775643839,3600,18.9257,Normal
337,1775643899,3600,22.5413,Normal
337,1775643959,3600,25.8732,Normal
337,1775644019,3600,10.2316,Normal
337,1775644079,3600,0.6101,Normal
337,1775644139,3600,13.8996,Normal
337,1775644199,3600,40.8021,Normal
337,1775644259,3600,12.3227,Normal
337,1775644319,3600,45.7405,Normal
337,1775644379,3600,51.2414,Normal
337,1775644439,3600,20.7286,Normal
337,1775644499,3600,8.9122,Normal
337,1775644559,3600,17.6993,Normal
337,1775644619,3600,6.8769,Normal
337,1775644679,3600,40.2174,Normal
337,1775644739,3600,40.0225,Normal
337,1775644799,3600,70.631,Normal
337,1775644859,3600,130.2991,Normal
337,1775644919,3600,110.6092,Normal
337,1775644979,3600,93.9978,Normal
337,1775645039,3600,104.3825,Normal
337,1775645099,3600,103.5347,Normal
337,1775645159,3600,112.8764,Normal
337,1775645219,3600,123.6973,Normal
337,1775645279,3600,92.1464,Normal
337,1775645339,3600,122.1234,Normal
337,1775645399,3600,110.4907,Normal
337,1775645459,3600,112.6045,Normal
337,1775645519,3600,135.4118,Normal
337,1775645579,3600,118.8704,Normal
337,1775645639,3600,124.6972,Normal
337,1775645699,3600,115.8007,Normal
337,1775645759,3600,116.3508,Normal
337,1775645819,3600,111.4605,Normal
337,1775645879,3600,31.3923,Normal
337,1775645939,3600,68.2386,Normal
337,1775645999,3600,125.3492,Normal
337,1775646059,3600,113.2114,Normal
337,1775646119,3600,115.0867,Normal
337,1775646179,3600,63.3046,Normal
337,1775646239,3600,66.1484,Normal
337,1775646299,3600,89.3924,Normal
337,1775646359,3600,70.7356,Normal
337,1775646419,3600,107.4629,Normal
337,1775646479,3600,56.7544,Normal
337,1775646539,3600,79.1273,Normal
337,1775646599,3600,68.5731,Normal
337,1775646659,3600,27.9099,Normal
337,1775646719,3600,39.5754,Normal
337,1775646779,3600,74.3707,Normal
337,1775646839,3600,58.9585,Normal
337,1775646899,3600,127.2859,Normal
337,1775646959,3600,123.9193,Normal
337,1775647019,3600,99.6807,Normal
337,1775647079,3600,95.5575,Normal
337,1775647139,3600,125.4647,Normal
337,1775647199,3600,135.0894,Normal
337,1775647259,3600,123.6752,Normal
337,1775647319,3600,97.4892,Normal
337,1775647379,3600,67.9447,Normal
337,1775647439,3600,84.2488,Normal
337,1775647499,3600,93.2949,Normal
337,1775647559,3600,120.5371,Normal
337,1775647619,3600,127.0748,Normal
337,1775647679,3600,111.5733,Normal
337,1775647739,3600,137.506,Normal
337,1775647799,3600,128.1789,Normal
337,1775647859,3600,185.4791,Normal
337,1775647919,3600,176.3465,Normal
337,1775647979,3600,202.2353,Normal
337,1775648039,3600,238.6463,Normal
337,1775648099,3600,245.6775,Elevated
337,1775648159,3600,264.6316,Elevated
337,1775648219,3600,223.7127,Normal
337,1775648279,3600,236.0326,Normal
337,1775648339,3600,192.0933,Normal
337,1775648399,3600,190.7511,Normal
337,1775648459,3600,149.5262,Normal
337,1775648519,3600,109.1339,Normal
337,1775648579,3600,98.2472,Normal
337,1775648639,3600,74.4881,Normal
337,1775648699,3600,74.8794,Normal
337,1775648759,3600,37.1147,Normal
337,1775648819,3600,3.7455,Normal
337,1775648879,3600,4.786,Normal
337,1775648939,3600,23.1588,Normal
337,1775648999,3600,44.8317,Normal
337,1775649059,3600,30.8865,Normal
337,1775649119,3600,45.5732,Normal
337,1775649179,3600,50.4836,Normal
337,1775649239,3600,49.6925,Normal
337,1775649299,3600,61.3728,Normal
337,1775649359,3600,67.667,Normal
337,1775649419,3600,69.3358,Normal
337,1775649479,3600,105.0598,Normal
337,1775649539,3600,106.7277,Normal
337,1775649599,3600,89.9345,Normal
337,1775649659,3600,87.6464,Normal
337,1775649719,3600,106.0425,Normal
337,1775649779,3600,135.942,Normal
337,1775649839,3600,138.7771,Normal
337,1775649899,3600,151.6674,Normal
337,1775649959,3600,191.2217,Normal
337,1775650019,3600,212.7615,Normal
337,1775650079,3600,238.0134,Normal
337,1775650139,3600,210.9019,Normal
337,1775650199,3600,209.5154,Normal
337,1775650259,3600,193.053,Normal
337,1775650319,3600,175.8716,Normal
337,1775650379,3600,179.9591,Normal
337,1775650439,3600,165.985,Normal
337,1775650499,3600,113.0117,Normal
337,1775650559,3600,107.1149,Normal
337,1775650619,3600,116.1195,Normal
337,1775650679,3600,95.1563,Normal
337,1775650739,3600,47.8477,Normal
337,1775650799,3600,59.7058,Normal
337,1775650859,3600,59.4993,Normal
337,1775650919,3600,56.3054,Normal
337,1775650979,3600,65.343,Normal
337,1775651039,3600,64.0324,Normal
337,1775651099,3600,9.6338,Normal
337,1775651159,3600,6.3673,Normal
337,1775651219,3600,18.8904,Normal
337,1775651279,3600,11.3335,Normal
337,1775651339,3600,16.2451,Normal
337,1775651399,3600,13.8557,Normal
337,1775651459,3600,55.2371,Normal
337,1775651519,3600,83.3643,Normal
337,1775651579,3600,109.9529,Normal
337,1775651639,3600,125.1404,Normal
337,1775651699,3600,160.4415,Normal
337,1775651759,3600,168.6872,Normal
337,1775651819,3600,145.8162,Normal
337,1775651879,3600,178.5293,Normal
337,1775651939,3600,129.8663,Normal
337,1775651999,3600,115.9072,Normal
337,1775652059,3600,98.6992,Normal
337,1775652119,3600,73.8773,Normal
337,1775652179,3600,46.548,Normal
337,1775652239,3600,43.1793,Normal
337,1775652299,3600,34.4418,Normal
337,1775652359,3600,34.1127,Normal
337,1775652419,3600,39.0706,Normal
337,1775652479,3600,8.2852,Normal
337,1775652539,3600,26.3817,Normal
337,1775652599,3600,32.8025,Normal
337,1775652659,3600,9.4358,Normal
337,1775652719,3600,43.5692,Normal
337,1775652779,3600,8.9617,Normal
337,1775652839,3600,27.0256,Normal
337,1775652899,3600,48.0157,Normal
337,1775652959,3600,61.7092,Normal
337,1775653019,3600,27.1998,Normal
337,1775653079,3600,24.185,Normal
337,1775653139,3600,38.1461,Normal
337,1775653199,3600,74.9639,Normal
337,1775653259,3600,106.4495,Normal
337,1775653319,3600,90.6715,Normal
337,1775653379,3600,82.4747,Normal
337,1775653439,3600,86.5822,Normal
337,1775653499,3600,100.8216,Normal
337,1775653559,3600,72.0672,Normal
337,1775653619,3600,26.0782,Normal
337,1775653679,3600,47.7034,Normal
337,1775653739,3600,67.6849,Normal
337,1775653799,3600,40.6714,Normal
337,1775653859,3600,39.4055,Normal
337,1775653919,3600,57.4885,Normal
337,1775653979,3600,50.2231,Normal
337,1775654039,3600,93.4034,Normal
337,1775654099,3600,113.6083,Normal
337,1775654159,3600,84.1045,Normal
337,1775654219,3600,77.8939,Normal
337,1775654279,3600,88.1885,Normal
337,1775654339,3600,97.7581,Normal
337,1775654399,3600,137.8516,Normal
337,1775654459,3600,141.1198,Normal
337,1775654519,3600,132.4686,Normal
337,1775654579,3600,125.174,Normal
337,1775654639,3600,128.7462,Normal
337,1775654699,3600,184.3047,Normal
337,1775654759,3600,184.4841,Normal
337,1775654819,3600,178.6584,Normal
337,1775654879,3600,187.6126,Normal
337,1775654939,3600,220.7718,Normal
337,1775654999,3600,207.5073,Normal
337,1775655059,3600,225.9966,Normal
337,1775655119,3600,226.2015,Normal
337,1775655179,3600,197.0555,Normal
337,1775655239,3600,173.2543,Normal
337,1775655299,3600,201.3138,Normal
337,1775655359,3600,161.6834,Normal
337,1775655419,3600,196.6633,Normal
337,1775655479,3600,206.1831,Normal
337,1775655539,3600,152.3645,Normal
337,1775655599,3600,108.5922,Normal
337,1775655659,3600,73.3219,Normal
337,1775655719,3600,70.7185,Normal
337,1775655779,3600,85.2734,Normal
337,1775655839,3600,65.9587,Normal
337,1775655899,3600,51.1595,Normal
337,1775655959,3600,65.1396,Normal
337,1775656019,3600,107.9317,Normal
337,1775656079,3600,33.2421,Normal
337,1775656139,3600,12.3487,Normal
337,1775656199,3600,30.0556,Normal
337,1775656259,3600,14.3289,Normal
337,1775656319,3600,67.1405,Normal
337,1775656379,3600,63.2925,Normal
337,1775656439,3600,30.902,Normal
337,1775656499,3600,1.176,Normal
337,1775656559,3600,1.6525,Normal
337,1775656619,3600,28.966,Normal
337,1775656679,3600,30.6469,Normal
337,1775656739,3600,7.1655,Normal
337,1775656799,3600,80.0747,Normal
337,1775656859,3600,93.0564,Normal
337,1775656919,3600,148.257,Normal
337,1775656979,3600,148.8815,Normal
337,1775657039,3600,172.8675,Normal
337,1775657099,3600,200.7491,Normal
337,1775657159,3600,213.5553,Normal
337,1775657219,3600,199.8556,Normal
337,1775657279,3600,232.6063,Normal
337,1775657339,3600,248.3043,Elevated
337,1775657399,3600,215.0263,Normal
337,1775657459,3600,214.8669,Normal
337,1775657519,3600,207.873,Normal
337,1775657579,3600,204.138,Normal
337,1775657639,3600,264.0651,Elevated
337,1775657699,3600,267.9301,Elevated
337,1775657759,3600,267.4092,Elevated
337,1775657819,3600,234.7324,Normal
337,1775657879,3600,228.7842,Normal
337,1775657939,3600,252.9721,Elevated
337,1775657999,3600,307.3036,High
337,1775658059,3600,326.97,High
337,1775658119,3600,311.0272,High
337,1775658179,3600,305.9635,High
337,1775658239,3600,316.0385,High
337,1775658299,3600,347.7786,High
337,1775658359,3600,339.6264,High
337,1775658419,3600,300.7674,High
337,1775658479,3600,334.2348,High
337,1775658539,3600,374.5369,High
337,1775658599,3600,373.1364,High
337,1775658659,3600,359.0054,High
337,1775658719,3600,328.0777,High
337,1775658779,3600,311.2788,High
337,1775658839,3600,319.7294,High
337,1775658899,3600,326.8934,High
337,1775658959,3600,285.5022,Elevated
337,1775659019,3600,283.6493,Elevated
337,1775659079,3600,331.0128,High
337,1775659139,3600,256.3625,Elevated
337,1775659199,3600,201.0223,Normal
337,1775659259,3600,191.2009,Normal
337,1775659319,3600,188.1395,Normal
337,1775659379,3600,232.8614,Normal
337,1775659439,3600,225.5559,Normal
337,1775659499,3600,205.2346,Normal
337,1775659559,3600,227.4377,Normal
337,1775659619,3600,278.7997,Elevated
337,1775659679,3600,246.1493,Elevated
337,1775659739,3600,234.4819,Normal
337,1775659799,3600,257.0708,Elevated
337,1775659859,3600,272.4229,Elevated
337,1775659919,3600,298.5321,High
337,1775659979,3600,293.3049,High
337,1775660039,3600,274.8928,Elevated
337,1775660099,3600,269.9171,Elevated
337,1775660159,3600,285.1739,Elevated
337,1775660219,3600,310.3105,High
337,1775660279,3600,290.1702,High
337,1775660339,3600,294.2055,High
337,1775660399,3600,248.7901,Elevated
337,1775660459,3600,217.3705,Normal
337,1775660519,3600,169.1785,Normal
337,1775660579,3600,149.484,Normal
337,1775660639,3600,125.6064,Normal
337,1775660699,3600,148.7524,Normal
337,1775660759,3600,131.632,Normal
337,1775660819,3600,139.2507,Normal
337,1775660879,3600,123.2567,Normal
337,1775660939,3600,141.3532,Normal
337,1775660999,3600,151.5864,Normal
337,1775661059,3600,124.2793,Normal
337,1775661119,3600,156.9506,Normal
337,1775661179,3600,161.7653,Normal
337,1775661239,3600,130.6075,Normal
337,1775661299,3600,108.7913,Normal
337,1775661359,3600,96.8946,Normal
337,1775661419,3600,92.3385,Normal
337,1775661479,3600,121.2646,Normal
337,1775661539,3600,92.9996,Normal
337,1775661599,3600,80.8293,Normal
337,1775661659,3600,56.1943,Normal
337,1775661719,3600,46.38,Normal
337,1775661779,3600,55.1103,Normal
337,1775661839,3600,15.5313,Normal
337,1775661899,3600,24.5927,Normal
337,1775661959,3600,23.2241,Normal
337,1775662019,3600,61.0953,Normal
337,1775662079,3600,62.0697,Normal
337,1775662139,3600,62.0049,Normal
337,1775662199,3600,66.4725,Normal
337,1775662259,3600,63.9651,Normal
337,1775662319,3600,66.9564,Normal
337,1775662379,3600,51.3342,Normal
337,1775662439,3600,7.1655,Normal
337,1775662499,3600,5.4254,Normal
337,1775662559,3600,2.7791,Normal
337,1775662619,3600,23.9677,Normal
337,1775662679,3600,21.3369,Normal
337,1775662739,3600,40.5532,Normal
337,1775662799,3600,109.4113,Normal
337,1775662859,3600,86.1688,Normal
337,1775662919,3600,83.0188,Normal
337,1775662979,3600,74.0255,Normal
337,1775663039,3600,30.1174,Normal
337,1775663099,3600,31.2567,Normal
337,1775663159,3600,8.715,Normal
337,1775663219,3600,32.6289,Normal
337,1775663279,3600,21.6551,Normal
337,1775663339,3600,30.7208,Normal
337,1775663399,3600,66.4034,Normal
337,1775663459,3600,50.7904,Normal
337,1775663519,3600,71.8085,Normal
337,1775663579,3600,45.9599,Normal
337,1775663639,3600,53.0447,Normal
337,1775663699,3600,79.422,Normal
337,1775663759,3600,80.1557,Normal
337,1775663819,3600,127.2273,Normal
337,1775663879,3600,122.5875,Normal
337,1775663939,3600,141.4313,Normal
337,1775663999,3600,139.1122,Normal
337,1775664059,3600,95.7983,Normal
337,1775664119,3600,114.0865,Normal
337,1775664179,3600,136.7834,Normal
337,1775664239,3600,88.5057,Normal
337,1775664299,3600,96.7334,Normal
337,1775664359,3600,112.3913,Normal
337,1775664419,3600,85.6357,Normal
337,1775664479,3600,63.0126,Normal
337,1775664539,3600,40.8032,Normal
337,1775664599,3600,26.1318,Normal
337,1775664659,3600,40.7219,Normal
337,1775664719,3600,44.0009,Normal
337,1775664779,3600,23.5473,Normal
337,1775664839,3600,10.1244,Normal
337,1775664899,3600,13.0925,Normal
337,1775664959,3600,2.7079,Normal
337,1775665019,3600,42.017,Normal
337,1775665079,3600,66.806,Normal
337,1775665139,3600,59.767,Normal
337,1775665199,3600,78.597,Normal
337,1775665259,3600,90.3613,Normal
337,1775665319,3600,104.4986,Normal
337,1775665379,3600,88.6412,Normal
337,1775665439,3600,139.2318,Normal
337,1775665499,3600,89.4968,Normal
337,1775665559,3600,82.441,Normal
337,1775665619,3600,86.5198,Normal
337,1775665679,3600,52.6613,Normal
337,1775665739,3600,40.1532,Normal
337,1775665799,3600,16.5635,Normal
337,1775665859,3600,40.3364,Normal
337,1775665919,3600,89.2822,Normal
337,1775665979,3600,109.2963,Normal
337,1775666039,3600,137.2871,Normal
337,1775666099,3600,125.9704,Normal
337,1775666159,3600,127.3147,Normal
337,1775666219,3600,113.3591,Normal
337,1775666279,3600,92.9252,Normal
337,1775666339,3600,89.0325,Normal
337,1775666399,3600,70.0233,Normal
337,1775666459,3600,91.0607,Normal
337,1775666519,3600,76.2704,Normal
337,1775666579,3600,82.4837,Normal
337,1775666639,3600,84.4801,Normal
337,1775666699,3600,89.9071,Normal
337,1775666759,3600,101.6318,Normal
337,1775666819,3600,131.6629,Normal
337,1775666879,3600,66.3359,Normal
337,1775666939,3600,81.1707,Normal
337,1775666999,3600,106.169,Normal
337,1775667059,3600,89.3379,Normal
337,1775667119,3600,116.8785,Normal
337,1775667179,3600,119.8037,Normal
337,1775667239,3600,158.721,Normal
337,1775667299,3600,193.7593,Normal
337,1775667359,3600,155.3574,Normal
337,1775667419,3600,175.1266,Normal
337,1775667479,3600,189.3705,Normal
337,1775667539,3600,202.2354,Normal
337,1775667599,3600,220.7601,Normal
337,1775667659,3600,209.3947,Normal
337,1775667719,3600,221.9486,Normal
337,1775667779,3600,236.4432,Normal
337,1775667839,3600,213.7341,Normal
337,1775667899,3600,217.1438,Normal
337,1775667959,3600,202.713,Normal
337,1775668019,3600,134.4081,Normal
337,1775668079,3600,146.3913,Normal
337,1775668139,3600,145.8663,Normal
337,1775668199,3600,125.0572,Normal
337,1775668259,3600,141.0994,Normal
337,1775668319,3600,125.0052,Normal
337,1775668379,3600,74.2118,Normal
337,1775668439,3600,34.1961,Normal
337,1775668499,3600,32.862,Normal
337,1775668559,3600,5.9015,Normal
337,1775668619,3600,26.0835,Normal
337,1775668679,3600,85.6839,Normal
337,1775668739,3600,68.8963,Normal
337,1775668799,3600,130.4183,Normal
337,1775668859,3600,126.7956,Normal
337,1775668919,3600,168.8011,Normal
337,1775668979,3600,135.8321,Normal
337,1775669039,3600,184.8167,Normal
337,1775669099,3600,174.2366,Normal
337,1775669159,3600,177.2152,Normal
337,1775669219,3600,185.7563,Normal
337,1775669279,3600,151.0255,Normal
337,1775669339,3600,158.7784,Normal
337,1775669399,3600,199.5139,Normal
337,1775669459,3600,202.7546,Normal
337,1775669519,3600,245.3924,Elevated
337,1775669579,3600,279.8518,Elevated
337,1775669639,3600,290.4711,High
337,1775669699,3600,309.1418,High
337,1775669759,3600,303.7533,High
337,1775669819,3600,282.45,Elevated
337,1775669879,3600,289.1115,High
337,1775669939,3600,275.2803,Elevated
337,1775669999,3600,266.901,Elevated
337,1775670059,3600,263.1248,Elevated
337,1775670119,3600,273.0255,Elevated
337,1775670179,3600,284.4296,Elevated
337,1775670239,3600,258.0253,Elevated
337,1775670299,3600,266.833,Elevated
337,1775670359,3600,282.5376,Elevated
337,1775670419,3600,302.5768,High
337,1775670479,3600,229.3086,Normal
337,1775670539,3600,249.1049,Elevated
337,1775670599,3600,257.1643,Elevated
337,1775670659,3600,242.3535,Normal
337,1775670719,3600,263.6291,Elevated
337,1775670779,3600,286.2189,Elevated
337,1775670839,3600,279.2463,Elevated
337,1775670899,3600,292.6223,High
337,1775670959,3600,262.1874,Elevated
337,1775671019,3600,236.8887,Normal
337,1775671079,3600,236.285,Normal
337,1775671139,3600,243.925,Elevated
337,1775671199,3600,240.8989,Normal
337,1775671259,3600,213.1376,Normal
337,1775671319,3600,218.0736,Normal
337,1775671379,3600,223.1802,Normal
337,1775671439,3600,209.9658,Normal
337,1775671499,3600,210.1958,Normal
337,1775671559,3600,167.8125,Normal
337,1775671619,3600,111.8472,Normal
337,1775671679,3600,141.128,Normal
337,1775671739,3600,193.3813,Normal
337,1775671799,3600,211.868,Normal
337,1775671859,3600,193.2606,Normal
337,1775671919,3600,197.525,Normal
337,1775671979,3600,140.3341,Normal
337,1775672039,3600,136.3017,Normal
337,1775672099,3600,103.2782,Normal
337,1775672159,3600,92.7824,Normal
337,1775672219,3600,85.233,Normal
337,1775672279,3600,72.1076,Normal
337,1775672339,3600,46.7671,Normal
337,1775672399,3600,8.4379,Normal
337,1775672459,3600,22.0624,Normal
337,1775672519,3600,15.4507,Normal
337,1775672579,3600,26.8829,Normal
337,1775672639,3600,18.4672,Normal
337,1775672699,3600,51.9287,Normal
337,1775672759,3600,77.7012,Normal
337,1775672819,3600,59.8342,Normal
337,1775672879,3600,12.8006,Normal
337,1775672939,3600,22.9114,Normal
337,1775672999,3600,98.3113,Normal
337,1775673059,3600,97.3255,Normal
337,1775673119,3600,114.2069,Normal
337,1775673179,3600,119.8466,Normal
337,1775673239,3600,173.2694,Normal
337,1775673299,3600,196.3321,Normal
337,1775673359,3600,179.9009,Normal
337,1775673419,3600,192.2578,Normal
337,1775673479,3600,165.2337,Normal
337,1775673539,3600,143.4301,Normal
337,1775673599,3600,102.438,Normal
337,1775673659,3600,91.9303,Normal
337,1775673719,3600,143.8793,Normal
337,1775673779,3600,108.0164,Normal
337,1775673839,3600,138.4453,Normal
337,1775673899,3600,144.8355,Normal
337,1775673959,3600,142.1517,Normal
337,1775674019,3600,143.3287,Normal
337,1775674079,3600,100.2696,Normal
337,1775674139,3600,98.506,Normal
337,1775674199,3600,70.0327,Normal
337,1775674259,3600,71.6966,Normal
337,1775674319,3600,88.7426,Normal
337,1775674379,3600,41.0812,Normal
337,1775674439,3600,11.3364,Normal
337,1775674499,3600,10.8421,Normal
337,1775674559,3600,3.3383,Normal
337,1775674619,3600,18.281,Normal
337,1775674679,3600,34.2859,Normal
337,1775674739,3600,36.4222,Normal
337,1775674799,3600,17.0865,Normal
337,1775674859,3600,56.9361,Normal
337,1775674919,3600,22.3333,Normal
337,1775674979,3600,6.231,Normal
337,1775675039,3600,4.8541,Normal
337,1775675099,3600,52.9701,Normal
337,1775675159,3600,98.9955,Normal
337,1775675219,3600,107.9221,Normal
337,1775675279,3600,101.891,Normal
337,1775675339,3600,40.4971,Normal
337,1775675399,3600,59.5929,Normal
337,1775675459,3600,55.6403,Normal
337,1775675519,3600,30.6899,Normal
337,1775675579,3600,69.645,Normal
337,1775675639,3600,64.6769,Normal
337,1775675699,3600,80.7427,Normal
337,1775675759,3600,66.8128,Normal
337,1775675819,3600,90.1917,Normal
337,1775675879,3600,61.2076,Normal
337,1775675939,3600,81.3863,Normal
337,1775675999,3600,83.8215,Normal
337,1775676059,3600,65.3706,Normal
337,1775676119,3600,55.054,Normal
337,1775676179,3600,85.0607,Normal
337,1775676239,3600,136.2094,Normal
337,1775676299,3600,153.4082,Normal
337,1775676359,3600,152.516,Normal
337,1775676419,3600,135.5055,Normal
337,1775676479,3600,123.6528,Normal
337,1775676539,3600,123.2933,Normal
337,1775676599,3600,132.2528,Normal
337,1775676659,3600,129.6983,Normal
337,1775676719,3600,139.2557,Normal
337,1775676779,3600,87.7816,Normal
337,1775676839,3600,163.7375,Normal
337,1775676899,3600,159.1183,Normal
337,1775676959,3600,165.6686,Normal
337,1775677019,3600,170.8418,Normal
337,1775677079,3600,148.8366,Normal
337,1775677139,3600,123.8002,Normal
337,1775677199,3600,124.7624,Normal
337,1775677259,3600,114.0848,Normal
337,1775677319,3600,150.1445,Normal
337,1775677379,3600,133.2465,Normal
337,1775677439,3600,169.0275,Normal
337,1775677499,3600,188.2405,Normal
337,1775677559,3600,193.7214,Normal
337,1775677619,3600,162.3966,Normal
337,1775677679,3600,186.3848,Normal
337,1775677739,3600,172.5727,Normal
337,1775677799,3600,147.0127,Normal
337,1775677859,3600,151.0456,Normal
337,1775677919,3600,141.5667,Normal
337,1775677979,3600,78.7334,Normal
337,1775678039,3600,72.3968,Normal
337,1775678099,3600,66.6052,Normal
337,1775678159,3600,37.7313,Normal
337,1775678219,3600,18.4425,Normal
337,1775678279,3600,23.1511,Normal
337,1775678339,3600,60.7333,Normal
337,1775678399,3600,36.9065,Normal
337,1775678459,3600,90.8653,Normal
337,1775678519,3600,80.1827,Normal
337,1775678579,3600,17.6509,Normal
337,1775678639,3600,25.0173,Normal
337,1775678699,3600,64.8766,Normal
337,1775678759,3600,79.5037,Normal
337,1775678819,3600,82.4888,Normal
337,1775678879,3600,61.9386,Normal
337,1775678939,3600,3.8118,Normal
337,1775678999,3600,33.5806,Normal
337,1775679059,3600,21.2557,Normal
337,1775679119,3600,27.4778,Normal
337,1775679179,3600,27.3528,Normal
337,1775679239,3600,20.7352,Normal
337,1775679299,3600,12.3085,Normal
337,1775679359,3600,10.2416,Normal
337,1775679419,3600,14.3463,Normal
337,1775679479,3600,28.9573,Normal
337,1775679539,3600,63.1758,Normal
337,1775679599,3600,44.0968,Normal
337,1775679659,3600,65.0227,Normal
337,1775679719,3600,43.4814,Normal
337,1775679779,3600,26.8343,Normal
337,1775679839,3600,15.0957,Normal
337,1775679899,3600,22.6995,Normal
337,1775679959,3600,8.7228,Normal
337,1775680019,3600,1.4476,Normal
337,1775680079,3600,15.0968,Normal
337,1775680139,3600,26.7346,Normal
337,1775680199,3600,35.3994,Normal
337,1775680259,3600,26.9748,Normal
337,1775680319,3600,51.51,Normal
337,1775680379,3600,23.1739,Normal
337,1775680439,3600,44.4392,Normal
337,1775680499,3600,62.3214,Normal
337,1775680559,3600,53.772,Normal
337,1775680619,3600,40.5746,Normal
337,1775680679,3600,70.5674,Normal
337,1775680739,3600,99.5882,Normal
337,1775680799,3600,121.3194,Normal
337,1775680859,3600,169.0381,Normal
337,1775680919,3600,170.6892,Normal
337,1775680979,3600,169.2543,Normal
337,1775681039,3600,158.6011,Normal
337,1775681099,3600,208.8817,Normal
337,1775681159,3600,220.2168,Normal
337,1775681219,3600,156.9647,Normal
337,1775681279,3600,224.4895,Normal
337,1775681339,3600,211.6898,Normal
337,1775681399,3600,204.4221,Normal
337,1775681459,3600,179.2953,Normal
337,1775681519,3600,195.7,Normal
337,1775681579,3600,194.6052,Normal
337,1775681639,3600,200.5059,Normal
337,1775681699,3600,186.6317,Normal
337,1775681759,3600,133.5253,Normal
337,1775681819,3600,47.5247,Normal
337,1775681879,3600,37.5629,Normal
337,1775681939,3600,8.3307,Normal
337,1775681999,3600,2.215,Normal
337,1775682059,3600,54.8544,Normal
337,1775682119,3600,84.3008,Normal
337,1775682179,3600,19.3972,Normal
337,1775682239,3600,32.424,Normal
337,1775682299,3600,39.4003,Normal
337,1775682359,3600,0.9943,Normal
337,1775682419,3600,11.4,Normal
337,1775682479,3600,16.53,Normal
337,1775682539,3600,1.4697,Normal
337,1775682599,3600,6.3996,Normal
337,1775682659,3600,14.1411,Normal
337,1775682719,3600,13.4711,Normal
337,1775682779,3600,8.7795,Normal
337,1775682839,3600,44.8253,Normal
337,1775682899,3600,50.1691,Normal
337,1775682959,3600,75.5149,Normal
337,1775683019,3600,111.6972,Normal
337,1775683079,3600,87.0669,Normal
337,1775683139,3600,110.9486,Normal
337,1775683199,3600,44.7001,Normal
337,1775683259,3600,103.3021,Normal
337,1775683319,3600,63.7155,Normal
337,1775683379,3600,68.8982,Normal
337,1775683439,3600,44.6593,Normal
337,1775683499,3600,54.0811,Normal
337,1775683559,3600,50.3373,Normal
337,1775683619,3600,41.7298,Normal
337,1775683679,3600,27.7333,Normal
337,1775683739,3600,0.0778,Normal
337,1775683799,3600,0.2042,Normal
337,1775683859,3600,52.4002,Normal
337,1775683919,3600,69.5904,Normal
337,1775683979,3600,55.8558,Normal
337,1775684039,3600,56.5956,Normal
337,1775684099,3600,16.1078,Normal
337,1775684159,3600,48.0332,Normal
337,1775684219,3600,48.7149,Normal
337,1775684279,3600,58.2981,Normal
337,1775684339,3600,30.3818,Normal
337,1775684399,3600,34.3658,Normal
337,1775684459,3600,29.8277,Normal
337,1775684519,3600,14.4338,Normal
337,1775684579,3600,15.8581,Normal
337,1775684639,3600,26.2234,Normal
337,1775684699,3600,44.6941,Normal
337,1775684759,3600,42.6828,Normal
337,1775684819,3600,1.0968,Normal
337,1775684879,3600,13.9973,Normal
337,1775684939,3600,24.7852,Normal
337,1775684999,3600,2.3434,Normal
337,1775685059,3600,23.2939,Normal
337,1775685119,3600,14.4908,Normal
337,1775685179,3600,15.7126,Normal
337,1775685239,3600,7.78,Normal
337,1775685299,3600,39.9428,Normal
337,1775685359,3600,15.3847,Normal
337,1775685419,3600,3.5596,Normal
337,1775685479,3600,0.0477,Normal
337,1775685539,3600,6.3242,Normal
337,1775685599,3600,31.591,Normal
337,1775685659,3600,61.005,Normal
337,1775685719,3600,12.4695,Normal
337,1775685779,3600,16.5001,Normal
337,1775685839,3600,0.946,Normal
337,1775685899,3600,26.4392,Normal
337,1775685959,3600,20.74,Normal
337,1775686019,3600,17.1926,Normal
337,1775686079,3600,33.9413,Normal
337,1775686139,3600,21.2683,Normal
337,1775686199,3600,24.1943,Normal
337,1775686259,3600,13.612,Normal
337,1775686319,3600,18.9122,Normal
337,1775686379,3600,33.558,Normal
337,1775686439,3600,71.9348,Normal
337,1775686499,3600,67.4683,Normal
337,1775686559,3600,49.0309,Normal
337,1775686619,3600,91.4758,Normal
337,1775686679,3600,93.2685,Normal
337,1775686739,3600,63.1589,Normal
337,1775686799,3600,0.5427,Normal
337,1775686859,3600,83.5777,Normal
337,1775686919,3600,55.3473,Normal
337,1775686979,3600,67.6584,Normal
337,1775687039,3600,73.8575,Normal
337,1775687099,3600,97.6588,Normal
337,1775687159,3600,91.1266,Normal
337,1775687219,3600,78.1349,Normal
337,1775687279,3600,91.8075,Normal
337,1775687339,3600,94.9374,Normal
337,1775687399,3600,158.7048,Normal
337,1775687459,3600,200.5976,Normal
337,1775687519,3600,233.0398,Normal
337,1775687579,3600,248.2131,Elevated
337,1775687639,3600,264.8131,Elevated
337,1775687699,3600,255.2162,Elevated
337,1775687759,3600,240.7471,Normal
337,1775687819,3600,264.0429,Elevated
337,1775687879,3600,306.3988,High
337,1775687939,3600,287.7762,Elevated
337,1775687999,3600,345.5773,High
337,1775688059,3600,313.1629,High
337,1775688119,3600,341.4277,High
337,1775688179,3600,329.0884,High
337,1775688239,3600,324.2807,High
337,1775688299,3600,274.6658,Elevated
337,1775688359,3600,239.6985,Normal
337,1775688419,3600,242.0416,Normal
337,1775688479,3600,255.8306,Elevated
337,1775688539,3600,263.213,Elevated
337,1775688599,3600,289.5513,High
337,1775688659,3600,296.4688,High
337,1775688719,3600,271.638,Elevated
337,1775688779,3600,286.2266,Elevated
337,1775688839,3600,298.4567,High
337,1775688899,3600,227.4721,Normal
337,1775688959,3600,203.6752,Normal
337,1775689019,3600,177.5851,Normal
337,1775689079,3600,155.3872,Normal
337,1775689139,3600,163.9363,Normal
337,1775689199,3600,134.9815,Normal
337,1775689259,3600,65.1916,Normal
337,1775689319,3600,59.8384,Normal
337,1775689379,3600,43.4399,Normal
337,1775689439,3600,82.4552,Normal
337,1775689499,3600,95.9805,Normal
337,1775689559,3600,74.275,Normal
337,1775689619,3600,129.4064,Normal
337,1775689679,3600,131.6049,Normal
337,1775689739,3600,110.7162,Normal
337,1775689799,3600,94.2673,Normal
337,1775689859,3600,113.8261,Normal
337,1775689919,3600,121.2279,Normal
337,1775689979,3600,104.1961,Normal
337,1775690039,3600,68.6399,Normal
337,1775690099,3600,102.7888,Normal
337,1775690159,3600,102.9818,Normal
337,1775690219,3600,94.684,Normal
337,1775690279,3600,81.9969,Normal
337,1775690339,3600,86.6225,Normal
337,1775690399,3600,115.4386,Normal
337,1775690459,3600,93.0733,Normal
337,1775690519,3600,115.0652,Normal
337,1775690579,3600,119.6813,Normal
337,1775690639,3600,89.4711,Normal
337,1775690699,3600,64.5829,Normal
337,1775690759,3600,88.3495,Normal
337,1775690819,3600,68.2567,Normal
337,1775690879,3600,50.763,Normal
337,1775690939,3600,15.1729,Normal
337,1775690999,3600,18.1296,Normal
337,1775691059,3600,0.9493,Normal
337,1775691119,3600,35.4002,Normal
337,1775691179,3600,13.9757,Normal
337,1775691239,3600,0.7072,Normal
337,1775691299,3600,11.0013,Normal
337,1775691359,3600,13.127,Normal
337,1775691419,3600,49.7,Normal
337,1775691479,3600,40.2215,Normal
337,1775691539,3600,18.0379,Normal
337,1775691599,3600,66.4878,Normal
337,1775691659,3600,53.3696,Normal
337,1775691719,3600,44.6797,Normal
337,1775691779,3600,51.8389,Normal
337,1775691839,3600,61.2359,Normal
337,1775691899,3600,41.657,Normal
337,1775691959,3600,3.2935,Normal
337,1775692019,3600,3.0706,Normal
337,1775692079,3600,41.1747,Normal
337,1775692139,3600,63.43,Normal
337,1775692199,3600,98.4323,Normal
337,1775692259,3600,112.0442,Normal
337,1775692319,3600,95.3774,Normal
337,1775692379,3600,122.3131,Normal
337,1775692439,3600,90.4002,Normal
337,1775692499,3600,64.3328,Normal
337,1775692559,3600,3.7781,Normal
337,1775692619,3600,9.5674,Normal
337,1775692679,3600,43.5808,Normal
337,1775692739,3600,75.4881,Normal
337,1775692799,3600,92.2482,Normal
